gate,block,minute,symbol,feature,nan_mismatch,max_rel
1a_full,micro,10,ADAUSDT,rskew_30,0,1.2381602687572268e-10
1a_full,micro,10,ADAUSDT,rskew_30_xrank,0,0.0
1a_full,micro,10,ADAUSDT,rkurt_30,0,1.1024147994476152e-07
1a_full,micro,10,ADAUSDT,rkurt_30_xrank,0,0.0
1a_full,micro,10,ADAUSDT,roll_30,0,0.0
1a_full,micro,10,ADAUSDT,roll_30_xrank,0,0.0
1a_full,micro,10,ADAUSDT,amihud_30,0,0.0
1a_full,micro,10,ADAUSDT,amihud_30_xrank,0,0.0
1a_full,micro,10,ADAUSDT,kyle_30,0,2.436135559946706e-08
1a_full,micro,10,ADAUSDT,kyle_30_xrank,0,0.0
1a_full,micro,10,ADAUSDT,vpin_30,0,0.0
1a_full,micro,10,ADAUSDT,vpin_30_xrank,0,0.0
1a_full,micro,10,ADAUSDT,jump_30,0,1.1044046788200035e-09
1a_full,micro,10,ADAUSDT,jump_30_xrank,0,0.0
1a_full,micro,10,ADAUSDT,vratio_30,0,0.0
1a_full,micro,10,ADAUSDT,vratio_30_xrank,0,0.0
1a_full,micro,10,ADAUSDT,cvd_slope_30,0,0.0
1a_full,micro,10,ADAUSDT,cvd_slope_30_xrank,0,0.0
1a_full,micro,10,ADAUSDT,signac_30,0,0.0
1a_full,micro,10,ADAUSDT,signac_30_xrank,0,0.0
1a_full,micro,10,ADAUSDT,sflow_30,0,0.0
1a_full,micro,10,ADAUSDT,sflow_30_xrank,0,0.0
1a_full,micro,10,ADAUSDT,rskew_120,0,0.0
1a_full,micro,10,ADAUSDT,rskew_120_xrank,0,0.0
1a_full,micro,10,ADAUSDT,rkurt_120,0,3.191459896356719e-08
1a_full,micro,10,ADAUSDT,rkurt_120_xrank,0,0.0
1a_full,micro,10,ADAUSDT,roll_120,0,0.0
1a_full,micro,10,ADAUSDT,roll_120_xrank,0,0.0
1a_full,micro,10,ADAUSDT,amihud_120,0,0.0
1a_full,micro,10,ADAUSDT,amihud_120_xrank,0,0.0
1a_full,micro,10,ADAUSDT,kyle_120,0,0.0
1a_full,micro,10,ADAUSDT,kyle_120_xrank,0,0.0
1a_full,micro,10,ADAUSDT,vpin_120,0,0.0
1a_full,micro,10,ADAUSDT,vpin_120_xrank,0,0.0
1a_full,micro,10,ADAUSDT,jump_120,0,0.0
1a_full,micro,10,ADAUSDT,jump_120_xrank,0,0.0
1a_full,micro,10,ADAUSDT,vratio_120,0,0.0
1a_full,micro,10,ADAUSDT,vratio_120_xrank,0,0.0
1a_full,micro,10,ADAUSDT,cvd_slope_120,0,0.0
1a_full,micro,10,ADAUSDT,cvd_slope_120_xrank,0,0.0
1a_full,micro,10,ADAUSDT,signac_120,0,0.0
1a_full,micro,10,ADAUSDT,signac_120_xrank,0,0.0
1a_full,micro,10,ADAUSDT,sflow_120,0,0.0
1a_full,micro,10,ADAUSDT,sflow_120_xrank,0,0.0
1a_full,micro,10,ADAUSDT,rskew_480,0,0.0
1a_full,micro,10,ADAUSDT,rskew_480_xrank,0,0.0
1a_full,micro,10,ADAUSDT,rkurt_480,0,4.766486583207552e-08
1a_full,micro,10,ADAUSDT,rkurt_480_xrank,0,0.0
1a_full,micro,10,ADAUSDT,roll_480,0,0.0
1a_full,micro,10,ADAUSDT,roll_480_xrank,0,0.0
1a_full,micro,10,ADAUSDT,amihud_480,0,0.0
1a_full,micro,10,ADAUSDT,amihud_480_xrank,0,0.0
1a_full,micro,10,ADAUSDT,kyle_480,0,0.0
1a_full,micro,10,ADAUSDT,kyle_480_xrank,0,0.0
1a_full,micro,10,ADAUSDT,vpin_480,0,0.0
1a_full,micro,10,ADAUSDT,vpin_480_xrank,0,0.0
1a_full,micro,10,ADAUSDT,jump_480,0,0.0
1a_full,micro,10,ADAUSDT,jump_480_xrank,0,0.0
1a_full,micro,10,ADAUSDT,vratio_480,0,0.0
1a_full,micro,10,ADAUSDT,vratio_480_xrank,0,0.0
1a_full,micro,10,ADAUSDT,cvd_slope_480,0,5.179792150755702e-09
1a_full,micro,10,ADAUSDT,cvd_slope_480_xrank,0,0.0
1a_full,micro,10,ADAUSDT,signac_480,0,0.0
1a_full,micro,10,ADAUSDT,signac_480_xrank,0,0.0
1a_full,micro,10,ADAUSDT,sflow_480,0,0.0
1a_full,micro,10,ADAUSDT,sflow_480_xrank,0,0.0
1a_full,cross,10,ADAUSDT,own_ret_1,0,0.0
1a_full,cross,10,ADAUSDT,btc_ret_1,0,0.0
1a_full,cross,10,ADAUSDT,eth_ret_1,0,0.0
1a_full,cross,10,ADAUSDT,mkt_ret_1,0,0.0
1a_full,cross,10,ADAUSDT,breadth_1,0,0.0
1a_full,cross,10,ADAUSDT,disp_1,0,0.0
1a_full,cross,10,ADAUSDT,relstr_1,0,0.0
1a_full,cross,10,ADAUSDT,rank_1,0,0.0
1a_full,cross,10,ADAUSDT,btc_minus_own_1,0,0.0
1a_full,cross,10,ADAUSDT,eth_minus_own_1,0,0.0
1a_full,cross,10,ADAUSDT,own_ret_5,0,0.0
1a_full,cross,10,ADAUSDT,btc_ret_5,0,0.0
1a_full,cross,10,ADAUSDT,eth_ret_5,0,0.0
1a_full,cross,10,ADAUSDT,mkt_ret_5,0,0.0
1a_full,cross,10,ADAUSDT,breadth_5,0,0.0
1a_full,cross,10,ADAUSDT,disp_5,0,0.0
1a_full,cross,10,ADAUSDT,relstr_5,0,0.0
1a_full,cross,10,ADAUSDT,rank_5,0,0.0
1a_full,cross,10,ADAUSDT,btc_minus_own_5,0,0.0
1a_full,cross,10,ADAUSDT,eth_minus_own_5,0,0.0
1a_full,cross,10,ADAUSDT,own_ret_15,0,0.0
1a_full,cross,10,ADAUSDT,btc_ret_15,0,0.0
1a_full,cross,10,ADAUSDT,eth_ret_15,0,0.0
1a_full,cross,10,ADAUSDT,mkt_ret_15,0,0.0
1a_full,cross,10,ADAUSDT,breadth_15,0,0.0
1a_full,cross,10,ADAUSDT,disp_15,0,0.0
1a_full,cross,10,ADAUSDT,relstr_15,0,0.0
1a_full,cross,10,ADAUSDT,rank_15,0,0.0
1a_full,cross,10,ADAUSDT,btc_minus_own_15,0,0.0
1a_full,cross,10,ADAUSDT,eth_minus_own_15,0,0.0
1a_full,cross,10,ADAUSDT,own_ret_30,0,0.0
1a_full,cross,10,ADAUSDT,btc_ret_30,0,0.0
1a_full,cross,10,ADAUSDT,eth_ret_30,0,0.0
1a_full,cross,10,ADAUSDT,mkt_ret_30,0,0.0
1a_full,cross,10,ADAUSDT,breadth_30,0,0.0
1a_full,cross,10,ADAUSDT,disp_30,0,0.0
1a_full,cross,10,ADAUSDT,relstr_30,0,0.0
1a_full,cross,10,ADAUSDT,rank_30,0,0.0
1a_full,cross,10,ADAUSDT,btc_minus_own_30,0,0.0
1a_full,cross,10,ADAUSDT,eth_minus_own_30,0,0.0
1a_full,cross,10,ADAUSDT,own_ret_60,0,0.0
1a_full,cross,10,ADAUSDT,btc_ret_60,0,0.0
1a_full,cross,10,ADAUSDT,eth_ret_60,0,0.0
1a_full,cross,10,ADAUSDT,mkt_ret_60,0,0.0
1a_full,cross,10,ADAUSDT,breadth_60,0,0.0
1a_full,cross,10,ADAUSDT,disp_60,0,0.0
1a_full,cross,10,ADAUSDT,relstr_60,0,0.0
1a_full,cross,10,ADAUSDT,rank_60,0,0.0
1a_full,cross,10,ADAUSDT,btc_minus_own_60,0,0.0
1a_full,cross,10,ADAUSDT,eth_minus_own_60,0,0.0
1a_full,cross,10,ADAUSDT,own_ret_180,0,0.0
1a_full,cross,10,ADAUSDT,btc_ret_180,0,0.0
1a_full,cross,10,ADAUSDT,eth_ret_180,0,0.0
1a_full,cross,10,ADAUSDT,mkt_ret_180,0,0.0
1a_full,cross,10,ADAUSDT,breadth_180,0,0.0
1a_full,cross,10,ADAUSDT,disp_180,0,0.0
1a_full,cross,10,ADAUSDT,relstr_180,0,0.0
1a_full,cross,10,ADAUSDT,rank_180,0,0.0
1a_full,cross,10,ADAUSDT,btc_minus_own_180,0,0.0
1a_full,cross,10,ADAUSDT,eth_minus_own_180,0,0.0
1a_full,cross,10,ADAUSDT,own_ret_360,0,0.0
1a_full,cross,10,ADAUSDT,btc_ret_360,0,0.0
1a_full,cross,10,ADAUSDT,eth_ret_360,0,0.0
1a_full,cross,10,ADAUSDT,mkt_ret_360,0,0.0
1a_full,cross,10,ADAUSDT,breadth_360,0,0.0
1a_full,cross,10,ADAUSDT,disp_360,0,0.0
1a_full,cross,10,ADAUSDT,relstr_360,0,0.0
1a_full,cross,10,ADAUSDT,rank_360,0,0.0
1a_full,cross,10,ADAUSDT,btc_minus_own_360,0,0.0
1a_full,cross,10,ADAUSDT,eth_minus_own_360,0,0.0
1a_full,cross,10,ADAUSDT,own_ret_720,0,0.0
1a_full,cross,10,ADAUSDT,btc_ret_720,0,0.0
1a_full,cross,10,ADAUSDT,eth_ret_720,0,0.0
1a_full,cross,10,ADAUSDT,mkt_ret_720,0,0.0
1a_full,cross,10,ADAUSDT,breadth_720,0,0.0
1a_full,cross,10,ADAUSDT,disp_720,0,0.0
1a_full,cross,10,ADAUSDT,relstr_720,0,0.0
1a_full,cross,10,ADAUSDT,rank_720,0,0.0
1a_full,cross,10,ADAUSDT,btc_minus_own_720,0,0.0
1a_full,cross,10,ADAUSDT,eth_minus_own_720,0,0.0
1a_full,cross,10,ADAUSDT,own_ret_1440,0,0.0
1a_full,cross,10,ADAUSDT,btc_ret_1440,0,0.0
1a_full,cross,10,ADAUSDT,eth_ret_1440,0,0.0
1a_full,cross,10,ADAUSDT,mkt_ret_1440,0,0.0
1a_full,cross,10,ADAUSDT,breadth_1440,0,0.0
1a_full,cross,10,ADAUSDT,disp_1440,0,0.0
1a_full,cross,10,ADAUSDT,relstr_1440,0,0.0
1a_full,cross,10,ADAUSDT,rank_1440,0,0.0
1a_full,cross,10,ADAUSDT,btc_minus_own_1440,0,0.0
1a_full,cross,10,ADAUSDT,eth_minus_own_1440,0,0.0
1a_full,micro,10,AVAXUSDT,rskew_30,0,2.8800240414739164e-08
1a_full,micro,10,AVAXUSDT,rskew_30_xrank,0,0.0
1a_full,micro,10,AVAXUSDT,rkurt_30,0,1.4617497981816996e-05
1a_full,micro,10,AVAXUSDT,rkurt_30_xrank,0,0.0
1a_full,micro,10,AVAXUSDT,roll_30,0,0.0
1a_full,micro,10,AVAXUSDT,roll_30_xrank,0,0.0
1a_full,micro,10,AVAXUSDT,amihud_30,0,0.0
1a_full,micro,10,AVAXUSDT,amihud_30_xrank,0,0.0
1a_full,micro,10,AVAXUSDT,kyle_30,0,0.0
1a_full,micro,10,AVAXUSDT,kyle_30_xrank,0,0.0
1a_full,micro,10,AVAXUSDT,vpin_30,0,0.0
1a_full,micro,10,AVAXUSDT,vpin_30_xrank,0,0.0
1a_full,micro,10,AVAXUSDT,jump_30,0,3.3089140316633348e-09
1a_full,micro,10,AVAXUSDT,jump_30_xrank,0,0.0
1a_full,micro,10,AVAXUSDT,vratio_30,0,0.0
1a_full,micro,10,AVAXUSDT,vratio_30_xrank,0,0.0
1a_full,micro,10,AVAXUSDT,cvd_slope_30,0,0.0
1a_full,micro,10,AVAXUSDT,cvd_slope_30_xrank,0,0.0
1a_full,micro,10,AVAXUSDT,signac_30,0,0.0
1a_full,micro,10,AVAXUSDT,signac_30_xrank,0,0.0
1a_full,micro,10,AVAXUSDT,sflow_30,0,0.0
1a_full,micro,10,AVAXUSDT,sflow_30_xrank,0,0.0
1a_full,micro,10,AVAXUSDT,rskew_120,0,1.1042915026848732e-08
1a_full,micro,10,AVAXUSDT,rskew_120_xrank,0,0.0
1a_full,micro,10,AVAXUSDT,rkurt_120,0,2.935822180916148e-07
1a_full,micro,10,AVAXUSDT,rkurt_120_xrank,0,0.0
1a_full,micro,10,AVAXUSDT,roll_120,0,0.0
1a_full,micro,10,AVAXUSDT,roll_120_xrank,0,0.0
1a_full,micro,10,AVAXUSDT,amihud_120,0,0.0
1a_full,micro,10,AVAXUSDT,amihud_120_xrank,0,0.0
1a_full,micro,10,AVAXUSDT,kyle_120,0,6.040198030632382e-08
1a_full,micro,10,AVAXUSDT,kyle_120_xrank,0,0.0
1a_full,micro,10,AVAXUSDT,vpin_120,0,0.0
1a_full,micro,10,AVAXUSDT,vpin_120_xrank,0,0.0
1a_full,micro,10,AVAXUSDT,jump_120,0,5.065843855511787e-10
1a_full,micro,10,AVAXUSDT,jump_120_xrank,0,0.0
1a_full,micro,10,AVAXUSDT,vratio_120,0,0.0
1a_full,micro,10,AVAXUSDT,vratio_120_xrank,0,0.0
1a_full,micro,10,AVAXUSDT,cvd_slope_120,0,0.0
1a_full,micro,10,AVAXUSDT,cvd_slope_120_xrank,0,0.0
1a_full,micro,10,AVAXUSDT,signac_120,0,0.0
1a_full,micro,10,AVAXUSDT,signac_120_xrank,0,0.0
1a_full,micro,10,AVAXUSDT,sflow_120,0,0.0
1a_full,micro,10,AVAXUSDT,sflow_120_xrank,0,0.0
1a_full,micro,10,AVAXUSDT,rskew_480,0,1.018398698704459e-09
1a_full,micro,10,AVAXUSDT,rskew_480_xrank,0,0.0
1a_full,micro,10,AVAXUSDT,rkurt_480,0,4.155594268695495e-08
1a_full,micro,10,AVAXUSDT,rkurt_480_xrank,0,0.0
1a_full,micro,10,AVAXUSDT,roll_480,0,0.0
1a_full,micro,10,AVAXUSDT,roll_480_xrank,0,0.0
1a_full,micro,10,AVAXUSDT,amihud_480,0,0.0
1a_full,micro,10,AVAXUSDT,amihud_480_xrank,0,0.0
1a_full,micro,10,AVAXUSDT,kyle_480,0,0.0
1a_full,micro,10,AVAXUSDT,kyle_480_xrank,0,0.0
1a_full,micro,10,AVAXUSDT,vpin_480,0,0.0
1a_full,micro,10,AVAXUSDT,vpin_480_xrank,0,0.0
1a_full,micro,10,AVAXUSDT,jump_480,0,0.0
1a_full,micro,10,AVAXUSDT,jump_480_xrank,0,0.0
1a_full,micro,10,AVAXUSDT,vratio_480,0,0.0
1a_full,micro,10,AVAXUSDT,vratio_480_xrank,0,0.0
1a_full,micro,10,AVAXUSDT,cvd_slope_480,0,0.0
1a_full,micro,10,AVAXUSDT,cvd_slope_480_xrank,0,0.0
1a_full,micro,10,AVAXUSDT,signac_480,0,0.0
1a_full,micro,10,AVAXUSDT,signac_480_xrank,0,0.0
1a_full,micro,10,AVAXUSDT,sflow_480,0,0.0
1a_full,micro,10,AVAXUSDT,sflow_480_xrank,0,0.0
1a_full,cross,10,AVAXUSDT,own_ret_1,0,0.0
1a_full,cross,10,AVAXUSDT,btc_ret_1,0,0.0
1a_full,cross,10,AVAXUSDT,eth_ret_1,0,0.0
1a_full,cross,10,AVAXUSDT,mkt_ret_1,0,0.0
1a_full,cross,10,AVAXUSDT,breadth_1,0,0.0
1a_full,cross,10,AVAXUSDT,disp_1,0,0.0
1a_full,cross,10,AVAXUSDT,relstr_1,0,0.0
1a_full,cross,10,AVAXUSDT,rank_1,0,0.0
1a_full,cross,10,AVAXUSDT,btc_minus_own_1,0,0.0
1a_full,cross,10,AVAXUSDT,eth_minus_own_1,0,0.0
1a_full,cross,10,AVAXUSDT,own_ret_5,0,0.0
1a_full,cross,10,AVAXUSDT,btc_ret_5,0,0.0
1a_full,cross,10,AVAXUSDT,eth_ret_5,0,0.0
1a_full,cross,10,AVAXUSDT,mkt_ret_5,0,0.0
1a_full,cross,10,AVAXUSDT,breadth_5,0,0.0
1a_full,cross,10,AVAXUSDT,disp_5,0,0.0
1a_full,cross,10,AVAXUSDT,relstr_5,0,0.0
1a_full,cross,10,AVAXUSDT,rank_5,0,0.0
1a_full,cross,10,AVAXUSDT,btc_minus_own_5,0,0.0
1a_full,cross,10,AVAXUSDT,eth_minus_own_5,0,0.0
1a_full,cross,10,AVAXUSDT,own_ret_15,0,0.0
1a_full,cross,10,AVAXUSDT,btc_ret_15,0,0.0
1a_full,cross,10,AVAXUSDT,eth_ret_15,0,0.0
1a_full,cross,10,AVAXUSDT,mkt_ret_15,0,0.0
1a_full,cross,10,AVAXUSDT,breadth_15,0,0.0
1a_full,cross,10,AVAXUSDT,disp_15,0,0.0
1a_full,cross,10,AVAXUSDT,relstr_15,0,0.0
1a_full,cross,10,AVAXUSDT,rank_15,0,0.0
1a_full,cross,10,AVAXUSDT,btc_minus_own_15,0,0.0
1a_full,cross,10,AVAXUSDT,eth_minus_own_15,0,0.0
1a_full,cross,10,AVAXUSDT,own_ret_30,0,0.0
1a_full,cross,10,AVAXUSDT,btc_ret_30,0,0.0
1a_full,cross,10,AVAXUSDT,eth_ret_30,0,0.0
1a_full,cross,10,AVAXUSDT,mkt_ret_30,0,0.0
1a_full,cross,10,AVAXUSDT,breadth_30,0,0.0
1a_full,cross,10,AVAXUSDT,disp_30,0,0.0
1a_full,cross,10,AVAXUSDT,relstr_30,0,0.0
1a_full,cross,10,AVAXUSDT,rank_30,0,0.0
1a_full,cross,10,AVAXUSDT,btc_minus_own_30,0,0.0
1a_full,cross,10,AVAXUSDT,eth_minus_own_30,0,0.0
1a_full,cross,10,AVAXUSDT,own_ret_60,0,0.0
1a_full,cross,10,AVAXUSDT,btc_ret_60,0,0.0
1a_full,cross,10,AVAXUSDT,eth_ret_60,0,0.0
1a_full,cross,10,AVAXUSDT,mkt_ret_60,0,0.0
1a_full,cross,10,AVAXUSDT,breadth_60,0,0.0
1a_full,cross,10,AVAXUSDT,disp_60,0,0.0
1a_full,cross,10,AVAXUSDT,relstr_60,0,0.0
1a_full,cross,10,AVAXUSDT,rank_60,0,0.0
1a_full,cross,10,AVAXUSDT,btc_minus_own_60,0,0.0
1a_full,cross,10,AVAXUSDT,eth_minus_own_60,0,0.0
1a_full,cross,10,AVAXUSDT,own_ret_180,0,0.0
1a_full,cross,10,AVAXUSDT,btc_ret_180,0,0.0
1a_full,cross,10,AVAXUSDT,eth_ret_180,0,0.0
1a_full,cross,10,AVAXUSDT,mkt_ret_180,0,0.0
1a_full,cross,10,AVAXUSDT,breadth_180,0,0.0
1a_full,cross,10,AVAXUSDT,disp_180,0,0.0
1a_full,cross,10,AVAXUSDT,relstr_180,0,0.0
1a_full,cross,10,AVAXUSDT,rank_180,0,0.0
1a_full,cross,10,AVAXUSDT,btc_minus_own_180,0,0.0
1a_full,cross,10,AVAXUSDT,eth_minus_own_180,0,0.0
1a_full,cross,10,AVAXUSDT,own_ret_360,0,0.0
1a_full,cross,10,AVAXUSDT,btc_ret_360,0,0.0
1a_full,cross,10,AVAXUSDT,eth_ret_360,0,0.0
1a_full,cross,10,AVAXUSDT,mkt_ret_360,0,0.0
1a_full,cross,10,AVAXUSDT,breadth_360,0,0.0
1a_full,cross,10,AVAXUSDT,disp_360,0,0.0
1a_full,cross,10,AVAXUSDT,relstr_360,0,0.0
1a_full,cross,10,AVAXUSDT,rank_360,0,0.0
1a_full,cross,10,AVAXUSDT,btc_minus_own_360,0,0.0
1a_full,cross,10,AVAXUSDT,eth_minus_own_360,0,0.0
1a_full,cross,10,AVAXUSDT,own_ret_720,0,0.0
1a_full,cross,10,AVAXUSDT,btc_ret_720,0,0.0
1a_full,cross,10,AVAXUSDT,eth_ret_720,0,0.0
1a_full,cross,10,AVAXUSDT,mkt_ret_720,0,0.0
1a_full,cross,10,AVAXUSDT,breadth_720,0,0.0
1a_full,cross,10,AVAXUSDT,disp_720,0,0.0
1a_full,cross,10,AVAXUSDT,relstr_720,0,0.0
1a_full,cross,10,AVAXUSDT,rank_720,0,0.0
1a_full,cross,10,AVAXUSDT,btc_minus_own_720,0,0.0
1a_full,cross,10,AVAXUSDT,eth_minus_own_720,0,0.0
1a_full,cross,10,AVAXUSDT,own_ret_1440,0,0.0
1a_full,cross,10,AVAXUSDT,btc_ret_1440,0,0.0
1a_full,cross,10,AVAXUSDT,eth_ret_1440,0,0.0
1a_full,cross,10,AVAXUSDT,mkt_ret_1440,0,0.0
1a_full,cross,10,AVAXUSDT,breadth_1440,0,0.0
1a_full,cross,10,AVAXUSDT,disp_1440,0,0.0
1a_full,cross,10,AVAXUSDT,relstr_1440,0,0.0
1a_full,cross,10,AVAXUSDT,rank_1440,0,0.0
1a_full,cross,10,AVAXUSDT,btc_minus_own_1440,0,0.0
1a_full,cross,10,AVAXUSDT,eth_minus_own_1440,0,0.0
1a_full,micro,10,BNBUSDT,rskew_30,0,1.6732040197808828e-09
1a_full,micro,10,BNBUSDT,rskew_30_xrank,0,0.0
1a_full,micro,10,BNBUSDT,rkurt_30,0,1.104253897210583e-06
1a_full,micro,10,BNBUSDT,rkurt_30_xrank,0,0.0
1a_full,micro,10,BNBUSDT,roll_30,0,0.0
1a_full,micro,10,BNBUSDT,roll_30_xrank,0,0.0
1a_full,micro,10,BNBUSDT,amihud_30,0,0.0
1a_full,micro,10,BNBUSDT,amihud_30_xrank,0,0.0
1a_full,micro,10,BNBUSDT,kyle_30,0,5.432051963794038e-08
1a_full,micro,10,BNBUSDT,kyle_30_xrank,0,0.0
1a_full,micro,10,BNBUSDT,vpin_30,0,0.0
1a_full,micro,10,BNBUSDT,vpin_30_xrank,0,0.0
1a_full,micro,10,BNBUSDT,jump_30,0,3.035791706906821e-08
1a_full,micro,10,BNBUSDT,jump_30_xrank,0,0.0
1a_full,micro,10,BNBUSDT,vratio_30,0,0.0
1a_full,micro,10,BNBUSDT,vratio_30_xrank,0,0.0
1a_full,micro,10,BNBUSDT,cvd_slope_30,0,0.0
1a_full,micro,10,BNBUSDT,cvd_slope_30_xrank,0,0.0
1a_full,micro,10,BNBUSDT,signac_30,0,0.0
1a_full,micro,10,BNBUSDT,signac_30_xrank,0,0.0
1a_full,micro,10,BNBUSDT,sflow_30,0,0.0
1a_full,micro,10,BNBUSDT,sflow_30_xrank,0,0.0
1a_full,micro,10,BNBUSDT,rskew_120,0,0.0
1a_full,micro,10,BNBUSDT,rskew_120_xrank,0,0.0
1a_full,micro,10,BNBUSDT,rkurt_120,0,8.333815060268535e-08
1a_full,micro,10,BNBUSDT,rkurt_120_xrank,0,0.0
1a_full,micro,10,BNBUSDT,roll_120,0,0.0
1a_full,micro,10,BNBUSDT,roll_120_xrank,0,0.0
1a_full,micro,10,BNBUSDT,amihud_120,0,0.0
1a_full,micro,10,BNBUSDT,amihud_120_xrank,0,0.0
1a_full,micro,10,BNBUSDT,kyle_120,0,3.727040009948723e-08
1a_full,micro,10,BNBUSDT,kyle_120_xrank,0,0.0
1a_full,micro,10,BNBUSDT,vpin_120,0,0.0
1a_full,micro,10,BNBUSDT,vpin_120_xrank,0,0.0
1a_full,micro,10,BNBUSDT,jump_120,0,1.6972512284496588e-08
1a_full,micro,10,BNBUSDT,jump_120_xrank,0,0.0
1a_full,micro,10,BNBUSDT,vratio_120,0,0.0
1a_full,micro,10,BNBUSDT,vratio_120_xrank,0,0.0
1a_full,micro,10,BNBUSDT,cvd_slope_120,0,0.0
1a_full,micro,10,BNBUSDT,cvd_slope_120_xrank,0,0.0
1a_full,micro,10,BNBUSDT,signac_120,0,0.0
1a_full,micro,10,BNBUSDT,signac_120_xrank,0,0.0
1a_full,micro,10,BNBUSDT,sflow_120,0,0.0
1a_full,micro,10,BNBUSDT,sflow_120_xrank,0,0.0
1a_full,micro,10,BNBUSDT,rskew_480,0,0.0
1a_full,micro,10,BNBUSDT,rskew_480_xrank,0,0.0
1a_full,micro,10,BNBUSDT,rkurt_480,0,7.666621826274422e-08
1a_full,micro,10,BNBUSDT,rkurt_480_xrank,0,0.0
1a_full,micro,10,BNBUSDT,roll_480,0,0.0
1a_full,micro,10,BNBUSDT,roll_480_xrank,0,0.0
1a_full,micro,10,BNBUSDT,amihud_480,0,0.0
1a_full,micro,10,BNBUSDT,amihud_480_xrank,0,0.0
1a_full,micro,10,BNBUSDT,kyle_480,0,0.0
1a_full,micro,10,BNBUSDT,kyle_480_xrank,0,0.0
1a_full,micro,10,BNBUSDT,vpin_480,0,0.0
1a_full,micro,10,BNBUSDT,vpin_480_xrank,0,0.0
1a_full,micro,10,BNBUSDT,jump_480,0,1.5967710709219318e-08
1a_full,micro,10,BNBUSDT,jump_480_xrank,0,0.0
1a_full,micro,10,BNBUSDT,vratio_480,0,0.0
1a_full,micro,10,BNBUSDT,vratio_480_xrank,0,0.0
1a_full,micro,10,BNBUSDT,cvd_slope_480,0,0.0
1a_full,micro,10,BNBUSDT,cvd_slope_480_xrank,0,0.0
1a_full,micro,10,BNBUSDT,signac_480,0,0.0
1a_full,micro,10,BNBUSDT,signac_480_xrank,0,0.0
1a_full,micro,10,BNBUSDT,sflow_480,0,0.0
1a_full,micro,10,BNBUSDT,sflow_480_xrank,0,0.0
1a_full,cross,10,BNBUSDT,own_ret_1,0,0.0
1a_full,cross,10,BNBUSDT,btc_ret_1,0,0.0
1a_full,cross,10,BNBUSDT,eth_ret_1,0,0.0
1a_full,cross,10,BNBUSDT,mkt_ret_1,0,0.0
1a_full,cross,10,BNBUSDT,breadth_1,0,0.0
1a_full,cross,10,BNBUSDT,disp_1,0,0.0
1a_full,cross,10,BNBUSDT,relstr_1,0,0.0
1a_full,cross,10,BNBUSDT,rank_1,0,0.0
1a_full,cross,10,BNBUSDT,btc_minus_own_1,0,0.0
1a_full,cross,10,BNBUSDT,eth_minus_own_1,0,0.0
1a_full,cross,10,BNBUSDT,own_ret_5,0,0.0
1a_full,cross,10,BNBUSDT,btc_ret_5,0,0.0
1a_full,cross,10,BNBUSDT,eth_ret_5,0,0.0
1a_full,cross,10,BNBUSDT,mkt_ret_5,0,0.0
1a_full,cross,10,BNBUSDT,breadth_5,0,0.0
1a_full,cross,10,BNBUSDT,disp_5,0,0.0
1a_full,cross,10,BNBUSDT,relstr_5,0,0.0
1a_full,cross,10,BNBUSDT,rank_5,0,0.0
1a_full,cross,10,BNBUSDT,btc_minus_own_5,0,0.0
1a_full,cross,10,BNBUSDT,eth_minus_own_5,0,0.0
1a_full,cross,10,BNBUSDT,own_ret_15,0,0.0
1a_full,cross,10,BNBUSDT,btc_ret_15,0,0.0
1a_full,cross,10,BNBUSDT,eth_ret_15,0,0.0
1a_full,cross,10,BNBUSDT,mkt_ret_15,0,0.0
1a_full,cross,10,BNBUSDT,breadth_15,0,0.0
1a_full,cross,10,BNBUSDT,disp_15,0,0.0
1a_full,cross,10,BNBUSDT,relstr_15,0,0.0
1a_full,cross,10,BNBUSDT,rank_15,0,0.0
1a_full,cross,10,BNBUSDT,btc_minus_own_15,0,0.0
1a_full,cross,10,BNBUSDT,eth_minus_own_15,0,0.0
1a_full,cross,10,BNBUSDT,own_ret_30,0,0.0
1a_full,cross,10,BNBUSDT,btc_ret_30,0,0.0
1a_full,cross,10,BNBUSDT,eth_ret_30,0,0.0
1a_full,cross,10,BNBUSDT,mkt_ret_30,0,0.0
1a_full,cross,10,BNBUSDT,breadth_30,0,0.0
1a_full,cross,10,BNBUSDT,disp_30,0,0.0
1a_full,cross,10,BNBUSDT,relstr_30,0,0.0
1a_full,cross,10,BNBUSDT,rank_30,0,0.0
1a_full,cross,10,BNBUSDT,btc_minus_own_30,0,0.0
1a_full,cross,10,BNBUSDT,eth_minus_own_30,0,0.0
1a_full,cross,10,BNBUSDT,own_ret_60,0,0.0
1a_full,cross,10,BNBUSDT,btc_ret_60,0,0.0
1a_full,cross,10,BNBUSDT,eth_ret_60,0,0.0
1a_full,cross,10,BNBUSDT,mkt_ret_60,0,0.0
1a_full,cross,10,BNBUSDT,breadth_60,0,0.0
1a_full,cross,10,BNBUSDT,disp_60,0,0.0
1a_full,cross,10,BNBUSDT,relstr_60,0,0.0
1a_full,cross,10,BNBUSDT,rank_60,0,0.0
1a_full,cross,10,BNBUSDT,btc_minus_own_60,0,0.0
1a_full,cross,10,BNBUSDT,eth_minus_own_60,0,0.0
1a_full,cross,10,BNBUSDT,own_ret_180,0,0.0
1a_full,cross,10,BNBUSDT,btc_ret_180,0,0.0
1a_full,cross,10,BNBUSDT,eth_ret_180,0,0.0
1a_full,cross,10,BNBUSDT,mkt_ret_180,0,0.0
1a_full,cross,10,BNBUSDT,breadth_180,0,0.0
1a_full,cross,10,BNBUSDT,disp_180,0,0.0
1a_full,cross,10,BNBUSDT,relstr_180,0,0.0
1a_full,cross,10,BNBUSDT,rank_180,0,0.0
1a_full,cross,10,BNBUSDT,btc_minus_own_180,0,0.0
1a_full,cross,10,BNBUSDT,eth_minus_own_180,0,0.0
1a_full,cross,10,BNBUSDT,own_ret_360,0,0.0
1a_full,cross,10,BNBUSDT,btc_ret_360,0,0.0
1a_full,cross,10,BNBUSDT,eth_ret_360,0,0.0
1a_full,cross,10,BNBUSDT,mkt_ret_360,0,0.0
1a_full,cross,10,BNBUSDT,breadth_360,0,0.0
1a_full,cross,10,BNBUSDT,disp_360,0,0.0
1a_full,cross,10,BNBUSDT,relstr_360,0,0.0
1a_full,cross,10,BNBUSDT,rank_360,0,0.0
1a_full,cross,10,BNBUSDT,btc_minus_own_360,0,0.0
1a_full,cross,10,BNBUSDT,eth_minus_own_360,0,0.0
1a_full,cross,10,BNBUSDT,own_ret_720,0,0.0
1a_full,cross,10,BNBUSDT,btc_ret_720,0,0.0
1a_full,cross,10,BNBUSDT,eth_ret_720,0,0.0
1a_full,cross,10,BNBUSDT,mkt_ret_720,0,0.0
1a_full,cross,10,BNBUSDT,breadth_720,0,0.0
1a_full,cross,10,BNBUSDT,disp_720,0,0.0
1a_full,cross,10,BNBUSDT,relstr_720,0,0.0
1a_full,cross,10,BNBUSDT,rank_720,0,0.0
1a_full,cross,10,BNBUSDT,btc_minus_own_720,0,0.0
1a_full,cross,10,BNBUSDT,eth_minus_own_720,0,0.0
1a_full,cross,10,BNBUSDT,own_ret_1440,0,0.0
1a_full,cross,10,BNBUSDT,btc_ret_1440,0,0.0
1a_full,cross,10,BNBUSDT,eth_ret_1440,0,0.0
1a_full,cross,10,BNBUSDT,mkt_ret_1440,0,0.0
1a_full,cross,10,BNBUSDT,breadth_1440,0,0.0
1a_full,cross,10,BNBUSDT,disp_1440,0,0.0
1a_full,cross,10,BNBUSDT,relstr_1440,0,0.0
1a_full,cross,10,BNBUSDT,rank_1440,0,0.0
1a_full,cross,10,BNBUSDT,btc_minus_own_1440,0,0.0
1a_full,cross,10,BNBUSDT,eth_minus_own_1440,0,0.0
1a_full,micro,10,BTCUSDT,rskew_30,0,0.0
1a_full,micro,10,BTCUSDT,rskew_30_xrank,0,0.0
1a_full,micro,10,BTCUSDT,rkurt_30,0,2.6083253601427714e-07
1a_full,micro,10,BTCUSDT,rkurt_30_xrank,0,0.0
1a_full,micro,10,BTCUSDT,roll_30,0,0.0
1a_full,micro,10,BTCUSDT,roll_30_xrank,0,0.0
1a_full,micro,10,BTCUSDT,amihud_30,0,0.0
1a_full,micro,10,BTCUSDT,amihud_30_xrank,0,0.0
1a_full,micro,10,BTCUSDT,kyle_30,0,0.0
1a_full,micro,10,BTCUSDT,kyle_30_xrank,0,0.0
1a_full,micro,10,BTCUSDT,vpin_30,0,0.0
1a_full,micro,10,BTCUSDT,vpin_30_xrank,0,0.0
1a_full,micro,10,BTCUSDT,jump_30,0,2.236914475872709e-08
1a_full,micro,10,BTCUSDT,jump_30_xrank,0,0.0
1a_full,micro,10,BTCUSDT,vratio_30,0,0.0
1a_full,micro,10,BTCUSDT,vratio_30_xrank,0,0.0
1a_full,micro,10,BTCUSDT,cvd_slope_30,0,0.0
1a_full,micro,10,BTCUSDT,cvd_slope_30_xrank,0,0.0
1a_full,micro,10,BTCUSDT,signac_30,0,0.0
1a_full,micro,10,BTCUSDT,signac_30_xrank,0,0.0
1a_full,micro,10,BTCUSDT,sflow_30,0,0.0
1a_full,micro,10,BTCUSDT,sflow_30_xrank,0,0.0
1a_full,micro,10,BTCUSDT,rskew_120,0,0.0
1a_full,micro,10,BTCUSDT,rskew_120_xrank,0,0.0
1a_full,micro,10,BTCUSDT,rkurt_120,0,8.711342758260798e-09
1a_full,micro,10,BTCUSDT,rkurt_120_xrank,0,0.0
1a_full,micro,10,BTCUSDT,roll_120,0,0.0
1a_full,micro,10,BTCUSDT,roll_120_xrank,0,0.0
1a_full,micro,10,BTCUSDT,amihud_120,0,0.0
1a_full,micro,10,BTCUSDT,amihud_120_xrank,0,0.0
1a_full,micro,10,BTCUSDT,kyle_120,0,0.0
1a_full,micro,10,BTCUSDT,kyle_120_xrank,0,0.0
1a_full,micro,10,BTCUSDT,vpin_120,0,0.0
1a_full,micro,10,BTCUSDT,vpin_120_xrank,0,0.0
1a_full,micro,10,BTCUSDT,jump_120,0,7.29193816439988e-10
1a_full,micro,10,BTCUSDT,jump_120_xrank,0,0.0
1a_full,micro,10,BTCUSDT,vratio_120,0,0.0
1a_full,micro,10,BTCUSDT,vratio_120_xrank,0,0.0
1a_full,micro,10,BTCUSDT,cvd_slope_120,0,0.0
1a_full,micro,10,BTCUSDT,cvd_slope_120_xrank,0,0.0
1a_full,micro,10,BTCUSDT,signac_120,0,0.0
1a_full,micro,10,BTCUSDT,signac_120_xrank,0,0.0
1a_full,micro,10,BTCUSDT,sflow_120,0,0.0
1a_full,micro,10,BTCUSDT,sflow_120_xrank,0,0.0
1a_full,micro,10,BTCUSDT,rskew_480,0,0.0
1a_full,micro,10,BTCUSDT,rskew_480_xrank,0,0.0
1a_full,micro,10,BTCUSDT,rkurt_480,0,0.0
1a_full,micro,10,BTCUSDT,rkurt_480_xrank,0,0.0
1a_full,micro,10,BTCUSDT,roll_480,0,0.0
1a_full,micro,10,BTCUSDT,roll_480_xrank,0,0.0
1a_full,micro,10,BTCUSDT,amihud_480,0,0.0
1a_full,micro,10,BTCUSDT,amihud_480_xrank,0,0.0
1a_full,micro,10,BTCUSDT,kyle_480,0,0.0
1a_full,micro,10,BTCUSDT,kyle_480_xrank,0,0.0
1a_full,micro,10,BTCUSDT,vpin_480,0,0.0
1a_full,micro,10,BTCUSDT,vpin_480_xrank,0,0.0
1a_full,micro,10,BTCUSDT,jump_480,0,6.626356408023781e-11
1a_full,micro,10,BTCUSDT,jump_480_xrank,0,0.0
1a_full,micro,10,BTCUSDT,vratio_480,0,0.0
1a_full,micro,10,BTCUSDT,vratio_480_xrank,0,0.0
1a_full,micro,10,BTCUSDT,cvd_slope_480,0,0.0
1a_full,micro,10,BTCUSDT,cvd_slope_480_xrank,0,0.0
1a_full,micro,10,BTCUSDT,signac_480,0,0.0
1a_full,micro,10,BTCUSDT,signac_480_xrank,0,0.0
1a_full,micro,10,BTCUSDT,sflow_480,0,0.0
1a_full,micro,10,BTCUSDT,sflow_480_xrank,0,0.0
1a_full,cross,10,BTCUSDT,own_ret_1,0,0.0
1a_full,cross,10,BTCUSDT,btc_ret_1,0,0.0
1a_full,cross,10,BTCUSDT,eth_ret_1,0,0.0
1a_full,cross,10,BTCUSDT,mkt_ret_1,0,0.0
1a_full,cross,10,BTCUSDT,breadth_1,0,0.0
1a_full,cross,10,BTCUSDT,disp_1,0,0.0
1a_full,cross,10,BTCUSDT,relstr_1,0,0.0
1a_full,cross,10,BTCUSDT,rank_1,0,0.0
1a_full,cross,10,BTCUSDT,btc_minus_own_1,0,0.0
1a_full,cross,10,BTCUSDT,eth_minus_own_1,0,0.0
1a_full,cross,10,BTCUSDT,own_ret_5,0,0.0
1a_full,cross,10,BTCUSDT,btc_ret_5,0,0.0
1a_full,cross,10,BTCUSDT,eth_ret_5,0,0.0
1a_full,cross,10,BTCUSDT,mkt_ret_5,0,0.0
1a_full,cross,10,BTCUSDT,breadth_5,0,0.0
1a_full,cross,10,BTCUSDT,disp_5,0,0.0
1a_full,cross,10,BTCUSDT,relstr_5,0,0.0
1a_full,cross,10,BTCUSDT,rank_5,0,0.0
1a_full,cross,10,BTCUSDT,btc_minus_own_5,0,0.0
1a_full,cross,10,BTCUSDT,eth_minus_own_5,0,0.0
1a_full,cross,10,BTCUSDT,own_ret_15,0,0.0
1a_full,cross,10,BTCUSDT,btc_ret_15,0,0.0
1a_full,cross,10,BTCUSDT,eth_ret_15,0,0.0
1a_full,cross,10,BTCUSDT,mkt_ret_15,0,0.0
1a_full,cross,10,BTCUSDT,breadth_15,0,0.0
1a_full,cross,10,BTCUSDT,disp_15,0,0.0
1a_full,cross,10,BTCUSDT,relstr_15,0,0.0
1a_full,cross,10,BTCUSDT,rank_15,0,0.0
1a_full,cross,10,BTCUSDT,btc_minus_own_15,0,0.0
1a_full,cross,10,BTCUSDT,eth_minus_own_15,0,0.0
1a_full,cross,10,BTCUSDT,own_ret_30,0,0.0
1a_full,cross,10,BTCUSDT,btc_ret_30,0,0.0
1a_full,cross,10,BTCUSDT,eth_ret_30,0,0.0
1a_full,cross,10,BTCUSDT,mkt_ret_30,0,0.0
1a_full,cross,10,BTCUSDT,breadth_30,0,0.0
1a_full,cross,10,BTCUSDT,disp_30,0,0.0
1a_full,cross,10,BTCUSDT,relstr_30,0,0.0
1a_full,cross,10,BTCUSDT,rank_30,0,0.0
1a_full,cross,10,BTCUSDT,btc_minus_own_30,0,0.0
1a_full,cross,10,BTCUSDT,eth_minus_own_30,0,0.0
1a_full,cross,10,BTCUSDT,own_ret_60,0,0.0
1a_full,cross,10,BTCUSDT,btc_ret_60,0,0.0
1a_full,cross,10,BTCUSDT,eth_ret_60,0,0.0
1a_full,cross,10,BTCUSDT,mkt_ret_60,0,0.0
1a_full,cross,10,BTCUSDT,breadth_60,0,0.0
1a_full,cross,10,BTCUSDT,disp_60,0,0.0
1a_full,cross,10,BTCUSDT,relstr_60,0,0.0
1a_full,cross,10,BTCUSDT,rank_60,0,0.0
1a_full,cross,10,BTCUSDT,btc_minus_own_60,0,0.0
1a_full,cross,10,BTCUSDT,eth_minus_own_60,0,0.0
1a_full,cross,10,BTCUSDT,own_ret_180,0,0.0
1a_full,cross,10,BTCUSDT,btc_ret_180,0,0.0
1a_full,cross,10,BTCUSDT,eth_ret_180,0,0.0
1a_full,cross,10,BTCUSDT,mkt_ret_180,0,0.0
1a_full,cross,10,BTCUSDT,breadth_180,0,0.0
1a_full,cross,10,BTCUSDT,disp_180,0,0.0
1a_full,cross,10,BTCUSDT,relstr_180,0,0.0
1a_full,cross,10,BTCUSDT,rank_180,0,0.0
1a_full,cross,10,BTCUSDT,btc_minus_own_180,0,0.0
1a_full,cross,10,BTCUSDT,eth_minus_own_180,0,0.0
1a_full,cross,10,BTCUSDT,own_ret_360,0,0.0
1a_full,cross,10,BTCUSDT,btc_ret_360,0,0.0
1a_full,cross,10,BTCUSDT,eth_ret_360,0,0.0
1a_full,cross,10,BTCUSDT,mkt_ret_360,0,0.0
1a_full,cross,10,BTCUSDT,breadth_360,0,0.0
1a_full,cross,10,BTCUSDT,disp_360,0,0.0
1a_full,cross,10,BTCUSDT,relstr_360,0,0.0
1a_full,cross,10,BTCUSDT,rank_360,0,0.0
1a_full,cross,10,BTCUSDT,btc_minus_own_360,0,0.0
1a_full,cross,10,BTCUSDT,eth_minus_own_360,0,0.0
1a_full,cross,10,BTCUSDT,own_ret_720,0,0.0
1a_full,cross,10,BTCUSDT,btc_ret_720,0,0.0
1a_full,cross,10,BTCUSDT,eth_ret_720,0,0.0
1a_full,cross,10,BTCUSDT,mkt_ret_720,0,0.0
1a_full,cross,10,BTCUSDT,breadth_720,0,0.0
1a_full,cross,10,BTCUSDT,disp_720,0,0.0
1a_full,cross,10,BTCUSDT,relstr_720,0,0.0
1a_full,cross,10,BTCUSDT,rank_720,0,0.0
1a_full,cross,10,BTCUSDT,btc_minus_own_720,0,0.0
1a_full,cross,10,BTCUSDT,eth_minus_own_720,0,0.0
1a_full,cross,10,BTCUSDT,own_ret_1440,0,0.0
1a_full,cross,10,BTCUSDT,btc_ret_1440,0,0.0
1a_full,cross,10,BTCUSDT,eth_ret_1440,0,0.0
1a_full,cross,10,BTCUSDT,mkt_ret_1440,0,0.0
1a_full,cross,10,BTCUSDT,breadth_1440,0,0.0
1a_full,cross,10,BTCUSDT,disp_1440,0,0.0
1a_full,cross,10,BTCUSDT,relstr_1440,0,0.0
1a_full,cross,10,BTCUSDT,rank_1440,0,0.0
1a_full,cross,10,BTCUSDT,btc_minus_own_1440,0,0.0
1a_full,cross,10,BTCUSDT,eth_minus_own_1440,0,0.0
1a_full,micro,10,DOGEUSDT,rskew_30,0,6.559796261740303e-09
1a_full,micro,10,DOGEUSDT,rskew_30_xrank,0,0.0
1a_full,micro,10,DOGEUSDT,rkurt_30,0,3.250728696002625e-06
1a_full,micro,10,DOGEUSDT,rkurt_30_xrank,0,0.0
1a_full,micro,10,DOGEUSDT,roll_30,0,0.0
1a_full,micro,10,DOGEUSDT,roll_30_xrank,0,0.0
1a_full,micro,10,DOGEUSDT,amihud_30,0,0.0
1a_full,micro,10,DOGEUSDT,amihud_30_xrank,0,0.0
1a_full,micro,10,DOGEUSDT,kyle_30,0,3.9794080919364205e-08
1a_full,micro,10,DOGEUSDT,kyle_30_xrank,0,0.0
1a_full,micro,10,DOGEUSDT,vpin_30,0,0.0
1a_full,micro,10,DOGEUSDT,vpin_30_xrank,0,0.0
1a_full,micro,10,DOGEUSDT,jump_30,0,0.0
1a_full,micro,10,DOGEUSDT,jump_30_xrank,0,0.0
1a_full,micro,10,DOGEUSDT,vratio_30,0,0.0
1a_full,micro,10,DOGEUSDT,vratio_30_xrank,0,0.0
1a_full,micro,10,DOGEUSDT,cvd_slope_30,0,0.0
1a_full,micro,10,DOGEUSDT,cvd_slope_30_xrank,0,0.0
1a_full,micro,10,DOGEUSDT,signac_30,0,0.0
1a_full,micro,10,DOGEUSDT,signac_30_xrank,0,0.0
1a_full,micro,10,DOGEUSDT,sflow_30,0,0.0
1a_full,micro,10,DOGEUSDT,sflow_30_xrank,0,0.0
1a_full,micro,10,DOGEUSDT,rskew_120,0,0.0
1a_full,micro,10,DOGEUSDT,rskew_120_xrank,0,0.0
1a_full,micro,10,DOGEUSDT,rkurt_120,0,8.670087225937095e-08
1a_full,micro,10,DOGEUSDT,rkurt_120_xrank,0,0.0
1a_full,micro,10,DOGEUSDT,roll_120,0,0.0
1a_full,micro,10,DOGEUSDT,roll_120_xrank,0,0.0
1a_full,micro,10,DOGEUSDT,amihud_120,0,0.0
1a_full,micro,10,DOGEUSDT,amihud_120_xrank,0,0.0
1a_full,micro,10,DOGEUSDT,kyle_120,0,0.0
1a_full,micro,10,DOGEUSDT,kyle_120_xrank,0,0.0
1a_full,micro,10,DOGEUSDT,vpin_120,0,0.0
1a_full,micro,10,DOGEUSDT,vpin_120_xrank,0,0.0
1a_full,micro,10,DOGEUSDT,jump_120,0,2.7498744614717907e-08
1a_full,micro,10,DOGEUSDT,jump_120_xrank,0,0.0
1a_full,micro,10,DOGEUSDT,vratio_120,0,0.0
1a_full,micro,10,DOGEUSDT,vratio_120_xrank,0,0.0
1a_full,micro,10,DOGEUSDT,cvd_slope_120,0,0.0
1a_full,micro,10,DOGEUSDT,cvd_slope_120_xrank,0,0.0
1a_full,micro,10,DOGEUSDT,signac_120,0,0.0
1a_full,micro,10,DOGEUSDT,signac_120_xrank,0,0.0
1a_full,micro,10,DOGEUSDT,sflow_120,0,0.0
1a_full,micro,10,DOGEUSDT,sflow_120_xrank,0,0.0
1a_full,micro,10,DOGEUSDT,rskew_480,0,1.525209825103957e-08
1a_full,micro,10,DOGEUSDT,rskew_480_xrank,0,0.0
1a_full,micro,10,DOGEUSDT,rkurt_480,0,5.491537180546402e-08
1a_full,micro,10,DOGEUSDT,rkurt_480_xrank,0,0.0
1a_full,micro,10,DOGEUSDT,roll_480,0,0.0
1a_full,micro,10,DOGEUSDT,roll_480_xrank,0,0.0
1a_full,micro,10,DOGEUSDT,amihud_480,0,0.0
1a_full,micro,10,DOGEUSDT,amihud_480_xrank,0,0.0
1a_full,micro,10,DOGEUSDT,kyle_480,0,0.0
1a_full,micro,10,DOGEUSDT,kyle_480_xrank,0,0.0
1a_full,micro,10,DOGEUSDT,vpin_480,0,0.0
1a_full,micro,10,DOGEUSDT,vpin_480_xrank,0,0.0
1a_full,micro,10,DOGEUSDT,jump_480,0,2.6720270440705463e-09
1a_full,micro,10,DOGEUSDT,jump_480_xrank,0,0.0
1a_full,micro,10,DOGEUSDT,vratio_480,0,0.0
1a_full,micro,10,DOGEUSDT,vratio_480_xrank,0,0.0
1a_full,micro,10,DOGEUSDT,cvd_slope_480,0,0.0
1a_full,micro,10,DOGEUSDT,cvd_slope_480_xrank,0,0.0
1a_full,micro,10,DOGEUSDT,signac_480,0,0.0
1a_full,micro,10,DOGEUSDT,signac_480_xrank,0,0.0
1a_full,micro,10,DOGEUSDT,sflow_480,0,0.0
1a_full,micro,10,DOGEUSDT,sflow_480_xrank,0,0.0
1a_full,cross,10,DOGEUSDT,own_ret_1,0,0.0
1a_full,cross,10,DOGEUSDT,btc_ret_1,0,0.0
1a_full,cross,10,DOGEUSDT,eth_ret_1,0,0.0
1a_full,cross,10,DOGEUSDT,mkt_ret_1,0,0.0
1a_full,cross,10,DOGEUSDT,breadth_1,0,0.0
1a_full,cross,10,DOGEUSDT,disp_1,0,0.0
1a_full,cross,10,DOGEUSDT,relstr_1,0,0.0
1a_full,cross,10,DOGEUSDT,rank_1,0,0.0
1a_full,cross,10,DOGEUSDT,btc_minus_own_1,0,0.0
1a_full,cross,10,DOGEUSDT,eth_minus_own_1,0,0.0
1a_full,cross,10,DOGEUSDT,own_ret_5,0,0.0
1a_full,cross,10,DOGEUSDT,btc_ret_5,0,0.0
1a_full,cross,10,DOGEUSDT,eth_ret_5,0,0.0
1a_full,cross,10,DOGEUSDT,mkt_ret_5,0,0.0
1a_full,cross,10,DOGEUSDT,breadth_5,0,0.0
1a_full,cross,10,DOGEUSDT,disp_5,0,0.0
1a_full,cross,10,DOGEUSDT,relstr_5,0,0.0
1a_full,cross,10,DOGEUSDT,rank_5,0,0.0
1a_full,cross,10,DOGEUSDT,btc_minus_own_5,0,0.0
1a_full,cross,10,DOGEUSDT,eth_minus_own_5,0,0.0
1a_full,cross,10,DOGEUSDT,own_ret_15,0,0.0
1a_full,cross,10,DOGEUSDT,btc_ret_15,0,0.0
1a_full,cross,10,DOGEUSDT,eth_ret_15,0,0.0
1a_full,cross,10,DOGEUSDT,mkt_ret_15,0,0.0
1a_full,cross,10,DOGEUSDT,breadth_15,0,0.0
1a_full,cross,10,DOGEUSDT,disp_15,0,0.0
1a_full,cross,10,DOGEUSDT,relstr_15,0,0.0
1a_full,cross,10,DOGEUSDT,rank_15,0,0.0
1a_full,cross,10,DOGEUSDT,btc_minus_own_15,0,0.0
1a_full,cross,10,DOGEUSDT,eth_minus_own_15,0,0.0
1a_full,cross,10,DOGEUSDT,own_ret_30,0,0.0
1a_full,cross,10,DOGEUSDT,btc_ret_30,0,0.0
1a_full,cross,10,DOGEUSDT,eth_ret_30,0,0.0
1a_full,cross,10,DOGEUSDT,mkt_ret_30,0,0.0
1a_full,cross,10,DOGEUSDT,breadth_30,0,0.0
1a_full,cross,10,DOGEUSDT,disp_30,0,0.0
1a_full,cross,10,DOGEUSDT,relstr_30,0,0.0
1a_full,cross,10,DOGEUSDT,rank_30,0,0.0
1a_full,cross,10,DOGEUSDT,btc_minus_own_30,0,0.0
1a_full,cross,10,DOGEUSDT,eth_minus_own_30,0,0.0
1a_full,cross,10,DOGEUSDT,own_ret_60,0,0.0
1a_full,cross,10,DOGEUSDT,btc_ret_60,0,0.0
1a_full,cross,10,DOGEUSDT,eth_ret_60,0,0.0
1a_full,cross,10,DOGEUSDT,mkt_ret_60,0,0.0
1a_full,cross,10,DOGEUSDT,breadth_60,0,0.0
1a_full,cross,10,DOGEUSDT,disp_60,0,0.0
1a_full,cross,10,DOGEUSDT,relstr_60,0,0.0
1a_full,cross,10,DOGEUSDT,rank_60,0,0.0
1a_full,cross,10,DOGEUSDT,btc_minus_own_60,0,0.0
1a_full,cross,10,DOGEUSDT,eth_minus_own_60,0,0.0
1a_full,cross,10,DOGEUSDT,own_ret_180,0,0.0
1a_full,cross,10,DOGEUSDT,btc_ret_180,0,0.0
1a_full,cross,10,DOGEUSDT,eth_ret_180,0,0.0
1a_full,cross,10,DOGEUSDT,mkt_ret_180,0,0.0
1a_full,cross,10,DOGEUSDT,breadth_180,0,0.0
1a_full,cross,10,DOGEUSDT,disp_180,0,0.0
1a_full,cross,10,DOGEUSDT,relstr_180,0,0.0
1a_full,cross,10,DOGEUSDT,rank_180,0,0.0
1a_full,cross,10,DOGEUSDT,btc_minus_own_180,0,0.0
1a_full,cross,10,DOGEUSDT,eth_minus_own_180,0,0.0
1a_full,cross,10,DOGEUSDT,own_ret_360,0,0.0
1a_full,cross,10,DOGEUSDT,btc_ret_360,0,0.0
1a_full,cross,10,DOGEUSDT,eth_ret_360,0,0.0
1a_full,cross,10,DOGEUSDT,mkt_ret_360,0,0.0
1a_full,cross,10,DOGEUSDT,breadth_360,0,0.0
1a_full,cross,10,DOGEUSDT,disp_360,0,0.0
1a_full,cross,10,DOGEUSDT,relstr_360,0,0.0
1a_full,cross,10,DOGEUSDT,rank_360,0,0.0
1a_full,cross,10,DOGEUSDT,btc_minus_own_360,0,0.0
1a_full,cross,10,DOGEUSDT,eth_minus_own_360,0,0.0
1a_full,cross,10,DOGEUSDT,own_ret_720,0,0.0
1a_full,cross,10,DOGEUSDT,btc_ret_720,0,0.0
1a_full,cross,10,DOGEUSDT,eth_ret_720,0,0.0
1a_full,cross,10,DOGEUSDT,mkt_ret_720,0,0.0
1a_full,cross,10,DOGEUSDT,breadth_720,0,0.0
1a_full,cross,10,DOGEUSDT,disp_720,0,0.0
1a_full,cross,10,DOGEUSDT,relstr_720,0,0.0
1a_full,cross,10,DOGEUSDT,rank_720,0,0.0
1a_full,cross,10,DOGEUSDT,btc_minus_own_720,0,0.0
1a_full,cross,10,DOGEUSDT,eth_minus_own_720,0,0.0
1a_full,cross,10,DOGEUSDT,own_ret_1440,0,0.0
1a_full,cross,10,DOGEUSDT,btc_ret_1440,0,0.0
1a_full,cross,10,DOGEUSDT,eth_ret_1440,0,0.0
1a_full,cross,10,DOGEUSDT,mkt_ret_1440,0,0.0
1a_full,cross,10,DOGEUSDT,breadth_1440,0,0.0
1a_full,cross,10,DOGEUSDT,disp_1440,0,0.0
1a_full,cross,10,DOGEUSDT,relstr_1440,0,0.0
1a_full,cross,10,DOGEUSDT,rank_1440,0,0.0
1a_full,cross,10,DOGEUSDT,btc_minus_own_1440,0,0.0
1a_full,cross,10,DOGEUSDT,eth_minus_own_1440,0,0.0
1a_full,micro,10,DOTUSDT,rskew_30,0,1.7367742799478947e-08
1a_full,micro,10,DOTUSDT,rskew_30_xrank,0,0.0
1a_full,micro,10,DOTUSDT,rkurt_30,0,3.3863882435980486e-06
1a_full,micro,10,DOTUSDT,rkurt_30_xrank,0,0.0
1a_full,micro,10,DOTUSDT,roll_30,0,0.0
1a_full,micro,10,DOTUSDT,roll_30_xrank,0,0.0
1a_full,micro,10,DOTUSDT,amihud_30,0,0.0
1a_full,micro,10,DOTUSDT,amihud_30_xrank,0,0.0
1a_full,micro,10,DOTUSDT,kyle_30,0,1.7120738604603503e-08
1a_full,micro,10,DOTUSDT,kyle_30_xrank,0,0.0
1a_full,micro,10,DOTUSDT,vpin_30,0,0.0
1a_full,micro,10,DOTUSDT,vpin_30_xrank,0,0.0
1a_full,micro,10,DOTUSDT,jump_30,0,8.309382515392372e-09
1a_full,micro,10,DOTUSDT,jump_30_xrank,0,0.0
1a_full,micro,10,DOTUSDT,vratio_30,0,0.0
1a_full,micro,10,DOTUSDT,vratio_30_xrank,0,0.0
1a_full,micro,10,DOTUSDT,cvd_slope_30,0,1.793697101959424e-08
1a_full,micro,10,DOTUSDT,cvd_slope_30_xrank,0,0.0
1a_full,micro,10,DOTUSDT,signac_30,0,0.0
1a_full,micro,10,DOTUSDT,signac_30_xrank,0,0.0
1a_full,micro,10,DOTUSDT,sflow_30,0,0.0
1a_full,micro,10,DOTUSDT,sflow_30_xrank,0,0.0
1a_full,micro,10,DOTUSDT,rskew_120,0,7.341101948554751e-09
1a_full,micro,10,DOTUSDT,rskew_120_xrank,0,0.0
1a_full,micro,10,DOTUSDT,rkurt_120,0,5.699104477230321e-08
1a_full,micro,10,DOTUSDT,rkurt_120_xrank,0,0.0
1a_full,micro,10,DOTUSDT,roll_120,0,0.0
1a_full,micro,10,DOTUSDT,roll_120_xrank,0,0.0
1a_full,micro,10,DOTUSDT,amihud_120,0,0.0
1a_full,micro,10,DOTUSDT,amihud_120_xrank,0,0.0
1a_full,micro,10,DOTUSDT,kyle_120,0,0.0
1a_full,micro,10,DOTUSDT,kyle_120_xrank,0,0.0
1a_full,micro,10,DOTUSDT,vpin_120,0,0.0
1a_full,micro,10,DOTUSDT,vpin_120_xrank,0,0.0
1a_full,micro,10,DOTUSDT,jump_120,0,1.4528288794224409e-08
1a_full,micro,10,DOTUSDT,jump_120_xrank,0,0.0
1a_full,micro,10,DOTUSDT,vratio_120,0,0.0
1a_full,micro,10,DOTUSDT,vratio_120_xrank,0,0.0
1a_full,micro,10,DOTUSDT,cvd_slope_120,0,6.010838404790775e-08
1a_full,micro,10,DOTUSDT,cvd_slope_120_xrank,0,0.0
1a_full,micro,10,DOTUSDT,signac_120,0,0.0
1a_full,micro,10,DOTUSDT,signac_120_xrank,0,0.0
1a_full,micro,10,DOTUSDT,sflow_120,0,0.0
1a_full,micro,10,DOTUSDT,sflow_120_xrank,0,0.0
1a_full,micro,10,DOTUSDT,rskew_480,0,1.214238265490053e-09
1a_full,micro,10,DOTUSDT,rskew_480_xrank,0,0.0
1a_full,micro,10,DOTUSDT,rkurt_480,0,6.614788361503088e-08
1a_full,micro,10,DOTUSDT,rkurt_480_xrank,0,0.0
1a_full,micro,10,DOTUSDT,roll_480,0,0.0
1a_full,micro,10,DOTUSDT,roll_480_xrank,0,0.0
1a_full,micro,10,DOTUSDT,amihud_480,0,0.0
1a_full,micro,10,DOTUSDT,amihud_480_xrank,0,0.0
1a_full,micro,10,DOTUSDT,kyle_480,0,0.0
1a_full,micro,10,DOTUSDT,kyle_480_xrank,0,0.0
1a_full,micro,10,DOTUSDT,vpin_480,0,7.034949334183693e-08
1a_full,micro,10,DOTUSDT,vpin_480_xrank,0,0.0
1a_full,micro,10,DOTUSDT,jump_480,0,1.3671000331783034e-08
1a_full,micro,10,DOTUSDT,jump_480_xrank,0,0.0
1a_full,micro,10,DOTUSDT,vratio_480,0,0.0
1a_full,micro,10,DOTUSDT,vratio_480_xrank,0,0.0
1a_full,micro,10,DOTUSDT,cvd_slope_480,0,0.0
1a_full,micro,10,DOTUSDT,cvd_slope_480_xrank,0,0.0
1a_full,micro,10,DOTUSDT,signac_480,0,0.0
1a_full,micro,10,DOTUSDT,signac_480_xrank,0,0.0
1a_full,micro,10,DOTUSDT,sflow_480,0,0.0
1a_full,micro,10,DOTUSDT,sflow_480_xrank,0,0.0
1a_full,cross,10,DOTUSDT,own_ret_1,0,0.0
1a_full,cross,10,DOTUSDT,btc_ret_1,0,0.0
1a_full,cross,10,DOTUSDT,eth_ret_1,0,0.0
1a_full,cross,10,DOTUSDT,mkt_ret_1,0,0.0
1a_full,cross,10,DOTUSDT,breadth_1,0,0.0
1a_full,cross,10,DOTUSDT,disp_1,0,0.0
1a_full,cross,10,DOTUSDT,relstr_1,0,0.0
1a_full,cross,10,DOTUSDT,rank_1,0,0.0
1a_full,cross,10,DOTUSDT,btc_minus_own_1,0,0.0
1a_full,cross,10,DOTUSDT,eth_minus_own_1,0,0.0
1a_full,cross,10,DOTUSDT,own_ret_5,0,0.0
1a_full,cross,10,DOTUSDT,btc_ret_5,0,0.0
1a_full,cross,10,DOTUSDT,eth_ret_5,0,0.0
1a_full,cross,10,DOTUSDT,mkt_ret_5,0,0.0
1a_full,cross,10,DOTUSDT,breadth_5,0,0.0
1a_full,cross,10,DOTUSDT,disp_5,0,0.0
1a_full,cross,10,DOTUSDT,relstr_5,0,0.0
1a_full,cross,10,DOTUSDT,rank_5,0,0.0
1a_full,cross,10,DOTUSDT,btc_minus_own_5,0,0.0
1a_full,cross,10,DOTUSDT,eth_minus_own_5,0,0.0
1a_full,cross,10,DOTUSDT,own_ret_15,0,0.0
1a_full,cross,10,DOTUSDT,btc_ret_15,0,0.0
1a_full,cross,10,DOTUSDT,eth_ret_15,0,0.0
1a_full,cross,10,DOTUSDT,mkt_ret_15,0,0.0
1a_full,cross,10,DOTUSDT,breadth_15,0,0.0
1a_full,cross,10,DOTUSDT,disp_15,0,0.0
1a_full,cross,10,DOTUSDT,relstr_15,0,0.0
1a_full,cross,10,DOTUSDT,rank_15,0,0.0
1a_full,cross,10,DOTUSDT,btc_minus_own_15,0,0.0
1a_full,cross,10,DOTUSDT,eth_minus_own_15,0,0.0
1a_full,cross,10,DOTUSDT,own_ret_30,0,0.0
1a_full,cross,10,DOTUSDT,btc_ret_30,0,0.0
1a_full,cross,10,DOTUSDT,eth_ret_30,0,0.0
1a_full,cross,10,DOTUSDT,mkt_ret_30,0,0.0
1a_full,cross,10,DOTUSDT,breadth_30,0,0.0
1a_full,cross,10,DOTUSDT,disp_30,0,0.0
1a_full,cross,10,DOTUSDT,relstr_30,0,0.0
1a_full,cross,10,DOTUSDT,rank_30,0,0.0
1a_full,cross,10,DOTUSDT,btc_minus_own_30,0,0.0
1a_full,cross,10,DOTUSDT,eth_minus_own_30,0,0.0
1a_full,cross,10,DOTUSDT,own_ret_60,0,0.0
1a_full,cross,10,DOTUSDT,btc_ret_60,0,0.0
1a_full,cross,10,DOTUSDT,eth_ret_60,0,0.0
1a_full,cross,10,DOTUSDT,mkt_ret_60,0,0.0
1a_full,cross,10,DOTUSDT,breadth_60,0,0.0
1a_full,cross,10,DOTUSDT,disp_60,0,0.0
1a_full,cross,10,DOTUSDT,relstr_60,0,0.0
1a_full,cross,10,DOTUSDT,rank_60,0,0.0
1a_full,cross,10,DOTUSDT,btc_minus_own_60,0,0.0
1a_full,cross,10,DOTUSDT,eth_minus_own_60,0,0.0
1a_full,cross,10,DOTUSDT,own_ret_180,0,0.0
1a_full,cross,10,DOTUSDT,btc_ret_180,0,0.0
1a_full,cross,10,DOTUSDT,eth_ret_180,0,0.0
1a_full,cross,10,DOTUSDT,mkt_ret_180,0,0.0
1a_full,cross,10,DOTUSDT,breadth_180,0,0.0
1a_full,cross,10,DOTUSDT,disp_180,0,0.0
1a_full,cross,10,DOTUSDT,relstr_180,0,0.0
1a_full,cross,10,DOTUSDT,rank_180,0,0.0
1a_full,cross,10,DOTUSDT,btc_minus_own_180,0,0.0
1a_full,cross,10,DOTUSDT,eth_minus_own_180,0,0.0
1a_full,cross,10,DOTUSDT,own_ret_360,0,0.0
1a_full,cross,10,DOTUSDT,btc_ret_360,0,0.0
1a_full,cross,10,DOTUSDT,eth_ret_360,0,0.0
1a_full,cross,10,DOTUSDT,mkt_ret_360,0,0.0
1a_full,cross,10,DOTUSDT,breadth_360,0,0.0
1a_full,cross,10,DOTUSDT,disp_360,0,0.0
1a_full,cross,10,DOTUSDT,relstr_360,0,0.0
1a_full,cross,10,DOTUSDT,rank_360,0,0.0
1a_full,cross,10,DOTUSDT,btc_minus_own_360,0,0.0
1a_full,cross,10,DOTUSDT,eth_minus_own_360,0,0.0
1a_full,cross,10,DOTUSDT,own_ret_720,0,0.0
1a_full,cross,10,DOTUSDT,btc_ret_720,0,0.0
1a_full,cross,10,DOTUSDT,eth_ret_720,0,0.0
1a_full,cross,10,DOTUSDT,mkt_ret_720,0,0.0
1a_full,cross,10,DOTUSDT,breadth_720,0,0.0
1a_full,cross,10,DOTUSDT,disp_720,0,0.0
1a_full,cross,10,DOTUSDT,relstr_720,0,0.0
1a_full,cross,10,DOTUSDT,rank_720,0,0.0
1a_full,cross,10,DOTUSDT,btc_minus_own_720,0,0.0
1a_full,cross,10,DOTUSDT,eth_minus_own_720,0,0.0
1a_full,cross,10,DOTUSDT,own_ret_1440,0,0.0
1a_full,cross,10,DOTUSDT,btc_ret_1440,0,0.0
1a_full,cross,10,DOTUSDT,eth_ret_1440,0,0.0
1a_full,cross,10,DOTUSDT,mkt_ret_1440,0,0.0
1a_full,cross,10,DOTUSDT,breadth_1440,0,0.0
1a_full,cross,10,DOTUSDT,disp_1440,0,0.0
1a_full,cross,10,DOTUSDT,relstr_1440,0,0.0
1a_full,cross,10,DOTUSDT,rank_1440,0,0.0
1a_full,cross,10,DOTUSDT,btc_minus_own_1440,0,0.0
1a_full,cross,10,DOTUSDT,eth_minus_own_1440,0,0.0
1a_full,micro,10,ETHUSDT,rskew_30,0,8.533904249929947e-09
1a_full,micro,10,ETHUSDT,rskew_30_xrank,0,0.0
1a_full,micro,10,ETHUSDT,rkurt_30,0,2.500446271369583e-06
1a_full,micro,10,ETHUSDT,rkurt_30_xrank,0,0.0
1a_full,micro,10,ETHUSDT,roll_30,0,0.0
1a_full,micro,10,ETHUSDT,roll_30_xrank,0,0.0
1a_full,micro,10,ETHUSDT,amihud_30,0,0.0
1a_full,micro,10,ETHUSDT,amihud_30_xrank,0,0.0
1a_full,micro,10,ETHUSDT,kyle_30,0,0.0
1a_full,micro,10,ETHUSDT,kyle_30_xrank,0,0.0
1a_full,micro,10,ETHUSDT,vpin_30,0,0.0
1a_full,micro,10,ETHUSDT,vpin_30_xrank,0,0.0
1a_full,micro,10,ETHUSDT,jump_30,0,2.1403874228553832e-08
1a_full,micro,10,ETHUSDT,jump_30_xrank,0,0.0
1a_full,micro,10,ETHUSDT,vratio_30,0,0.0
1a_full,micro,10,ETHUSDT,vratio_30_xrank,0,0.0
1a_full,micro,10,ETHUSDT,cvd_slope_30,0,0.0
1a_full,micro,10,ETHUSDT,cvd_slope_30_xrank,0,0.0
1a_full,micro,10,ETHUSDT,signac_30,0,0.0
1a_full,micro,10,ETHUSDT,signac_30_xrank,0,0.0
1a_full,micro,10,ETHUSDT,sflow_30,0,0.0
1a_full,micro,10,ETHUSDT,sflow_30_xrank,0,0.0
1a_full,micro,10,ETHUSDT,rskew_120,0,6.6494814099371524e-09
1a_full,micro,10,ETHUSDT,rskew_120_xrank,0,0.0
1a_full,micro,10,ETHUSDT,rkurt_120,0,1.1125532495270818e-07
1a_full,micro,10,ETHUSDT,rkurt_120_xrank,0,0.0
1a_full,micro,10,ETHUSDT,roll_120,0,0.0
1a_full,micro,10,ETHUSDT,roll_120_xrank,0,0.0
1a_full,micro,10,ETHUSDT,amihud_120,0,0.0
1a_full,micro,10,ETHUSDT,amihud_120_xrank,0,0.0
1a_full,micro,10,ETHUSDT,kyle_120,0,0.0
1a_full,micro,10,ETHUSDT,kyle_120_xrank,0,0.0
1a_full,micro,10,ETHUSDT,vpin_120,0,0.0
1a_full,micro,10,ETHUSDT,vpin_120_xrank,0,0.0
1a_full,micro,10,ETHUSDT,jump_120,0,7.473238028410378e-09
1a_full,micro,10,ETHUSDT,jump_120_xrank,0,0.0
1a_full,micro,10,ETHUSDT,vratio_120,0,0.0
1a_full,micro,10,ETHUSDT,vratio_120_xrank,0,0.0
1a_full,micro,10,ETHUSDT,cvd_slope_120,0,0.0
1a_full,micro,10,ETHUSDT,cvd_slope_120_xrank,0,0.0
1a_full,micro,10,ETHUSDT,signac_120,0,0.0
1a_full,micro,10,ETHUSDT,signac_120_xrank,0,0.0
1a_full,micro,10,ETHUSDT,sflow_120,0,0.0
1a_full,micro,10,ETHUSDT,sflow_120_xrank,0,0.0
1a_full,micro,10,ETHUSDT,rskew_480,0,0.0
1a_full,micro,10,ETHUSDT,rskew_480_xrank,0,0.0
1a_full,micro,10,ETHUSDT,rkurt_480,0,5.321571450167539e-08
1a_full,micro,10,ETHUSDT,rkurt_480_xrank,0,0.0
1a_full,micro,10,ETHUSDT,roll_480,0,0.0
1a_full,micro,10,ETHUSDT,roll_480_xrank,0,0.0
1a_full,micro,10,ETHUSDT,amihud_480,0,0.0
1a_full,micro,10,ETHUSDT,amihud_480_xrank,0,0.0
1a_full,micro,10,ETHUSDT,kyle_480,0,0.0
1a_full,micro,10,ETHUSDT,kyle_480_xrank,0,0.0
1a_full,micro,10,ETHUSDT,vpin_480,0,0.0
1a_full,micro,10,ETHUSDT,vpin_480_xrank,0,0.0
1a_full,micro,10,ETHUSDT,jump_480,0,1.6553018955534071e-09
1a_full,micro,10,ETHUSDT,jump_480_xrank,0,0.0
1a_full,micro,10,ETHUSDT,vratio_480,0,0.0
1a_full,micro,10,ETHUSDT,vratio_480_xrank,0,0.0
1a_full,micro,10,ETHUSDT,cvd_slope_480,0,0.0
1a_full,micro,10,ETHUSDT,cvd_slope_480_xrank,0,0.0
1a_full,micro,10,ETHUSDT,signac_480,0,0.0
1a_full,micro,10,ETHUSDT,signac_480_xrank,0,0.0
1a_full,micro,10,ETHUSDT,sflow_480,0,0.0
1a_full,micro,10,ETHUSDT,sflow_480_xrank,0,0.0
1a_full,cross,10,ETHUSDT,own_ret_1,0,0.0
1a_full,cross,10,ETHUSDT,btc_ret_1,0,0.0
1a_full,cross,10,ETHUSDT,eth_ret_1,0,0.0
1a_full,cross,10,ETHUSDT,mkt_ret_1,0,0.0
1a_full,cross,10,ETHUSDT,breadth_1,0,0.0
1a_full,cross,10,ETHUSDT,disp_1,0,0.0
1a_full,cross,10,ETHUSDT,relstr_1,0,0.0
1a_full,cross,10,ETHUSDT,rank_1,0,0.0
1a_full,cross,10,ETHUSDT,btc_minus_own_1,0,0.0
1a_full,cross,10,ETHUSDT,eth_minus_own_1,0,0.0
1a_full,cross,10,ETHUSDT,own_ret_5,0,0.0
1a_full,cross,10,ETHUSDT,btc_ret_5,0,0.0
1a_full,cross,10,ETHUSDT,eth_ret_5,0,0.0
1a_full,cross,10,ETHUSDT,mkt_ret_5,0,0.0
1a_full,cross,10,ETHUSDT,breadth_5,0,0.0
1a_full,cross,10,ETHUSDT,disp_5,0,0.0
1a_full,cross,10,ETHUSDT,relstr_5,0,0.0
1a_full,cross,10,ETHUSDT,rank_5,0,0.0
1a_full,cross,10,ETHUSDT,btc_minus_own_5,0,0.0
1a_full,cross,10,ETHUSDT,eth_minus_own_5,0,0.0
1a_full,cross,10,ETHUSDT,own_ret_15,0,0.0
1a_full,cross,10,ETHUSDT,btc_ret_15,0,0.0
1a_full,cross,10,ETHUSDT,eth_ret_15,0,0.0
1a_full,cross,10,ETHUSDT,mkt_ret_15,0,0.0
1a_full,cross,10,ETHUSDT,breadth_15,0,0.0
1a_full,cross,10,ETHUSDT,disp_15,0,0.0
1a_full,cross,10,ETHUSDT,relstr_15,0,0.0
1a_full,cross,10,ETHUSDT,rank_15,0,0.0
1a_full,cross,10,ETHUSDT,btc_minus_own_15,0,0.0
1a_full,cross,10,ETHUSDT,eth_minus_own_15,0,0.0
1a_full,cross,10,ETHUSDT,own_ret_30,0,0.0
1a_full,cross,10,ETHUSDT,btc_ret_30,0,0.0
1a_full,cross,10,ETHUSDT,eth_ret_30,0,0.0
1a_full,cross,10,ETHUSDT,mkt_ret_30,0,0.0
1a_full,cross,10,ETHUSDT,breadth_30,0,0.0
1a_full,cross,10,ETHUSDT,disp_30,0,0.0
1a_full,cross,10,ETHUSDT,relstr_30,0,0.0
1a_full,cross,10,ETHUSDT,rank_30,0,0.0
1a_full,cross,10,ETHUSDT,btc_minus_own_30,0,0.0
1a_full,cross,10,ETHUSDT,eth_minus_own_30,0,0.0
1a_full,cross,10,ETHUSDT,own_ret_60,0,0.0
1a_full,cross,10,ETHUSDT,btc_ret_60,0,0.0
1a_full,cross,10,ETHUSDT,eth_ret_60,0,0.0
1a_full,cross,10,ETHUSDT,mkt_ret_60,0,0.0
1a_full,cross,10,ETHUSDT,breadth_60,0,0.0
1a_full,cross,10,ETHUSDT,disp_60,0,0.0
1a_full,cross,10,ETHUSDT,relstr_60,0,0.0
1a_full,cross,10,ETHUSDT,rank_60,0,0.0
1a_full,cross,10,ETHUSDT,btc_minus_own_60,0,0.0
1a_full,cross,10,ETHUSDT,eth_minus_own_60,0,0.0
1a_full,cross,10,ETHUSDT,own_ret_180,0,0.0
1a_full,cross,10,ETHUSDT,btc_ret_180,0,0.0
1a_full,cross,10,ETHUSDT,eth_ret_180,0,0.0
1a_full,cross,10,ETHUSDT,mkt_ret_180,0,0.0
1a_full,cross,10,ETHUSDT,breadth_180,0,0.0
1a_full,cross,10,ETHUSDT,disp_180,0,0.0
1a_full,cross,10,ETHUSDT,relstr_180,0,0.0
1a_full,cross,10,ETHUSDT,rank_180,0,0.0
1a_full,cross,10,ETHUSDT,btc_minus_own_180,0,0.0
1a_full,cross,10,ETHUSDT,eth_minus_own_180,0,0.0
1a_full,cross,10,ETHUSDT,own_ret_360,0,0.0
1a_full,cross,10,ETHUSDT,btc_ret_360,0,0.0
1a_full,cross,10,ETHUSDT,eth_ret_360,0,0.0
1a_full,cross,10,ETHUSDT,mkt_ret_360,0,0.0
1a_full,cross,10,ETHUSDT,breadth_360,0,0.0
1a_full,cross,10,ETHUSDT,disp_360,0,0.0
1a_full,cross,10,ETHUSDT,relstr_360,0,0.0
1a_full,cross,10,ETHUSDT,rank_360,0,0.0
1a_full,cross,10,ETHUSDT,btc_minus_own_360,0,0.0
1a_full,cross,10,ETHUSDT,eth_minus_own_360,0,0.0
1a_full,cross,10,ETHUSDT,own_ret_720,0,0.0
1a_full,cross,10,ETHUSDT,btc_ret_720,0,0.0
1a_full,cross,10,ETHUSDT,eth_ret_720,0,0.0
1a_full,cross,10,ETHUSDT,mkt_ret_720,0,0.0
1a_full,cross,10,ETHUSDT,breadth_720,0,0.0
1a_full,cross,10,ETHUSDT,disp_720,0,0.0
1a_full,cross,10,ETHUSDT,relstr_720,0,0.0
1a_full,cross,10,ETHUSDT,rank_720,0,0.0
1a_full,cross,10,ETHUSDT,btc_minus_own_720,0,0.0
1a_full,cross,10,ETHUSDT,eth_minus_own_720,0,0.0
1a_full,cross,10,ETHUSDT,own_ret_1440,0,0.0
1a_full,cross,10,ETHUSDT,btc_ret_1440,0,0.0
1a_full,cross,10,ETHUSDT,eth_ret_1440,0,0.0
1a_full,cross,10,ETHUSDT,mkt_ret_1440,0,0.0
1a_full,cross,10,ETHUSDT,breadth_1440,0,0.0
1a_full,cross,10,ETHUSDT,disp_1440,0,0.0
1a_full,cross,10,ETHUSDT,relstr_1440,0,0.0
1a_full,cross,10,ETHUSDT,rank_1440,0,0.0
1a_full,cross,10,ETHUSDT,btc_minus_own_1440,0,0.0
1a_full,cross,10,ETHUSDT,eth_minus_own_1440,0,0.0
1a_full,micro,10,LINKUSDT,rskew_30,0,7.392955692075986e-10
1a_full,micro,10,LINKUSDT,rskew_30_xrank,0,0.0
1a_full,micro,10,LINKUSDT,rkurt_30,0,3.1810867540116305e-07
1a_full,micro,10,LINKUSDT,rkurt_30_xrank,0,0.0
1a_full,micro,10,LINKUSDT,roll_30,0,0.0
1a_full,micro,10,LINKUSDT,roll_30_xrank,0,0.0
1a_full,micro,10,LINKUSDT,amihud_30,0,0.0
1a_full,micro,10,LINKUSDT,amihud_30_xrank,0,0.0
1a_full,micro,10,LINKUSDT,kyle_30,0,5.1292651903622755e-08
1a_full,micro,10,LINKUSDT,kyle_30_xrank,0,0.0
1a_full,micro,10,LINKUSDT,vpin_30,0,0.0
1a_full,micro,10,LINKUSDT,vpin_30_xrank,0,0.0
1a_full,micro,10,LINKUSDT,jump_30,0,7.818668379400151e-09
1a_full,micro,10,LINKUSDT,jump_30_xrank,0,0.0
1a_full,micro,10,LINKUSDT,vratio_30,0,0.0
1a_full,micro,10,LINKUSDT,vratio_30_xrank,0,0.0
1a_full,micro,10,LINKUSDT,cvd_slope_30,0,0.0
1a_full,micro,10,LINKUSDT,cvd_slope_30_xrank,0,0.0
1a_full,micro,10,LINKUSDT,signac_30,0,0.0
1a_full,micro,10,LINKUSDT,signac_30_xrank,0,0.0
1a_full,micro,10,LINKUSDT,sflow_30,0,0.0
1a_full,micro,10,LINKUSDT,sflow_30_xrank,0,0.0
1a_full,micro,10,LINKUSDT,rskew_120,0,0.0
1a_full,micro,10,LINKUSDT,rskew_120_xrank,0,0.0
1a_full,micro,10,LINKUSDT,rkurt_120,0,2.4717856206279976e-08
1a_full,micro,10,LINKUSDT,rkurt_120_xrank,0,0.0
1a_full,micro,10,LINKUSDT,roll_120,0,0.0
1a_full,micro,10,LINKUSDT,roll_120_xrank,0,0.0
1a_full,micro,10,LINKUSDT,amihud_120,0,0.0
1a_full,micro,10,LINKUSDT,amihud_120_xrank,0,0.0
1a_full,micro,10,LINKUSDT,kyle_120,0,0.0
1a_full,micro,10,LINKUSDT,kyle_120_xrank,0,0.0
1a_full,micro,10,LINKUSDT,vpin_120,0,0.0
1a_full,micro,10,LINKUSDT,vpin_120_xrank,0,0.0
1a_full,micro,10,LINKUSDT,jump_120,0,2.0713738280164762e-08
1a_full,micro,10,LINKUSDT,jump_120_xrank,0,0.0
1a_full,micro,10,LINKUSDT,vratio_120,0,0.0
1a_full,micro,10,LINKUSDT,vratio_120_xrank,0,0.0
1a_full,micro,10,LINKUSDT,cvd_slope_120,0,4.0235603043781154e-11
1a_full,micro,10,LINKUSDT,cvd_slope_120_xrank,0,0.0
1a_full,micro,10,LINKUSDT,signac_120,0,0.0
1a_full,micro,10,LINKUSDT,signac_120_xrank,0,0.0
1a_full,micro,10,LINKUSDT,sflow_120,0,0.0
1a_full,micro,10,LINKUSDT,sflow_120_xrank,0,0.0
1a_full,micro,10,LINKUSDT,rskew_480,0,0.0
1a_full,micro,10,LINKUSDT,rskew_480_xrank,0,0.0
1a_full,micro,10,LINKUSDT,rkurt_480,0,1.3747208704728564e-08
1a_full,micro,10,LINKUSDT,rkurt_480_xrank,0,0.0
1a_full,micro,10,LINKUSDT,roll_480,0,0.0
1a_full,micro,10,LINKUSDT,roll_480_xrank,0,0.0
1a_full,micro,10,LINKUSDT,amihud_480,0,0.0
1a_full,micro,10,LINKUSDT,amihud_480_xrank,0,0.0
1a_full,micro,10,LINKUSDT,kyle_480,0,0.0
1a_full,micro,10,LINKUSDT,kyle_480_xrank,0,0.0
1a_full,micro,10,LINKUSDT,vpin_480,0,0.0
1a_full,micro,10,LINKUSDT,vpin_480_xrank,0,0.0
1a_full,micro,10,LINKUSDT,jump_480,0,6.170787769654851e-10
1a_full,micro,10,LINKUSDT,jump_480_xrank,0,0.0
1a_full,micro,10,LINKUSDT,vratio_480,0,0.0
1a_full,micro,10,LINKUSDT,vratio_480_xrank,0,0.0
1a_full,micro,10,LINKUSDT,cvd_slope_480,0,0.0
1a_full,micro,10,LINKUSDT,cvd_slope_480_xrank,0,0.0
1a_full,micro,10,LINKUSDT,signac_480,0,0.0
1a_full,micro,10,LINKUSDT,signac_480_xrank,0,0.0
1a_full,micro,10,LINKUSDT,sflow_480,0,0.0
1a_full,micro,10,LINKUSDT,sflow_480_xrank,0,0.0
1a_full,cross,10,LINKUSDT,own_ret_1,0,0.0
1a_full,cross,10,LINKUSDT,btc_ret_1,0,0.0
1a_full,cross,10,LINKUSDT,eth_ret_1,0,0.0
1a_full,cross,10,LINKUSDT,mkt_ret_1,0,0.0
1a_full,cross,10,LINKUSDT,breadth_1,0,0.0
1a_full,cross,10,LINKUSDT,disp_1,0,0.0
1a_full,cross,10,LINKUSDT,relstr_1,0,0.0
1a_full,cross,10,LINKUSDT,rank_1,0,0.0
1a_full,cross,10,LINKUSDT,btc_minus_own_1,0,0.0
1a_full,cross,10,LINKUSDT,eth_minus_own_1,0,0.0
1a_full,cross,10,LINKUSDT,own_ret_5,0,0.0
1a_full,cross,10,LINKUSDT,btc_ret_5,0,0.0
1a_full,cross,10,LINKUSDT,eth_ret_5,0,0.0
1a_full,cross,10,LINKUSDT,mkt_ret_5,0,0.0
1a_full,cross,10,LINKUSDT,breadth_5,0,0.0
1a_full,cross,10,LINKUSDT,disp_5,0,0.0
1a_full,cross,10,LINKUSDT,relstr_5,0,0.0
1a_full,cross,10,LINKUSDT,rank_5,0,0.0
1a_full,cross,10,LINKUSDT,btc_minus_own_5,0,0.0
1a_full,cross,10,LINKUSDT,eth_minus_own_5,0,0.0
1a_full,cross,10,LINKUSDT,own_ret_15,0,0.0
1a_full,cross,10,LINKUSDT,btc_ret_15,0,0.0
1a_full,cross,10,LINKUSDT,eth_ret_15,0,0.0
1a_full,cross,10,LINKUSDT,mkt_ret_15,0,0.0
1a_full,cross,10,LINKUSDT,breadth_15,0,0.0
1a_full,cross,10,LINKUSDT,disp_15,0,0.0
1a_full,cross,10,LINKUSDT,relstr_15,0,0.0
1a_full,cross,10,LINKUSDT,rank_15,0,0.0
1a_full,cross,10,LINKUSDT,btc_minus_own_15,0,0.0
1a_full,cross,10,LINKUSDT,eth_minus_own_15,0,0.0
1a_full,cross,10,LINKUSDT,own_ret_30,0,0.0
1a_full,cross,10,LINKUSDT,btc_ret_30,0,0.0
1a_full,cross,10,LINKUSDT,eth_ret_30,0,0.0
1a_full,cross,10,LINKUSDT,mkt_ret_30,0,0.0
1a_full,cross,10,LINKUSDT,breadth_30,0,0.0
1a_full,cross,10,LINKUSDT,disp_30,0,0.0
1a_full,cross,10,LINKUSDT,relstr_30,0,0.0
1a_full,cross,10,LINKUSDT,rank_30,0,0.0
1a_full,cross,10,LINKUSDT,btc_minus_own_30,0,0.0
1a_full,cross,10,LINKUSDT,eth_minus_own_30,0,0.0
1a_full,cross,10,LINKUSDT,own_ret_60,0,0.0
1a_full,cross,10,LINKUSDT,btc_ret_60,0,0.0
1a_full,cross,10,LINKUSDT,eth_ret_60,0,0.0
1a_full,cross,10,LINKUSDT,mkt_ret_60,0,0.0
1a_full,cross,10,LINKUSDT,breadth_60,0,0.0
1a_full,cross,10,LINKUSDT,disp_60,0,0.0
1a_full,cross,10,LINKUSDT,relstr_60,0,0.0
1a_full,cross,10,LINKUSDT,rank_60,0,0.0
1a_full,cross,10,LINKUSDT,btc_minus_own_60,0,0.0
1a_full,cross,10,LINKUSDT,eth_minus_own_60,0,0.0
1a_full,cross,10,LINKUSDT,own_ret_180,0,0.0
1a_full,cross,10,LINKUSDT,btc_ret_180,0,0.0
1a_full,cross,10,LINKUSDT,eth_ret_180,0,0.0
1a_full,cross,10,LINKUSDT,mkt_ret_180,0,0.0
1a_full,cross,10,LINKUSDT,breadth_180,0,0.0
1a_full,cross,10,LINKUSDT,disp_180,0,0.0
1a_full,cross,10,LINKUSDT,relstr_180,0,0.0
1a_full,cross,10,LINKUSDT,rank_180,0,0.0
1a_full,cross,10,LINKUSDT,btc_minus_own_180,0,0.0
1a_full,cross,10,LINKUSDT,eth_minus_own_180,0,0.0
1a_full,cross,10,LINKUSDT,own_ret_360,0,0.0
1a_full,cross,10,LINKUSDT,btc_ret_360,0,0.0
1a_full,cross,10,LINKUSDT,eth_ret_360,0,0.0
1a_full,cross,10,LINKUSDT,mkt_ret_360,0,0.0
1a_full,cross,10,LINKUSDT,breadth_360,0,0.0
1a_full,cross,10,LINKUSDT,disp_360,0,0.0
1a_full,cross,10,LINKUSDT,relstr_360,0,0.0
1a_full,cross,10,LINKUSDT,rank_360,0,0.0
1a_full,cross,10,LINKUSDT,btc_minus_own_360,0,0.0
1a_full,cross,10,LINKUSDT,eth_minus_own_360,0,0.0
1a_full,cross,10,LINKUSDT,own_ret_720,0,0.0
1a_full,cross,10,LINKUSDT,btc_ret_720,0,0.0
1a_full,cross,10,LINKUSDT,eth_ret_720,0,0.0
1a_full,cross,10,LINKUSDT,mkt_ret_720,0,0.0
1a_full,cross,10,LINKUSDT,breadth_720,0,0.0
1a_full,cross,10,LINKUSDT,disp_720,0,0.0
1a_full,cross,10,LINKUSDT,relstr_720,0,0.0
1a_full,cross,10,LINKUSDT,rank_720,0,0.0
1a_full,cross,10,LINKUSDT,btc_minus_own_720,0,0.0
1a_full,cross,10,LINKUSDT,eth_minus_own_720,0,0.0
1a_full,cross,10,LINKUSDT,own_ret_1440,0,0.0
1a_full,cross,10,LINKUSDT,btc_ret_1440,0,0.0
1a_full,cross,10,LINKUSDT,eth_ret_1440,0,0.0
1a_full,cross,10,LINKUSDT,mkt_ret_1440,0,0.0
1a_full,cross,10,LINKUSDT,breadth_1440,0,0.0
1a_full,cross,10,LINKUSDT,disp_1440,0,0.0
1a_full,cross,10,LINKUSDT,relstr_1440,0,0.0
1a_full,cross,10,LINKUSDT,rank_1440,0,0.0
1a_full,cross,10,LINKUSDT,btc_minus_own_1440,0,0.0
1a_full,cross,10,LINKUSDT,eth_minus_own_1440,0,0.0
1a_full,micro,10,SOLUSDT,rskew_30,0,1.4471458698039896e-08
1a_full,micro,10,SOLUSDT,rskew_30_xrank,0,0.0
1a_full,micro,10,SOLUSDT,rkurt_30,0,1.9644578230781917e-07
1a_full,micro,10,SOLUSDT,rkurt_30_xrank,0,0.0
1a_full,micro,10,SOLUSDT,roll_30,0,0.0
1a_full,micro,10,SOLUSDT,roll_30_xrank,0,0.0
1a_full,micro,10,SOLUSDT,amihud_30,0,0.0
1a_full,micro,10,SOLUSDT,amihud_30_xrank,0,0.0
1a_full,micro,10,SOLUSDT,kyle_30,0,0.0
1a_full,micro,10,SOLUSDT,kyle_30_xrank,0,0.0
1a_full,micro,10,SOLUSDT,vpin_30,0,0.0
1a_full,micro,10,SOLUSDT,vpin_30_xrank,0,0.0
1a_full,micro,10,SOLUSDT,jump_30,0,5.546339831852265e-09
1a_full,micro,10,SOLUSDT,jump_30_xrank,0,0.0
1a_full,micro,10,SOLUSDT,vratio_30,0,0.0
1a_full,micro,10,SOLUSDT,vratio_30_xrank,0,0.0
1a_full,micro,10,SOLUSDT,cvd_slope_30,0,0.0
1a_full,micro,10,SOLUSDT,cvd_slope_30_xrank,0,0.0
1a_full,micro,10,SOLUSDT,signac_30,0,0.0
1a_full,micro,10,SOLUSDT,signac_30_xrank,0,0.0
1a_full,micro,10,SOLUSDT,sflow_30,0,0.0
1a_full,micro,10,SOLUSDT,sflow_30_xrank,0,0.0
1a_full,micro,10,SOLUSDT,rskew_120,0,1.8132342849419558e-10
1a_full,micro,10,SOLUSDT,rskew_120_xrank,0,0.0
1a_full,micro,10,SOLUSDT,rkurt_120,0,1.2449512531986784e-08
1a_full,micro,10,SOLUSDT,rkurt_120_xrank,0,0.0
1a_full,micro,10,SOLUSDT,roll_120,0,0.0
1a_full,micro,10,SOLUSDT,roll_120_xrank,0,0.0
1a_full,micro,10,SOLUSDT,amihud_120,0,0.0
1a_full,micro,10,SOLUSDT,amihud_120_xrank,0,0.0
1a_full,micro,10,SOLUSDT,kyle_120,0,0.0
1a_full,micro,10,SOLUSDT,kyle_120_xrank,0,0.0
1a_full,micro,10,SOLUSDT,vpin_120,0,0.0
1a_full,micro,10,SOLUSDT,vpin_120_xrank,0,0.0
1a_full,micro,10,SOLUSDT,jump_120,0,1.1728848114955781e-08
1a_full,micro,10,SOLUSDT,jump_120_xrank,0,0.0
1a_full,micro,10,SOLUSDT,vratio_120,0,0.0
1a_full,micro,10,SOLUSDT,vratio_120_xrank,0,0.0
1a_full,micro,10,SOLUSDT,cvd_slope_120,0,0.0
1a_full,micro,10,SOLUSDT,cvd_slope_120_xrank,0,0.0
1a_full,micro,10,SOLUSDT,signac_120,0,0.0
1a_full,micro,10,SOLUSDT,signac_120_xrank,0,0.0
1a_full,micro,10,SOLUSDT,sflow_120,0,0.0
1a_full,micro,10,SOLUSDT,sflow_120_xrank,0,0.0
1a_full,micro,10,SOLUSDT,rskew_480,0,0.0
1a_full,micro,10,SOLUSDT,rskew_480_xrank,0,0.0
1a_full,micro,10,SOLUSDT,rkurt_480,0,1.4885380927864844e-08
1a_full,micro,10,SOLUSDT,rkurt_480_xrank,0,0.0
1a_full,micro,10,SOLUSDT,roll_480,0,0.0
1a_full,micro,10,SOLUSDT,roll_480_xrank,0,0.0
1a_full,micro,10,SOLUSDT,amihud_480,0,0.0
1a_full,micro,10,SOLUSDT,amihud_480_xrank,0,0.0
1a_full,micro,10,SOLUSDT,kyle_480,0,0.0
1a_full,micro,10,SOLUSDT,kyle_480_xrank,0,0.0
1a_full,micro,10,SOLUSDT,vpin_480,0,0.0
1a_full,micro,10,SOLUSDT,vpin_480_xrank,0,0.0
1a_full,micro,10,SOLUSDT,jump_480,0,3.0634770276094514e-09
1a_full,micro,10,SOLUSDT,jump_480_xrank,0,0.0
1a_full,micro,10,SOLUSDT,vratio_480,0,0.0
1a_full,micro,10,SOLUSDT,vratio_480_xrank,0,0.0
1a_full,micro,10,SOLUSDT,cvd_slope_480,0,0.0
1a_full,micro,10,SOLUSDT,cvd_slope_480_xrank,0,0.0
1a_full,micro,10,SOLUSDT,signac_480,0,0.0
1a_full,micro,10,SOLUSDT,signac_480_xrank,0,0.0
1a_full,micro,10,SOLUSDT,sflow_480,0,0.0
1a_full,micro,10,SOLUSDT,sflow_480_xrank,0,0.0
1a_full,cross,10,SOLUSDT,own_ret_1,0,0.0
1a_full,cross,10,SOLUSDT,btc_ret_1,0,0.0
1a_full,cross,10,SOLUSDT,eth_ret_1,0,0.0
1a_full,cross,10,SOLUSDT,mkt_ret_1,0,0.0
1a_full,cross,10,SOLUSDT,breadth_1,0,0.0
1a_full,cross,10,SOLUSDT,disp_1,0,0.0
1a_full,cross,10,SOLUSDT,relstr_1,0,0.0
1a_full,cross,10,SOLUSDT,rank_1,0,0.0
1a_full,cross,10,SOLUSDT,btc_minus_own_1,0,0.0
1a_full,cross,10,SOLUSDT,eth_minus_own_1,0,0.0
1a_full,cross,10,SOLUSDT,own_ret_5,0,0.0
1a_full,cross,10,SOLUSDT,btc_ret_5,0,0.0
1a_full,cross,10,SOLUSDT,eth_ret_5,0,0.0
1a_full,cross,10,SOLUSDT,mkt_ret_5,0,0.0
1a_full,cross,10,SOLUSDT,breadth_5,0,0.0
1a_full,cross,10,SOLUSDT,disp_5,0,0.0
1a_full,cross,10,SOLUSDT,relstr_5,0,0.0
1a_full,cross,10,SOLUSDT,rank_5,0,0.0
1a_full,cross,10,SOLUSDT,btc_minus_own_5,0,0.0
1a_full,cross,10,SOLUSDT,eth_minus_own_5,0,0.0
1a_full,cross,10,SOLUSDT,own_ret_15,0,0.0
1a_full,cross,10,SOLUSDT,btc_ret_15,0,0.0
1a_full,cross,10,SOLUSDT,eth_ret_15,0,0.0
1a_full,cross,10,SOLUSDT,mkt_ret_15,0,0.0
1a_full,cross,10,SOLUSDT,breadth_15,0,0.0
1a_full,cross,10,SOLUSDT,disp_15,0,0.0
1a_full,cross,10,SOLUSDT,relstr_15,0,0.0
1a_full,cross,10,SOLUSDT,rank_15,0,0.0
1a_full,cross,10,SOLUSDT,btc_minus_own_15,0,0.0
1a_full,cross,10,SOLUSDT,eth_minus_own_15,0,0.0
1a_full,cross,10,SOLUSDT,own_ret_30,0,0.0
1a_full,cross,10,SOLUSDT,btc_ret_30,0,0.0
1a_full,cross,10,SOLUSDT,eth_ret_30,0,0.0
1a_full,cross,10,SOLUSDT,mkt_ret_30,0,0.0
1a_full,cross,10,SOLUSDT,breadth_30,0,0.0
1a_full,cross,10,SOLUSDT,disp_30,0,0.0
1a_full,cross,10,SOLUSDT,relstr_30,0,0.0
1a_full,cross,10,SOLUSDT,rank_30,0,0.0
1a_full,cross,10,SOLUSDT,btc_minus_own_30,0,0.0
1a_full,cross,10,SOLUSDT,eth_minus_own_30,0,0.0
1a_full,cross,10,SOLUSDT,own_ret_60,0,0.0
1a_full,cross,10,SOLUSDT,btc_ret_60,0,0.0
1a_full,cross,10,SOLUSDT,eth_ret_60,0,0.0
1a_full,cross,10,SOLUSDT,mkt_ret_60,0,0.0
1a_full,cross,10,SOLUSDT,breadth_60,0,0.0
1a_full,cross,10,SOLUSDT,disp_60,0,0.0
1a_full,cross,10,SOLUSDT,relstr_60,0,0.0
1a_full,cross,10,SOLUSDT,rank_60,0,0.0
1a_full,cross,10,SOLUSDT,btc_minus_own_60,0,0.0
1a_full,cross,10,SOLUSDT,eth_minus_own_60,0,0.0
1a_full,cross,10,SOLUSDT,own_ret_180,0,0.0
1a_full,cross,10,SOLUSDT,btc_ret_180,0,0.0
1a_full,cross,10,SOLUSDT,eth_ret_180,0,0.0
1a_full,cross,10,SOLUSDT,mkt_ret_180,0,0.0
1a_full,cross,10,SOLUSDT,breadth_180,0,0.0
1a_full,cross,10,SOLUSDT,disp_180,0,0.0
1a_full,cross,10,SOLUSDT,relstr_180,0,0.0
1a_full,cross,10,SOLUSDT,rank_180,0,0.0
1a_full,cross,10,SOLUSDT,btc_minus_own_180,0,0.0
1a_full,cross,10,SOLUSDT,eth_minus_own_180,0,0.0
1a_full,cross,10,SOLUSDT,own_ret_360,0,0.0
1a_full,cross,10,SOLUSDT,btc_ret_360,0,0.0
1a_full,cross,10,SOLUSDT,eth_ret_360,0,0.0
1a_full,cross,10,SOLUSDT,mkt_ret_360,0,0.0
1a_full,cross,10,SOLUSDT,breadth_360,0,0.0
1a_full,cross,10,SOLUSDT,disp_360,0,0.0
1a_full,cross,10,SOLUSDT,relstr_360,0,0.0
1a_full,cross,10,SOLUSDT,rank_360,0,0.0
1a_full,cross,10,SOLUSDT,btc_minus_own_360,0,0.0
1a_full,cross,10,SOLUSDT,eth_minus_own_360,0,0.0
1a_full,cross,10,SOLUSDT,own_ret_720,0,0.0
1a_full,cross,10,SOLUSDT,btc_ret_720,0,0.0
1a_full,cross,10,SOLUSDT,eth_ret_720,0,0.0
1a_full,cross,10,SOLUSDT,mkt_ret_720,0,0.0
1a_full,cross,10,SOLUSDT,breadth_720,0,0.0
1a_full,cross,10,SOLUSDT,disp_720,0,0.0
1a_full,cross,10,SOLUSDT,relstr_720,0,0.0
1a_full,cross,10,SOLUSDT,rank_720,0,0.0
1a_full,cross,10,SOLUSDT,btc_minus_own_720,0,0.0
1a_full,cross,10,SOLUSDT,eth_minus_own_720,0,0.0
1a_full,cross,10,SOLUSDT,own_ret_1440,0,0.0
1a_full,cross,10,SOLUSDT,btc_ret_1440,0,0.0
1a_full,cross,10,SOLUSDT,eth_ret_1440,0,0.0
1a_full,cross,10,SOLUSDT,mkt_ret_1440,0,0.0
1a_full,cross,10,SOLUSDT,breadth_1440,0,0.0
1a_full,cross,10,SOLUSDT,disp_1440,0,0.0
1a_full,cross,10,SOLUSDT,relstr_1440,0,0.0
1a_full,cross,10,SOLUSDT,rank_1440,0,0.0
1a_full,cross,10,SOLUSDT,btc_minus_own_1440,0,0.0
1a_full,cross,10,SOLUSDT,eth_minus_own_1440,0,0.0
1a_full,micro,10,XRPUSDT,rskew_30,0,3.233108003541929e-09
1a_full,micro,10,XRPUSDT,rskew_30_xrank,0,0.0
1a_full,micro,10,XRPUSDT,rkurt_30,0,1.399575353389082e-07
1a_full,micro,10,XRPUSDT,rkurt_30_xrank,0,0.0
1a_full,micro,10,XRPUSDT,roll_30,0,0.0
1a_full,micro,10,XRPUSDT,roll_30_xrank,0,0.0
1a_full,micro,10,XRPUSDT,amihud_30,0,0.0
1a_full,micro,10,XRPUSDT,amihud_30_xrank,0,0.0
1a_full,micro,10,XRPUSDT,kyle_30,0,0.0
1a_full,micro,10,XRPUSDT,kyle_30_xrank,0,0.0
1a_full,micro,10,XRPUSDT,vpin_30,0,0.0
1a_full,micro,10,XRPUSDT,vpin_30_xrank,0,0.0
1a_full,micro,10,XRPUSDT,jump_30,0,6.65078516703943e-08
1a_full,micro,10,XRPUSDT,jump_30_xrank,0,0.0
1a_full,micro,10,XRPUSDT,vratio_30,0,1.3819834165929024e-08
1a_full,micro,10,XRPUSDT,vratio_30_xrank,0,0.0
1a_full,micro,10,XRPUSDT,cvd_slope_30,0,0.0
1a_full,micro,10,XRPUSDT,cvd_slope_30_xrank,0,0.0
1a_full,micro,10,XRPUSDT,signac_30,0,0.0
1a_full,micro,10,XRPUSDT,signac_30_xrank,0,0.0
1a_full,micro,10,XRPUSDT,sflow_30,0,0.0
1a_full,micro,10,XRPUSDT,sflow_30_xrank,0,0.0
1a_full,micro,10,XRPUSDT,rskew_120,0,0.0
1a_full,micro,10,XRPUSDT,rskew_120_xrank,0,0.0
1a_full,micro,10,XRPUSDT,rkurt_120,0,9.771722986329223e-09
1a_full,micro,10,XRPUSDT,rkurt_120_xrank,0,0.0
1a_full,micro,10,XRPUSDT,roll_120,0,0.0
1a_full,micro,10,XRPUSDT,roll_120_xrank,0,0.0
1a_full,micro,10,XRPUSDT,amihud_120,0,0.0
1a_full,micro,10,XRPUSDT,amihud_120_xrank,0,0.0
1a_full,micro,10,XRPUSDT,kyle_120,0,0.0
1a_full,micro,10,XRPUSDT,kyle_120_xrank,0,0.0
1a_full,micro,10,XRPUSDT,vpin_120,0,0.0
1a_full,micro,10,XRPUSDT,vpin_120_xrank,0,0.0
1a_full,micro,10,XRPUSDT,jump_120,0,0.0
1a_full,micro,10,XRPUSDT,jump_120_xrank,0,0.0
1a_full,micro,10,XRPUSDT,vratio_120,0,0.0
1a_full,micro,10,XRPUSDT,vratio_120_xrank,0,0.0
1a_full,micro,10,XRPUSDT,cvd_slope_120,0,0.0
1a_full,micro,10,XRPUSDT,cvd_slope_120_xrank,0,0.0
1a_full,micro,10,XRPUSDT,signac_120,0,0.0
1a_full,micro,10,XRPUSDT,signac_120_xrank,0,0.0
1a_full,micro,10,XRPUSDT,sflow_120,0,0.0
1a_full,micro,10,XRPUSDT,sflow_120_xrank,0,0.0
1a_full,micro,10,XRPUSDT,rskew_480,0,0.0
1a_full,micro,10,XRPUSDT,rskew_480_xrank,0,0.0
1a_full,micro,10,XRPUSDT,rkurt_480,0,1.0061886435153156e-08
1a_full,micro,10,XRPUSDT,rkurt_480_xrank,0,0.0
1a_full,micro,10,XRPUSDT,roll_480,0,0.0
1a_full,micro,10,XRPUSDT,roll_480_xrank,0,0.0
1a_full,micro,10,XRPUSDT,amihud_480,0,0.0
1a_full,micro,10,XRPUSDT,amihud_480_xrank,0,0.0
1a_full,micro,10,XRPUSDT,kyle_480,0,0.0
1a_full,micro,10,XRPUSDT,kyle_480_xrank,0,0.0
1a_full,micro,10,XRPUSDT,vpin_480,0,0.0
1a_full,micro,10,XRPUSDT,vpin_480_xrank,0,0.0
1a_full,micro,10,XRPUSDT,jump_480,0,5.444166228940617e-10
1a_full,micro,10,XRPUSDT,jump_480_xrank,0,0.0
1a_full,micro,10,XRPUSDT,vratio_480,0,0.0
1a_full,micro,10,XRPUSDT,vratio_480_xrank,0,0.0
1a_full,micro,10,XRPUSDT,cvd_slope_480,0,0.0
1a_full,micro,10,XRPUSDT,cvd_slope_480_xrank,0,0.0
1a_full,micro,10,XRPUSDT,signac_480,0,0.0
1a_full,micro,10,XRPUSDT,signac_480_xrank,0,0.0
1a_full,micro,10,XRPUSDT,sflow_480,0,0.0
1a_full,micro,10,XRPUSDT,sflow_480_xrank,0,0.0
1a_full,cross,10,XRPUSDT,own_ret_1,0,0.0
1a_full,cross,10,XRPUSDT,btc_ret_1,0,0.0
1a_full,cross,10,XRPUSDT,eth_ret_1,0,0.0
1a_full,cross,10,XRPUSDT,mkt_ret_1,0,0.0
1a_full,cross,10,XRPUSDT,breadth_1,0,0.0
1a_full,cross,10,XRPUSDT,disp_1,0,0.0
1a_full,cross,10,XRPUSDT,relstr_1,0,0.0
1a_full,cross,10,XRPUSDT,rank_1,0,0.0
1a_full,cross,10,XRPUSDT,btc_minus_own_1,0,0.0
1a_full,cross,10,XRPUSDT,eth_minus_own_1,0,0.0
1a_full,cross,10,XRPUSDT,own_ret_5,0,0.0
1a_full,cross,10,XRPUSDT,btc_ret_5,0,0.0
1a_full,cross,10,XRPUSDT,eth_ret_5,0,0.0
1a_full,cross,10,XRPUSDT,mkt_ret_5,0,0.0
1a_full,cross,10,XRPUSDT,breadth_5,0,0.0
1a_full,cross,10,XRPUSDT,disp_5,0,0.0
1a_full,cross,10,XRPUSDT,relstr_5,0,0.0
1a_full,cross,10,XRPUSDT,rank_5,0,0.0
1a_full,cross,10,XRPUSDT,btc_minus_own_5,0,0.0
1a_full,cross,10,XRPUSDT,eth_minus_own_5,0,0.0
1a_full,cross,10,XRPUSDT,own_ret_15,0,0.0
1a_full,cross,10,XRPUSDT,btc_ret_15,0,0.0
1a_full,cross,10,XRPUSDT,eth_ret_15,0,0.0
1a_full,cross,10,XRPUSDT,mkt_ret_15,0,0.0
1a_full,cross,10,XRPUSDT,breadth_15,0,0.0
1a_full,cross,10,XRPUSDT,disp_15,0,0.0
1a_full,cross,10,XRPUSDT,relstr_15,0,0.0
1a_full,cross,10,XRPUSDT,rank_15,0,0.0
1a_full,cross,10,XRPUSDT,btc_minus_own_15,0,0.0
1a_full,cross,10,XRPUSDT,eth_minus_own_15,0,0.0
1a_full,cross,10,XRPUSDT,own_ret_30,0,0.0
1a_full,cross,10,XRPUSDT,btc_ret_30,0,0.0
1a_full,cross,10,XRPUSDT,eth_ret_30,0,0.0
1a_full,cross,10,XRPUSDT,mkt_ret_30,0,0.0
1a_full,cross,10,XRPUSDT,breadth_30,0,0.0
1a_full,cross,10,XRPUSDT,disp_30,0,0.0
1a_full,cross,10,XRPUSDT,relstr_30,0,0.0
1a_full,cross,10,XRPUSDT,rank_30,0,0.0
1a_full,cross,10,XRPUSDT,btc_minus_own_30,0,0.0
1a_full,cross,10,XRPUSDT,eth_minus_own_30,0,0.0
1a_full,cross,10,XRPUSDT,own_ret_60,0,0.0
1a_full,cross,10,XRPUSDT,btc_ret_60,0,0.0
1a_full,cross,10,XRPUSDT,eth_ret_60,0,0.0
1a_full,cross,10,XRPUSDT,mkt_ret_60,0,0.0
1a_full,cross,10,XRPUSDT,breadth_60,0,0.0
1a_full,cross,10,XRPUSDT,disp_60,0,0.0
1a_full,cross,10,XRPUSDT,relstr_60,0,0.0
1a_full,cross,10,XRPUSDT,rank_60,0,0.0
1a_full,cross,10,XRPUSDT,btc_minus_own_60,0,0.0
1a_full,cross,10,XRPUSDT,eth_minus_own_60,0,0.0
1a_full,cross,10,XRPUSDT,own_ret_180,0,0.0
1a_full,cross,10,XRPUSDT,btc_ret_180,0,0.0
1a_full,cross,10,XRPUSDT,eth_ret_180,0,0.0
1a_full,cross,10,XRPUSDT,mkt_ret_180,0,0.0
1a_full,cross,10,XRPUSDT,breadth_180,0,0.0
1a_full,cross,10,XRPUSDT,disp_180,0,0.0
1a_full,cross,10,XRPUSDT,relstr_180,0,0.0
1a_full,cross,10,XRPUSDT,rank_180,0,0.0
1a_full,cross,10,XRPUSDT,btc_minus_own_180,0,0.0
1a_full,cross,10,XRPUSDT,eth_minus_own_180,0,0.0
1a_full,cross,10,XRPUSDT,own_ret_360,0,0.0
1a_full,cross,10,XRPUSDT,btc_ret_360,0,0.0
1a_full,cross,10,XRPUSDT,eth_ret_360,0,0.0
1a_full,cross,10,XRPUSDT,mkt_ret_360,0,0.0
1a_full,cross,10,XRPUSDT,breadth_360,0,0.0
1a_full,cross,10,XRPUSDT,disp_360,0,0.0
1a_full,cross,10,XRPUSDT,relstr_360,0,0.0
1a_full,cross,10,XRPUSDT,rank_360,0,0.0
1a_full,cross,10,XRPUSDT,btc_minus_own_360,0,0.0
1a_full,cross,10,XRPUSDT,eth_minus_own_360,0,0.0
1a_full,cross,10,XRPUSDT,own_ret_720,0,0.0
1a_full,cross,10,XRPUSDT,btc_ret_720,0,0.0
1a_full,cross,10,XRPUSDT,eth_ret_720,0,0.0
1a_full,cross,10,XRPUSDT,mkt_ret_720,0,0.0
1a_full,cross,10,XRPUSDT,breadth_720,0,0.0
1a_full,cross,10,XRPUSDT,disp_720,0,0.0
1a_full,cross,10,XRPUSDT,relstr_720,0,0.0
1a_full,cross,10,XRPUSDT,rank_720,0,0.0
1a_full,cross,10,XRPUSDT,btc_minus_own_720,0,0.0
1a_full,cross,10,XRPUSDT,eth_minus_own_720,0,0.0
1a_full,cross,10,XRPUSDT,own_ret_1440,0,0.0
1a_full,cross,10,XRPUSDT,btc_ret_1440,0,0.0
1a_full,cross,10,XRPUSDT,eth_ret_1440,0,0.0
1a_full,cross,10,XRPUSDT,mkt_ret_1440,0,0.0
1a_full,cross,10,XRPUSDT,breadth_1440,0,0.0
1a_full,cross,10,XRPUSDT,disp_1440,0,0.0
1a_full,cross,10,XRPUSDT,relstr_1440,0,0.0
1a_full,cross,10,XRPUSDT,rank_1440,0,0.0
1a_full,cross,10,XRPUSDT,btc_minus_own_1440,0,0.0
1a_full,cross,10,XRPUSDT,eth_minus_own_1440,0,0.0
1a_full,micro,30,ADAUSDT,rskew_30,0,7.469091456435706e-10
1a_full,micro,30,ADAUSDT,rskew_30_xrank,0,0.0
1a_full,micro,30,ADAUSDT,rkurt_30,0,6.043557476687056e-08
1a_full,micro,30,ADAUSDT,rkurt_30_xrank,0,0.0
1a_full,micro,30,ADAUSDT,roll_30,0,0.0
1a_full,micro,30,ADAUSDT,roll_30_xrank,0,0.0
1a_full,micro,30,ADAUSDT,amihud_30,0,0.0
1a_full,micro,30,ADAUSDT,amihud_30_xrank,0,0.0
1a_full,micro,30,ADAUSDT,kyle_30,0,0.0
1a_full,micro,30,ADAUSDT,kyle_30_xrank,0,0.0
1a_full,micro,30,ADAUSDT,vpin_30,0,0.0
1a_full,micro,30,ADAUSDT,vpin_30_xrank,0,0.0
1a_full,micro,30,ADAUSDT,jump_30,0,0.0
1a_full,micro,30,ADAUSDT,jump_30_xrank,0,0.0
1a_full,micro,30,ADAUSDT,vratio_30,0,0.0
1a_full,micro,30,ADAUSDT,vratio_30_xrank,0,0.0
1a_full,micro,30,ADAUSDT,cvd_slope_30,0,0.0
1a_full,micro,30,ADAUSDT,cvd_slope_30_xrank,0,0.0
1a_full,micro,30,ADAUSDT,signac_30,0,5.788047818811037e-09
1a_full,micro,30,ADAUSDT,signac_30_xrank,0,0.0
1a_full,micro,30,ADAUSDT,sflow_30,0,0.0
1a_full,micro,30,ADAUSDT,sflow_30_xrank,0,0.0
1a_full,micro,30,ADAUSDT,rskew_120,0,0.0
1a_full,micro,30,ADAUSDT,rskew_120_xrank,0,0.0
1a_full,micro,30,ADAUSDT,rkurt_120,0,2.3412543015410847e-08
1a_full,micro,30,ADAUSDT,rkurt_120_xrank,0,0.0
1a_full,micro,30,ADAUSDT,roll_120,0,0.0
1a_full,micro,30,ADAUSDT,roll_120_xrank,0,0.0
1a_full,micro,30,ADAUSDT,amihud_120,0,0.0
1a_full,micro,30,ADAUSDT,amihud_120_xrank,0,0.0
1a_full,micro,30,ADAUSDT,kyle_120,0,0.0
1a_full,micro,30,ADAUSDT,kyle_120_xrank,0,0.0
1a_full,micro,30,ADAUSDT,vpin_120,0,0.0
1a_full,micro,30,ADAUSDT,vpin_120_xrank,0,0.0
1a_full,micro,30,ADAUSDT,jump_120,0,1.5510002171481574e-08
1a_full,micro,30,ADAUSDT,jump_120_xrank,0,0.0
1a_full,micro,30,ADAUSDT,vratio_120,0,0.0
1a_full,micro,30,ADAUSDT,vratio_120_xrank,0,0.0
1a_full,micro,30,ADAUSDT,cvd_slope_120,0,0.0
1a_full,micro,30,ADAUSDT,cvd_slope_120_xrank,0,0.0
1a_full,micro,30,ADAUSDT,signac_120,0,0.0
1a_full,micro,30,ADAUSDT,signac_120_xrank,0,0.0
1a_full,micro,30,ADAUSDT,sflow_120,0,0.0
1a_full,micro,30,ADAUSDT,sflow_120_xrank,0,0.0
1a_full,micro,30,ADAUSDT,rskew_480,0,0.0
1a_full,micro,30,ADAUSDT,rskew_480_xrank,0,0.0
1a_full,micro,30,ADAUSDT,rkurt_480,0,4.631247207953493e-08
1a_full,micro,30,ADAUSDT,rkurt_480_xrank,0,0.0
1a_full,micro,30,ADAUSDT,roll_480,0,0.0
1a_full,micro,30,ADAUSDT,roll_480_xrank,0,0.0
1a_full,micro,30,ADAUSDT,amihud_480,0,0.0
1a_full,micro,30,ADAUSDT,amihud_480_xrank,0,0.0
1a_full,micro,30,ADAUSDT,kyle_480,0,0.0
1a_full,micro,30,ADAUSDT,kyle_480_xrank,0,0.0
1a_full,micro,30,ADAUSDT,vpin_480,0,0.0
1a_full,micro,30,ADAUSDT,vpin_480_xrank,0,0.0
1a_full,micro,30,ADAUSDT,jump_480,0,7.643793931144671e-10
1a_full,micro,30,ADAUSDT,jump_480_xrank,0,0.0
1a_full,micro,30,ADAUSDT,vratio_480,0,0.0
1a_full,micro,30,ADAUSDT,vratio_480_xrank,0,0.0
1a_full,micro,30,ADAUSDT,cvd_slope_480,0,0.0
1a_full,micro,30,ADAUSDT,cvd_slope_480_xrank,0,0.0
1a_full,micro,30,ADAUSDT,signac_480,0,0.0
1a_full,micro,30,ADAUSDT,signac_480_xrank,0,0.0
1a_full,micro,30,ADAUSDT,sflow_480,0,0.0
1a_full,micro,30,ADAUSDT,sflow_480_xrank,0,0.0
1a_full,cross,30,ADAUSDT,own_ret_1,0,0.0
1a_full,cross,30,ADAUSDT,btc_ret_1,0,0.0
1a_full,cross,30,ADAUSDT,eth_ret_1,0,0.0
1a_full,cross,30,ADAUSDT,mkt_ret_1,0,0.0
1a_full,cross,30,ADAUSDT,breadth_1,0,0.0
1a_full,cross,30,ADAUSDT,disp_1,0,0.0
1a_full,cross,30,ADAUSDT,relstr_1,0,0.0
1a_full,cross,30,ADAUSDT,rank_1,0,0.0
1a_full,cross,30,ADAUSDT,btc_minus_own_1,0,0.0
1a_full,cross,30,ADAUSDT,eth_minus_own_1,0,0.0
1a_full,cross,30,ADAUSDT,own_ret_5,0,0.0
1a_full,cross,30,ADAUSDT,btc_ret_5,0,0.0
1a_full,cross,30,ADAUSDT,eth_ret_5,0,0.0
1a_full,cross,30,ADAUSDT,mkt_ret_5,0,0.0
1a_full,cross,30,ADAUSDT,breadth_5,0,0.0
1a_full,cross,30,ADAUSDT,disp_5,0,0.0
1a_full,cross,30,ADAUSDT,relstr_5,0,0.0
1a_full,cross,30,ADAUSDT,rank_5,0,0.0
1a_full,cross,30,ADAUSDT,btc_minus_own_5,0,0.0
1a_full,cross,30,ADAUSDT,eth_minus_own_5,0,0.0
1a_full,cross,30,ADAUSDT,own_ret_15,0,0.0
1a_full,cross,30,ADAUSDT,btc_ret_15,0,0.0
1a_full,cross,30,ADAUSDT,eth_ret_15,0,0.0
1a_full,cross,30,ADAUSDT,mkt_ret_15,0,0.0
1a_full,cross,30,ADAUSDT,breadth_15,0,0.0
1a_full,cross,30,ADAUSDT,disp_15,0,0.0
1a_full,cross,30,ADAUSDT,relstr_15,0,0.0
1a_full,cross,30,ADAUSDT,rank_15,0,0.0
1a_full,cross,30,ADAUSDT,btc_minus_own_15,0,0.0
1a_full,cross,30,ADAUSDT,eth_minus_own_15,0,0.0
1a_full,cross,30,ADAUSDT,own_ret_30,0,0.0
1a_full,cross,30,ADAUSDT,btc_ret_30,0,0.0
1a_full,cross,30,ADAUSDT,eth_ret_30,0,0.0
1a_full,cross,30,ADAUSDT,mkt_ret_30,0,0.0
1a_full,cross,30,ADAUSDT,breadth_30,0,0.0
1a_full,cross,30,ADAUSDT,disp_30,0,0.0
1a_full,cross,30,ADAUSDT,relstr_30,0,0.0
1a_full,cross,30,ADAUSDT,rank_30,0,0.0
1a_full,cross,30,ADAUSDT,btc_minus_own_30,0,0.0
1a_full,cross,30,ADAUSDT,eth_minus_own_30,0,0.0
1a_full,cross,30,ADAUSDT,own_ret_60,0,0.0
1a_full,cross,30,ADAUSDT,btc_ret_60,0,0.0
1a_full,cross,30,ADAUSDT,eth_ret_60,0,0.0
1a_full,cross,30,ADAUSDT,mkt_ret_60,0,0.0
1a_full,cross,30,ADAUSDT,breadth_60,0,0.0
1a_full,cross,30,ADAUSDT,disp_60,0,0.0
1a_full,cross,30,ADAUSDT,relstr_60,0,0.0
1a_full,cross,30,ADAUSDT,rank_60,0,0.0
1a_full,cross,30,ADAUSDT,btc_minus_own_60,0,0.0
1a_full,cross,30,ADAUSDT,eth_minus_own_60,0,0.0
1a_full,cross,30,ADAUSDT,own_ret_180,0,0.0
1a_full,cross,30,ADAUSDT,btc_ret_180,0,0.0
1a_full,cross,30,ADAUSDT,eth_ret_180,0,0.0
1a_full,cross,30,ADAUSDT,mkt_ret_180,0,0.0
1a_full,cross,30,ADAUSDT,breadth_180,0,0.0
1a_full,cross,30,ADAUSDT,disp_180,0,0.0
1a_full,cross,30,ADAUSDT,relstr_180,0,0.0
1a_full,cross,30,ADAUSDT,rank_180,0,0.0
1a_full,cross,30,ADAUSDT,btc_minus_own_180,0,0.0
1a_full,cross,30,ADAUSDT,eth_minus_own_180,0,0.0
1a_full,cross,30,ADAUSDT,own_ret_360,0,0.0
1a_full,cross,30,ADAUSDT,btc_ret_360,0,0.0
1a_full,cross,30,ADAUSDT,eth_ret_360,0,0.0
1a_full,cross,30,ADAUSDT,mkt_ret_360,0,0.0
1a_full,cross,30,ADAUSDT,breadth_360,0,0.0
1a_full,cross,30,ADAUSDT,disp_360,0,0.0
1a_full,cross,30,ADAUSDT,relstr_360,0,0.0
1a_full,cross,30,ADAUSDT,rank_360,0,0.0
1a_full,cross,30,ADAUSDT,btc_minus_own_360,0,0.0
1a_full,cross,30,ADAUSDT,eth_minus_own_360,0,0.0
1a_full,cross,30,ADAUSDT,own_ret_720,0,0.0
1a_full,cross,30,ADAUSDT,btc_ret_720,0,0.0
1a_full,cross,30,ADAUSDT,eth_ret_720,0,0.0
1a_full,cross,30,ADAUSDT,mkt_ret_720,0,0.0
1a_full,cross,30,ADAUSDT,breadth_720,0,0.0
1a_full,cross,30,ADAUSDT,disp_720,0,0.0
1a_full,cross,30,ADAUSDT,relstr_720,0,0.0
1a_full,cross,30,ADAUSDT,rank_720,0,0.0
1a_full,cross,30,ADAUSDT,btc_minus_own_720,0,0.0
1a_full,cross,30,ADAUSDT,eth_minus_own_720,0,0.0
1a_full,cross,30,ADAUSDT,own_ret_1440,0,0.0
1a_full,cross,30,ADAUSDT,btc_ret_1440,0,0.0
1a_full,cross,30,ADAUSDT,eth_ret_1440,0,0.0
1a_full,cross,30,ADAUSDT,mkt_ret_1440,0,0.0
1a_full,cross,30,ADAUSDT,breadth_1440,0,0.0
1a_full,cross,30,ADAUSDT,disp_1440,0,0.0
1a_full,cross,30,ADAUSDT,relstr_1440,0,0.0
1a_full,cross,30,ADAUSDT,rank_1440,0,0.0
1a_full,cross,30,ADAUSDT,btc_minus_own_1440,0,0.0
1a_full,cross,30,ADAUSDT,eth_minus_own_1440,0,0.0
1a_full,micro,30,AVAXUSDT,rskew_30,0,2.1535184302479138e-08
1a_full,micro,30,AVAXUSDT,rskew_30_xrank,0,0.0
1a_full,micro,30,AVAXUSDT,rkurt_30,0,1.3156486602383666e-06
1a_full,micro,30,AVAXUSDT,rkurt_30_xrank,0,0.0
1a_full,micro,30,AVAXUSDT,roll_30,0,0.0
1a_full,micro,30,AVAXUSDT,roll_30_xrank,0,0.0
1a_full,micro,30,AVAXUSDT,amihud_30,0,0.0
1a_full,micro,30,AVAXUSDT,amihud_30_xrank,0,0.0
1a_full,micro,30,AVAXUSDT,kyle_30,0,0.0
1a_full,micro,30,AVAXUSDT,kyle_30_xrank,0,0.0
1a_full,micro,30,AVAXUSDT,vpin_30,0,0.0
1a_full,micro,30,AVAXUSDT,vpin_30_xrank,0,0.0
1a_full,micro,30,AVAXUSDT,jump_30,0,3.3247633535182786e-09
1a_full,micro,30,AVAXUSDT,jump_30_xrank,0,0.0
1a_full,micro,30,AVAXUSDT,vratio_30,0,0.0
1a_full,micro,30,AVAXUSDT,vratio_30_xrank,0,0.0
1a_full,micro,30,AVAXUSDT,cvd_slope_30,0,4.222660762720487e-11
1a_full,micro,30,AVAXUSDT,cvd_slope_30_xrank,0,0.0
1a_full,micro,30,AVAXUSDT,signac_30,0,0.0
1a_full,micro,30,AVAXUSDT,signac_30_xrank,0,0.0
1a_full,micro,30,AVAXUSDT,sflow_30,0,0.0
1a_full,micro,30,AVAXUSDT,sflow_30_xrank,0,0.0
1a_full,micro,30,AVAXUSDT,rskew_120,0,1.195090160166501e-08
1a_full,micro,30,AVAXUSDT,rskew_120_xrank,0,0.0
1a_full,micro,30,AVAXUSDT,rkurt_120,0,3.174353935264662e-07
1a_full,micro,30,AVAXUSDT,rkurt_120_xrank,0,0.0
1a_full,micro,30,AVAXUSDT,roll_120,0,0.0
1a_full,micro,30,AVAXUSDT,roll_120_xrank,0,0.0
1a_full,micro,30,AVAXUSDT,amihud_120,0,0.0
1a_full,micro,30,AVAXUSDT,amihud_120_xrank,0,0.0
1a_full,micro,30,AVAXUSDT,kyle_120,0,0.0
1a_full,micro,30,AVAXUSDT,kyle_120_xrank,0,0.0
1a_full,micro,30,AVAXUSDT,vpin_120,0,0.0
1a_full,micro,30,AVAXUSDT,vpin_120_xrank,0,0.0
1a_full,micro,30,AVAXUSDT,jump_120,0,9.894667307719374e-09
1a_full,micro,30,AVAXUSDT,jump_120_xrank,0,0.0
1a_full,micro,30,AVAXUSDT,vratio_120,0,0.0
1a_full,micro,30,AVAXUSDT,vratio_120_xrank,0,0.0
1a_full,micro,30,AVAXUSDT,cvd_slope_120,0,0.0
1a_full,micro,30,AVAXUSDT,cvd_slope_120_xrank,0,0.0
1a_full,micro,30,AVAXUSDT,signac_120,0,0.0
1a_full,micro,30,AVAXUSDT,signac_120_xrank,0,0.0
1a_full,micro,30,AVAXUSDT,sflow_120,0,1.2802006676970734e-10
1a_full,micro,30,AVAXUSDT,sflow_120_xrank,0,0.0
1a_full,micro,30,AVAXUSDT,rskew_480,0,1.9382171423387717e-09
1a_full,micro,30,AVAXUSDT,rskew_480_xrank,0,0.0
1a_full,micro,30,AVAXUSDT,rkurt_480,0,8.027852516079292e-08
1a_full,micro,30,AVAXUSDT,rkurt_480_xrank,0,0.0
1a_full,micro,30,AVAXUSDT,roll_480,0,0.0
1a_full,micro,30,AVAXUSDT,roll_480_xrank,0,0.0
1a_full,micro,30,AVAXUSDT,amihud_480,0,0.0
1a_full,micro,30,AVAXUSDT,amihud_480_xrank,0,0.0
1a_full,micro,30,AVAXUSDT,kyle_480,0,0.0
1a_full,micro,30,AVAXUSDT,kyle_480_xrank,0,0.0
1a_full,micro,30,AVAXUSDT,vpin_480,0,0.0
1a_full,micro,30,AVAXUSDT,vpin_480_xrank,0,0.0
1a_full,micro,30,AVAXUSDT,jump_480,0,2.6376696382612863e-09
1a_full,micro,30,AVAXUSDT,jump_480_xrank,0,0.0
1a_full,micro,30,AVAXUSDT,vratio_480,0,0.0
1a_full,micro,30,AVAXUSDT,vratio_480_xrank,0,0.0
1a_full,micro,30,AVAXUSDT,cvd_slope_480,0,0.0
1a_full,micro,30,AVAXUSDT,cvd_slope_480_xrank,0,0.0
1a_full,micro,30,AVAXUSDT,signac_480,0,0.0
1a_full,micro,30,AVAXUSDT,signac_480_xrank,0,0.0
1a_full,micro,30,AVAXUSDT,sflow_480,0,6.0016045466682044e-09
1a_full,micro,30,AVAXUSDT,sflow_480_xrank,0,0.0
1a_full,cross,30,AVAXUSDT,own_ret_1,0,0.0
1a_full,cross,30,AVAXUSDT,btc_ret_1,0,0.0
1a_full,cross,30,AVAXUSDT,eth_ret_1,0,0.0
1a_full,cross,30,AVAXUSDT,mkt_ret_1,0,0.0
1a_full,cross,30,AVAXUSDT,breadth_1,0,0.0
1a_full,cross,30,AVAXUSDT,disp_1,0,0.0
1a_full,cross,30,AVAXUSDT,relstr_1,0,0.0
1a_full,cross,30,AVAXUSDT,rank_1,0,0.0
1a_full,cross,30,AVAXUSDT,btc_minus_own_1,0,0.0
1a_full,cross,30,AVAXUSDT,eth_minus_own_1,0,0.0
1a_full,cross,30,AVAXUSDT,own_ret_5,0,0.0
1a_full,cross,30,AVAXUSDT,btc_ret_5,0,0.0
1a_full,cross,30,AVAXUSDT,eth_ret_5,0,0.0
1a_full,cross,30,AVAXUSDT,mkt_ret_5,0,0.0
1a_full,cross,30,AVAXUSDT,breadth_5,0,0.0
1a_full,cross,30,AVAXUSDT,disp_5,0,0.0
1a_full,cross,30,AVAXUSDT,relstr_5,0,0.0
1a_full,cross,30,AVAXUSDT,rank_5,0,0.0
1a_full,cross,30,AVAXUSDT,btc_minus_own_5,0,0.0
1a_full,cross,30,AVAXUSDT,eth_minus_own_5,0,0.0
1a_full,cross,30,AVAXUSDT,own_ret_15,0,0.0
1a_full,cross,30,AVAXUSDT,btc_ret_15,0,0.0
1a_full,cross,30,AVAXUSDT,eth_ret_15,0,0.0
1a_full,cross,30,AVAXUSDT,mkt_ret_15,0,0.0
1a_full,cross,30,AVAXUSDT,breadth_15,0,0.0
1a_full,cross,30,AVAXUSDT,disp_15,0,0.0
1a_full,cross,30,AVAXUSDT,relstr_15,0,0.0
1a_full,cross,30,AVAXUSDT,rank_15,0,0.0
1a_full,cross,30,AVAXUSDT,btc_minus_own_15,0,0.0
1a_full,cross,30,AVAXUSDT,eth_minus_own_15,0,0.0
1a_full,cross,30,AVAXUSDT,own_ret_30,0,0.0
1a_full,cross,30,AVAXUSDT,btc_ret_30,0,0.0
1a_full,cross,30,AVAXUSDT,eth_ret_30,0,0.0
1a_full,cross,30,AVAXUSDT,mkt_ret_30,0,0.0
1a_full,cross,30,AVAXUSDT,breadth_30,0,0.0
1a_full,cross,30,AVAXUSDT,disp_30,0,0.0
1a_full,cross,30,AVAXUSDT,relstr_30,0,0.0
1a_full,cross,30,AVAXUSDT,rank_30,0,0.0
1a_full,cross,30,AVAXUSDT,btc_minus_own_30,0,0.0
1a_full,cross,30,AVAXUSDT,eth_minus_own_30,0,0.0
1a_full,cross,30,AVAXUSDT,own_ret_60,0,0.0
1a_full,cross,30,AVAXUSDT,btc_ret_60,0,0.0
1a_full,cross,30,AVAXUSDT,eth_ret_60,0,0.0
1a_full,cross,30,AVAXUSDT,mkt_ret_60,0,0.0
1a_full,cross,30,AVAXUSDT,breadth_60,0,0.0
1a_full,cross,30,AVAXUSDT,disp_60,0,0.0
1a_full,cross,30,AVAXUSDT,relstr_60,0,0.0
1a_full,cross,30,AVAXUSDT,rank_60,0,0.0
1a_full,cross,30,AVAXUSDT,btc_minus_own_60,0,0.0
1a_full,cross,30,AVAXUSDT,eth_minus_own_60,0,0.0
1a_full,cross,30,AVAXUSDT,own_ret_180,0,0.0
1a_full,cross,30,AVAXUSDT,btc_ret_180,0,0.0
1a_full,cross,30,AVAXUSDT,eth_ret_180,0,0.0
1a_full,cross,30,AVAXUSDT,mkt_ret_180,0,0.0
1a_full,cross,30,AVAXUSDT,breadth_180,0,0.0
1a_full,cross,30,AVAXUSDT,disp_180,0,0.0
1a_full,cross,30,AVAXUSDT,relstr_180,0,0.0
1a_full,cross,30,AVAXUSDT,rank_180,0,0.0
1a_full,cross,30,AVAXUSDT,btc_minus_own_180,0,0.0
1a_full,cross,30,AVAXUSDT,eth_minus_own_180,0,0.0
1a_full,cross,30,AVAXUSDT,own_ret_360,0,0.0
1a_full,cross,30,AVAXUSDT,btc_ret_360,0,0.0
1a_full,cross,30,AVAXUSDT,eth_ret_360,0,0.0
1a_full,cross,30,AVAXUSDT,mkt_ret_360,0,0.0
1a_full,cross,30,AVAXUSDT,breadth_360,0,0.0
1a_full,cross,30,AVAXUSDT,disp_360,0,0.0
1a_full,cross,30,AVAXUSDT,relstr_360,0,0.0
1a_full,cross,30,AVAXUSDT,rank_360,0,0.0
1a_full,cross,30,AVAXUSDT,btc_minus_own_360,0,0.0
1a_full,cross,30,AVAXUSDT,eth_minus_own_360,0,0.0
1a_full,cross,30,AVAXUSDT,own_ret_720,0,0.0
1a_full,cross,30,AVAXUSDT,btc_ret_720,0,0.0
1a_full,cross,30,AVAXUSDT,eth_ret_720,0,0.0
1a_full,cross,30,AVAXUSDT,mkt_ret_720,0,0.0
1a_full,cross,30,AVAXUSDT,breadth_720,0,0.0
1a_full,cross,30,AVAXUSDT,disp_720,0,0.0
1a_full,cross,30,AVAXUSDT,relstr_720,0,0.0
1a_full,cross,30,AVAXUSDT,rank_720,0,0.0
1a_full,cross,30,AVAXUSDT,btc_minus_own_720,0,0.0
1a_full,cross,30,AVAXUSDT,eth_minus_own_720,0,0.0
1a_full,cross,30,AVAXUSDT,own_ret_1440,0,0.0
1a_full,cross,30,AVAXUSDT,btc_ret_1440,0,0.0
1a_full,cross,30,AVAXUSDT,eth_ret_1440,0,0.0
1a_full,cross,30,AVAXUSDT,mkt_ret_1440,0,0.0
1a_full,cross,30,AVAXUSDT,breadth_1440,0,0.0
1a_full,cross,30,AVAXUSDT,disp_1440,0,0.0
1a_full,cross,30,AVAXUSDT,relstr_1440,0,0.0
1a_full,cross,30,AVAXUSDT,rank_1440,0,0.0
1a_full,cross,30,AVAXUSDT,btc_minus_own_1440,0,0.0
1a_full,cross,30,AVAXUSDT,eth_minus_own_1440,0,0.0
1a_full,micro,30,BNBUSDT,rskew_30,0,0.0
1a_full,micro,30,BNBUSDT,rskew_30_xrank,0,0.0
1a_full,micro,30,BNBUSDT,rkurt_30,0,3.9252091710295645e-07
1a_full,micro,30,BNBUSDT,rkurt_30_xrank,0,0.0
1a_full,micro,30,BNBUSDT,roll_30,0,0.0
1a_full,micro,30,BNBUSDT,roll_30_xrank,0,0.0
1a_full,micro,30,BNBUSDT,amihud_30,0,0.0
1a_full,micro,30,BNBUSDT,amihud_30_xrank,0,0.0
1a_full,micro,30,BNBUSDT,kyle_30,0,4.078133741813872e-08
1a_full,micro,30,BNBUSDT,kyle_30_xrank,0,0.0
1a_full,micro,30,BNBUSDT,vpin_30,0,5.117457391179414e-08
1a_full,micro,30,BNBUSDT,vpin_30_xrank,0,0.0
1a_full,micro,30,BNBUSDT,jump_30,0,1.5056393465329165e-08
1a_full,micro,30,BNBUSDT,jump_30_xrank,0,0.0
1a_full,micro,30,BNBUSDT,vratio_30,0,0.0
1a_full,micro,30,BNBUSDT,vratio_30_xrank,0,0.0
1a_full,micro,30,BNBUSDT,cvd_slope_30,0,0.0
1a_full,micro,30,BNBUSDT,cvd_slope_30_xrank,0,0.0
1a_full,micro,30,BNBUSDT,signac_30,0,0.0
1a_full,micro,30,BNBUSDT,signac_30_xrank,0,0.0
1a_full,micro,30,BNBUSDT,sflow_30,0,0.0
1a_full,micro,30,BNBUSDT,sflow_30_xrank,0,0.0
1a_full,micro,30,BNBUSDT,rskew_120,0,3.68122581029251e-11
1a_full,micro,30,BNBUSDT,rskew_120_xrank,0,0.0
1a_full,micro,30,BNBUSDT,rkurt_120,0,7.680031188783687e-08
1a_full,micro,30,BNBUSDT,rkurt_120_xrank,0,0.0
1a_full,micro,30,BNBUSDT,roll_120,0,0.0
1a_full,micro,30,BNBUSDT,roll_120_xrank,0,0.0
1a_full,micro,30,BNBUSDT,amihud_120,0,0.0
1a_full,micro,30,BNBUSDT,amihud_120_xrank,0,0.0
1a_full,micro,30,BNBUSDT,kyle_120,0,0.0
1a_full,micro,30,BNBUSDT,kyle_120_xrank,0,0.0
1a_full,micro,30,BNBUSDT,vpin_120,0,0.0
1a_full,micro,30,BNBUSDT,vpin_120_xrank,0,0.0
1a_full,micro,30,BNBUSDT,jump_120,0,3.967281614336571e-09
1a_full,micro,30,BNBUSDT,jump_120_xrank,0,0.0
1a_full,micro,30,BNBUSDT,vratio_120,0,0.0
1a_full,micro,30,BNBUSDT,vratio_120_xrank,0,0.0
1a_full,micro,30,BNBUSDT,cvd_slope_120,0,0.0
1a_full,micro,30,BNBUSDT,cvd_slope_120_xrank,0,0.0
1a_full,micro,30,BNBUSDT,signac_120,0,0.0
1a_full,micro,30,BNBUSDT,signac_120_xrank,0,0.0
1a_full,micro,30,BNBUSDT,sflow_120,0,0.0
1a_full,micro,30,BNBUSDT,sflow_120_xrank,0,0.0
1a_full,micro,30,BNBUSDT,rskew_480,0,0.0
1a_full,micro,30,BNBUSDT,rskew_480_xrank,0,0.0
1a_full,micro,30,BNBUSDT,rkurt_480,0,7.376306143669353e-08
1a_full,micro,30,BNBUSDT,rkurt_480_xrank,0,0.0
1a_full,micro,30,BNBUSDT,roll_480,0,0.0
1a_full,micro,30,BNBUSDT,roll_480_xrank,0,0.0
1a_full,micro,30,BNBUSDT,amihud_480,0,0.0
1a_full,micro,30,BNBUSDT,amihud_480_xrank,0,0.0
1a_full,micro,30,BNBUSDT,kyle_480,0,0.0
1a_full,micro,30,BNBUSDT,kyle_480_xrank,0,0.0
1a_full,micro,30,BNBUSDT,vpin_480,0,0.0
1a_full,micro,30,BNBUSDT,vpin_480_xrank,0,0.0
1a_full,micro,30,BNBUSDT,jump_480,0,0.0
1a_full,micro,30,BNBUSDT,jump_480_xrank,0,0.0
1a_full,micro,30,BNBUSDT,vratio_480,0,0.0
1a_full,micro,30,BNBUSDT,vratio_480_xrank,0,0.0
1a_full,micro,30,BNBUSDT,cvd_slope_480,0,0.0
1a_full,micro,30,BNBUSDT,cvd_slope_480_xrank,0,0.0
1a_full,micro,30,BNBUSDT,signac_480,0,0.0
1a_full,micro,30,BNBUSDT,signac_480_xrank,0,0.0
1a_full,micro,30,BNBUSDT,sflow_480,0,0.0
1a_full,micro,30,BNBUSDT,sflow_480_xrank,0,0.0
1a_full,cross,30,BNBUSDT,own_ret_1,0,0.0
1a_full,cross,30,BNBUSDT,btc_ret_1,0,0.0
1a_full,cross,30,BNBUSDT,eth_ret_1,0,0.0
1a_full,cross,30,BNBUSDT,mkt_ret_1,0,0.0
1a_full,cross,30,BNBUSDT,breadth_1,0,0.0
1a_full,cross,30,BNBUSDT,disp_1,0,0.0
1a_full,cross,30,BNBUSDT,relstr_1,0,0.0
1a_full,cross,30,BNBUSDT,rank_1,0,0.0
1a_full,cross,30,BNBUSDT,btc_minus_own_1,0,0.0
1a_full,cross,30,BNBUSDT,eth_minus_own_1,0,0.0
1a_full,cross,30,BNBUSDT,own_ret_5,0,0.0
1a_full,cross,30,BNBUSDT,btc_ret_5,0,0.0
1a_full,cross,30,BNBUSDT,eth_ret_5,0,0.0
1a_full,cross,30,BNBUSDT,mkt_ret_5,0,0.0
1a_full,cross,30,BNBUSDT,breadth_5,0,0.0
1a_full,cross,30,BNBUSDT,disp_5,0,0.0
1a_full,cross,30,BNBUSDT,relstr_5,0,0.0
1a_full,cross,30,BNBUSDT,rank_5,0,0.0
1a_full,cross,30,BNBUSDT,btc_minus_own_5,0,0.0
1a_full,cross,30,BNBUSDT,eth_minus_own_5,0,0.0
1a_full,cross,30,BNBUSDT,own_ret_15,0,0.0
1a_full,cross,30,BNBUSDT,btc_ret_15,0,0.0
1a_full,cross,30,BNBUSDT,eth_ret_15,0,0.0
1a_full,cross,30,BNBUSDT,mkt_ret_15,0,0.0
1a_full,cross,30,BNBUSDT,breadth_15,0,0.0
1a_full,cross,30,BNBUSDT,disp_15,0,0.0
1a_full,cross,30,BNBUSDT,relstr_15,0,0.0
1a_full,cross,30,BNBUSDT,rank_15,0,0.0
1a_full,cross,30,BNBUSDT,btc_minus_own_15,0,0.0
1a_full,cross,30,BNBUSDT,eth_minus_own_15,0,0.0
1a_full,cross,30,BNBUSDT,own_ret_30,0,0.0
1a_full,cross,30,BNBUSDT,btc_ret_30,0,0.0
1a_full,cross,30,BNBUSDT,eth_ret_30,0,0.0
1a_full,cross,30,BNBUSDT,mkt_ret_30,0,0.0
1a_full,cross,30,BNBUSDT,breadth_30,0,0.0
1a_full,cross,30,BNBUSDT,disp_30,0,0.0
1a_full,cross,30,BNBUSDT,relstr_30,0,0.0
1a_full,cross,30,BNBUSDT,rank_30,0,0.0
1a_full,cross,30,BNBUSDT,btc_minus_own_30,0,0.0
1a_full,cross,30,BNBUSDT,eth_minus_own_30,0,0.0
1a_full,cross,30,BNBUSDT,own_ret_60,0,0.0
1a_full,cross,30,BNBUSDT,btc_ret_60,0,0.0
1a_full,cross,30,BNBUSDT,eth_ret_60,0,0.0
1a_full,cross,30,BNBUSDT,mkt_ret_60,0,0.0
1a_full,cross,30,BNBUSDT,breadth_60,0,0.0
1a_full,cross,30,BNBUSDT,disp_60,0,0.0
1a_full,cross,30,BNBUSDT,relstr_60,0,0.0
1a_full,cross,30,BNBUSDT,rank_60,0,0.0
1a_full,cross,30,BNBUSDT,btc_minus_own_60,0,0.0
1a_full,cross,30,BNBUSDT,eth_minus_own_60,0,0.0
1a_full,cross,30,BNBUSDT,own_ret_180,0,0.0
1a_full,cross,30,BNBUSDT,btc_ret_180,0,0.0
1a_full,cross,30,BNBUSDT,eth_ret_180,0,0.0
1a_full,cross,30,BNBUSDT,mkt_ret_180,0,0.0
1a_full,cross,30,BNBUSDT,breadth_180,0,0.0
1a_full,cross,30,BNBUSDT,disp_180,0,0.0
1a_full,cross,30,BNBUSDT,relstr_180,0,0.0
1a_full,cross,30,BNBUSDT,rank_180,0,0.0
1a_full,cross,30,BNBUSDT,btc_minus_own_180,0,0.0
1a_full,cross,30,BNBUSDT,eth_minus_own_180,0,0.0
1a_full,cross,30,BNBUSDT,own_ret_360,0,0.0
1a_full,cross,30,BNBUSDT,btc_ret_360,0,0.0
1a_full,cross,30,BNBUSDT,eth_ret_360,0,0.0
1a_full,cross,30,BNBUSDT,mkt_ret_360,0,0.0
1a_full,cross,30,BNBUSDT,breadth_360,0,0.0
1a_full,cross,30,BNBUSDT,disp_360,0,0.0
1a_full,cross,30,BNBUSDT,relstr_360,0,0.0
1a_full,cross,30,BNBUSDT,rank_360,0,0.0
1a_full,cross,30,BNBUSDT,btc_minus_own_360,0,0.0
1a_full,cross,30,BNBUSDT,eth_minus_own_360,0,0.0
1a_full,cross,30,BNBUSDT,own_ret_720,0,0.0
1a_full,cross,30,BNBUSDT,btc_ret_720,0,0.0
1a_full,cross,30,BNBUSDT,eth_ret_720,0,0.0
1a_full,cross,30,BNBUSDT,mkt_ret_720,0,0.0
1a_full,cross,30,BNBUSDT,breadth_720,0,0.0
1a_full,cross,30,BNBUSDT,disp_720,0,0.0
1a_full,cross,30,BNBUSDT,relstr_720,0,0.0
1a_full,cross,30,BNBUSDT,rank_720,0,0.0
1a_full,cross,30,BNBUSDT,btc_minus_own_720,0,0.0
1a_full,cross,30,BNBUSDT,eth_minus_own_720,0,0.0
1a_full,cross,30,BNBUSDT,own_ret_1440,0,0.0
1a_full,cross,30,BNBUSDT,btc_ret_1440,0,0.0
1a_full,cross,30,BNBUSDT,eth_ret_1440,0,0.0
1a_full,cross,30,BNBUSDT,mkt_ret_1440,0,0.0
1a_full,cross,30,BNBUSDT,breadth_1440,0,0.0
1a_full,cross,30,BNBUSDT,disp_1440,0,0.0
1a_full,cross,30,BNBUSDT,relstr_1440,0,0.0
1a_full,cross,30,BNBUSDT,rank_1440,0,0.0
1a_full,cross,30,BNBUSDT,btc_minus_own_1440,0,0.0
1a_full,cross,30,BNBUSDT,eth_minus_own_1440,0,0.0
1a_full,micro,30,BTCUSDT,rskew_30,0,0.0
1a_full,micro,30,BTCUSDT,rskew_30_xrank,0,0.0
1a_full,micro,30,BTCUSDT,rkurt_30,0,2.1849681175467595e-08
1a_full,micro,30,BTCUSDT,rkurt_30_xrank,0,0.0
1a_full,micro,30,BTCUSDT,roll_30,0,0.0
1a_full,micro,30,BTCUSDT,roll_30_xrank,0,0.0
1a_full,micro,30,BTCUSDT,amihud_30,0,0.0
1a_full,micro,30,BTCUSDT,amihud_30_xrank,0,0.0
1a_full,micro,30,BTCUSDT,kyle_30,0,0.0
1a_full,micro,30,BTCUSDT,kyle_30_xrank,0,0.0
1a_full,micro,30,BTCUSDT,vpin_30,0,0.0
1a_full,micro,30,BTCUSDT,vpin_30_xrank,0,0.0
1a_full,micro,30,BTCUSDT,jump_30,0,4.388533980659304e-09
1a_full,micro,30,BTCUSDT,jump_30_xrank,0,0.0
1a_full,micro,30,BTCUSDT,vratio_30,0,0.0
1a_full,micro,30,BTCUSDT,vratio_30_xrank,0,0.0
1a_full,micro,30,BTCUSDT,cvd_slope_30,0,0.0
1a_full,micro,30,BTCUSDT,cvd_slope_30_xrank,0,0.0
1a_full,micro,30,BTCUSDT,signac_30,0,0.0
1a_full,micro,30,BTCUSDT,signac_30_xrank,0,0.0
1a_full,micro,30,BTCUSDT,sflow_30,0,2.1398658844873353e-08
1a_full,micro,30,BTCUSDT,sflow_30_xrank,0,0.0
1a_full,micro,30,BTCUSDT,rskew_120,0,0.0
1a_full,micro,30,BTCUSDT,rskew_120_xrank,0,0.0
1a_full,micro,30,BTCUSDT,rkurt_120,0,4.173099199533681e-09
1a_full,micro,30,BTCUSDT,rkurt_120_xrank,0,0.0
1a_full,micro,30,BTCUSDT,roll_120,0,0.0
1a_full,micro,30,BTCUSDT,roll_120_xrank,0,0.0
1a_full,micro,30,BTCUSDT,amihud_120,0,0.0
1a_full,micro,30,BTCUSDT,amihud_120_xrank,0,0.0
1a_full,micro,30,BTCUSDT,kyle_120,0,0.0
1a_full,micro,30,BTCUSDT,kyle_120_xrank,0,0.0
1a_full,micro,30,BTCUSDT,vpin_120,0,0.0
1a_full,micro,30,BTCUSDT,vpin_120_xrank,0,0.0
1a_full,micro,30,BTCUSDT,jump_120,0,0.0
1a_full,micro,30,BTCUSDT,jump_120_xrank,0,0.0
1a_full,micro,30,BTCUSDT,vratio_120,0,0.0
1a_full,micro,30,BTCUSDT,vratio_120_xrank,0,0.0
1a_full,micro,30,BTCUSDT,cvd_slope_120,0,0.0
1a_full,micro,30,BTCUSDT,cvd_slope_120_xrank,0,0.0
1a_full,micro,30,BTCUSDT,signac_120,0,0.0
1a_full,micro,30,BTCUSDT,signac_120_xrank,0,0.0
1a_full,micro,30,BTCUSDT,sflow_120,0,0.0
1a_full,micro,30,BTCUSDT,sflow_120_xrank,0,0.0
1a_full,micro,30,BTCUSDT,rskew_480,0,0.0
1a_full,micro,30,BTCUSDT,rskew_480_xrank,0,0.0
1a_full,micro,30,BTCUSDT,rkurt_480,0,4.712679579910173e-09
1a_full,micro,30,BTCUSDT,rkurt_480_xrank,0,0.0
1a_full,micro,30,BTCUSDT,roll_480,0,0.0
1a_full,micro,30,BTCUSDT,roll_480_xrank,0,0.0
1a_full,micro,30,BTCUSDT,amihud_480,0,0.0
1a_full,micro,30,BTCUSDT,amihud_480_xrank,0,0.0
1a_full,micro,30,BTCUSDT,kyle_480,0,0.0
1a_full,micro,30,BTCUSDT,kyle_480_xrank,0,0.0
1a_full,micro,30,BTCUSDT,vpin_480,0,0.0
1a_full,micro,30,BTCUSDT,vpin_480_xrank,0,0.0
1a_full,micro,30,BTCUSDT,jump_480,0,1.264525845146025e-10
1a_full,micro,30,BTCUSDT,jump_480_xrank,0,0.0
1a_full,micro,30,BTCUSDT,vratio_480,0,0.0
1a_full,micro,30,BTCUSDT,vratio_480_xrank,0,0.0
1a_full,micro,30,BTCUSDT,cvd_slope_480,0,0.0
1a_full,micro,30,BTCUSDT,cvd_slope_480_xrank,0,0.0
1a_full,micro,30,BTCUSDT,signac_480,0,0.0
1a_full,micro,30,BTCUSDT,signac_480_xrank,0,0.0
1a_full,micro,30,BTCUSDT,sflow_480,0,0.0
1a_full,micro,30,BTCUSDT,sflow_480_xrank,0,0.0
1a_full,cross,30,BTCUSDT,own_ret_1,0,0.0
1a_full,cross,30,BTCUSDT,btc_ret_1,0,0.0
1a_full,cross,30,BTCUSDT,eth_ret_1,0,0.0
1a_full,cross,30,BTCUSDT,mkt_ret_1,0,0.0
1a_full,cross,30,BTCUSDT,breadth_1,0,0.0
1a_full,cross,30,BTCUSDT,disp_1,0,0.0
1a_full,cross,30,BTCUSDT,relstr_1,0,0.0
1a_full,cross,30,BTCUSDT,rank_1,0,0.0
1a_full,cross,30,BTCUSDT,btc_minus_own_1,0,0.0
1a_full,cross,30,BTCUSDT,eth_minus_own_1,0,0.0
1a_full,cross,30,BTCUSDT,own_ret_5,0,0.0
1a_full,cross,30,BTCUSDT,btc_ret_5,0,0.0
1a_full,cross,30,BTCUSDT,eth_ret_5,0,0.0
1a_full,cross,30,BTCUSDT,mkt_ret_5,0,0.0
1a_full,cross,30,BTCUSDT,breadth_5,0,0.0
1a_full,cross,30,BTCUSDT,disp_5,0,0.0
1a_full,cross,30,BTCUSDT,relstr_5,0,0.0
1a_full,cross,30,BTCUSDT,rank_5,0,0.0
1a_full,cross,30,BTCUSDT,btc_minus_own_5,0,0.0
1a_full,cross,30,BTCUSDT,eth_minus_own_5,0,0.0
1a_full,cross,30,BTCUSDT,own_ret_15,0,0.0
1a_full,cross,30,BTCUSDT,btc_ret_15,0,0.0
1a_full,cross,30,BTCUSDT,eth_ret_15,0,0.0
1a_full,cross,30,BTCUSDT,mkt_ret_15,0,0.0
1a_full,cross,30,BTCUSDT,breadth_15,0,0.0
1a_full,cross,30,BTCUSDT,disp_15,0,0.0
1a_full,cross,30,BTCUSDT,relstr_15,0,0.0
1a_full,cross,30,BTCUSDT,rank_15,0,0.0
1a_full,cross,30,BTCUSDT,btc_minus_own_15,0,0.0
1a_full,cross,30,BTCUSDT,eth_minus_own_15,0,0.0
1a_full,cross,30,BTCUSDT,own_ret_30,0,0.0
1a_full,cross,30,BTCUSDT,btc_ret_30,0,0.0
1a_full,cross,30,BTCUSDT,eth_ret_30,0,0.0
1a_full,cross,30,BTCUSDT,mkt_ret_30,0,0.0
1a_full,cross,30,BTCUSDT,breadth_30,0,0.0
1a_full,cross,30,BTCUSDT,disp_30,0,0.0
1a_full,cross,30,BTCUSDT,relstr_30,0,0.0
1a_full,cross,30,BTCUSDT,rank_30,0,0.0
1a_full,cross,30,BTCUSDT,btc_minus_own_30,0,0.0
1a_full,cross,30,BTCUSDT,eth_minus_own_30,0,0.0
1a_full,cross,30,BTCUSDT,own_ret_60,0,0.0
1a_full,cross,30,BTCUSDT,btc_ret_60,0,0.0
1a_full,cross,30,BTCUSDT,eth_ret_60,0,0.0
1a_full,cross,30,BTCUSDT,mkt_ret_60,0,0.0
1a_full,cross,30,BTCUSDT,breadth_60,0,0.0
1a_full,cross,30,BTCUSDT,disp_60,0,0.0
1a_full,cross,30,BTCUSDT,relstr_60,0,0.0
1a_full,cross,30,BTCUSDT,rank_60,0,0.0
1a_full,cross,30,BTCUSDT,btc_minus_own_60,0,0.0
1a_full,cross,30,BTCUSDT,eth_minus_own_60,0,0.0
1a_full,cross,30,BTCUSDT,own_ret_180,0,0.0
1a_full,cross,30,BTCUSDT,btc_ret_180,0,0.0
1a_full,cross,30,BTCUSDT,eth_ret_180,0,0.0
1a_full,cross,30,BTCUSDT,mkt_ret_180,0,0.0
1a_full,cross,30,BTCUSDT,breadth_180,0,0.0
1a_full,cross,30,BTCUSDT,disp_180,0,0.0
1a_full,cross,30,BTCUSDT,relstr_180,0,0.0
1a_full,cross,30,BTCUSDT,rank_180,0,0.0
1a_full,cross,30,BTCUSDT,btc_minus_own_180,0,0.0
1a_full,cross,30,BTCUSDT,eth_minus_own_180,0,0.0
1a_full,cross,30,BTCUSDT,own_ret_360,0,0.0
1a_full,cross,30,BTCUSDT,btc_ret_360,0,0.0
1a_full,cross,30,BTCUSDT,eth_ret_360,0,0.0
1a_full,cross,30,BTCUSDT,mkt_ret_360,0,0.0
1a_full,cross,30,BTCUSDT,breadth_360,0,0.0
1a_full,cross,30,BTCUSDT,disp_360,0,0.0
1a_full,cross,30,BTCUSDT,relstr_360,0,0.0
1a_full,cross,30,BTCUSDT,rank_360,0,0.0
1a_full,cross,30,BTCUSDT,btc_minus_own_360,0,0.0
1a_full,cross,30,BTCUSDT,eth_minus_own_360,0,0.0
1a_full,cross,30,BTCUSDT,own_ret_720,0,0.0
1a_full,cross,30,BTCUSDT,btc_ret_720,0,0.0
1a_full,cross,30,BTCUSDT,eth_ret_720,0,0.0
1a_full,cross,30,BTCUSDT,mkt_ret_720,0,0.0
1a_full,cross,30,BTCUSDT,breadth_720,0,0.0
1a_full,cross,30,BTCUSDT,disp_720,0,0.0
1a_full,cross,30,BTCUSDT,relstr_720,0,0.0
1a_full,cross,30,BTCUSDT,rank_720,0,0.0
1a_full,cross,30,BTCUSDT,btc_minus_own_720,0,0.0
1a_full,cross,30,BTCUSDT,eth_minus_own_720,0,0.0
1a_full,cross,30,BTCUSDT,own_ret_1440,0,0.0
1a_full,cross,30,BTCUSDT,btc_ret_1440,0,0.0
1a_full,cross,30,BTCUSDT,eth_ret_1440,0,0.0
1a_full,cross,30,BTCUSDT,mkt_ret_1440,0,0.0
1a_full,cross,30,BTCUSDT,breadth_1440,0,0.0
1a_full,cross,30,BTCUSDT,disp_1440,0,0.0
1a_full,cross,30,BTCUSDT,relstr_1440,0,0.0
1a_full,cross,30,BTCUSDT,rank_1440,0,0.0
1a_full,cross,30,BTCUSDT,btc_minus_own_1440,0,0.0
1a_full,cross,30,BTCUSDT,eth_minus_own_1440,0,0.0
1a_full,micro,30,DOGEUSDT,rskew_30,0,2.0707901171590493e-08
1a_full,micro,30,DOGEUSDT,rskew_30_xrank,0,0.0
1a_full,micro,30,DOGEUSDT,rkurt_30,0,5.049912488175323e-07
1a_full,micro,30,DOGEUSDT,rkurt_30_xrank,0,0.0
1a_full,micro,30,DOGEUSDT,roll_30,0,0.0
1a_full,micro,30,DOGEUSDT,roll_30_xrank,0,0.0
1a_full,micro,30,DOGEUSDT,amihud_30,0,0.0
1a_full,micro,30,DOGEUSDT,amihud_30_xrank,0,0.0
1a_full,micro,30,DOGEUSDT,kyle_30,0,0.0
1a_full,micro,30,DOGEUSDT,kyle_30_xrank,0,0.0
1a_full,micro,30,DOGEUSDT,vpin_30,0,0.0
1a_full,micro,30,DOGEUSDT,vpin_30_xrank,0,0.0
1a_full,micro,30,DOGEUSDT,jump_30,0,6.451613465685568e-09
1a_full,micro,30,DOGEUSDT,jump_30_xrank,0,0.0
1a_full,micro,30,DOGEUSDT,vratio_30,0,1.491980938794768e-08
1a_full,micro,30,DOGEUSDT,vratio_30_xrank,0,0.0
1a_full,micro,30,DOGEUSDT,cvd_slope_30,0,0.0
1a_full,micro,30,DOGEUSDT,cvd_slope_30_xrank,0,0.0
1a_full,micro,30,DOGEUSDT,signac_30,0,0.0
1a_full,micro,30,DOGEUSDT,signac_30_xrank,0,0.0
1a_full,micro,30,DOGEUSDT,sflow_30,0,0.0
1a_full,micro,30,DOGEUSDT,sflow_30_xrank,0,0.0
1a_full,micro,30,DOGEUSDT,rskew_120,0,0.0
1a_full,micro,30,DOGEUSDT,rskew_120_xrank,0,0.0
1a_full,micro,30,DOGEUSDT,rkurt_120,0,4.7568352812277226e-08
1a_full,micro,30,DOGEUSDT,rkurt_120_xrank,0,0.0
1a_full,micro,30,DOGEUSDT,roll_120,0,0.0
1a_full,micro,30,DOGEUSDT,roll_120_xrank,0,0.0
1a_full,micro,30,DOGEUSDT,amihud_120,0,0.0
1a_full,micro,30,DOGEUSDT,amihud_120_xrank,0,0.0
1a_full,micro,30,DOGEUSDT,kyle_120,0,0.0
1a_full,micro,30,DOGEUSDT,kyle_120_xrank,0,0.0
1a_full,micro,30,DOGEUSDT,vpin_120,0,0.0
1a_full,micro,30,DOGEUSDT,vpin_120_xrank,0,0.0
1a_full,micro,30,DOGEUSDT,jump_120,0,1.574314012486866e-09
1a_full,micro,30,DOGEUSDT,jump_120_xrank,0,0.0
1a_full,micro,30,DOGEUSDT,vratio_120,0,0.0
1a_full,micro,30,DOGEUSDT,vratio_120_xrank,0,0.0
1a_full,micro,30,DOGEUSDT,cvd_slope_120,0,4.825955173676233e-12
1a_full,micro,30,DOGEUSDT,cvd_slope_120_xrank,0,0.0
1a_full,micro,30,DOGEUSDT,signac_120,0,0.0
1a_full,micro,30,DOGEUSDT,signac_120_xrank,0,0.0
1a_full,micro,30,DOGEUSDT,sflow_120,0,0.0
1a_full,micro,30,DOGEUSDT,sflow_120_xrank,0,0.0
1a_full,micro,30,DOGEUSDT,rskew_480,0,3.801335690667429e-09
1a_full,micro,30,DOGEUSDT,rskew_480_xrank,0,0.0
1a_full,micro,30,DOGEUSDT,rkurt_480,0,5.842276351586406e-08
1a_full,micro,30,DOGEUSDT,rkurt_480_xrank,0,0.0
1a_full,micro,30,DOGEUSDT,roll_480,0,0.0
1a_full,micro,30,DOGEUSDT,roll_480_xrank,0,0.0
1a_full,micro,30,DOGEUSDT,amihud_480,0,0.0
1a_full,micro,30,DOGEUSDT,amihud_480_xrank,0,0.0
1a_full,micro,30,DOGEUSDT,kyle_480,0,0.0
1a_full,micro,30,DOGEUSDT,kyle_480_xrank,0,0.0
1a_full,micro,30,DOGEUSDT,vpin_480,0,0.0
1a_full,micro,30,DOGEUSDT,vpin_480_xrank,0,0.0
1a_full,micro,30,DOGEUSDT,jump_480,0,2.474553895126519e-09
1a_full,micro,30,DOGEUSDT,jump_480_xrank,0,0.0
1a_full,micro,30,DOGEUSDT,vratio_480,0,0.0
1a_full,micro,30,DOGEUSDT,vratio_480_xrank,0,0.0
1a_full,micro,30,DOGEUSDT,cvd_slope_480,0,0.0
1a_full,micro,30,DOGEUSDT,cvd_slope_480_xrank,0,0.0
1a_full,micro,30,DOGEUSDT,signac_480,0,0.0
1a_full,micro,30,DOGEUSDT,signac_480_xrank,0,0.0
1a_full,micro,30,DOGEUSDT,sflow_480,0,0.0
1a_full,micro,30,DOGEUSDT,sflow_480_xrank,0,0.0
1a_full,cross,30,DOGEUSDT,own_ret_1,0,0.0
1a_full,cross,30,DOGEUSDT,btc_ret_1,0,0.0
1a_full,cross,30,DOGEUSDT,eth_ret_1,0,0.0
1a_full,cross,30,DOGEUSDT,mkt_ret_1,0,0.0
1a_full,cross,30,DOGEUSDT,breadth_1,0,0.0
1a_full,cross,30,DOGEUSDT,disp_1,0,0.0
1a_full,cross,30,DOGEUSDT,relstr_1,0,0.0
1a_full,cross,30,DOGEUSDT,rank_1,0,0.0
1a_full,cross,30,DOGEUSDT,btc_minus_own_1,0,0.0
1a_full,cross,30,DOGEUSDT,eth_minus_own_1,0,0.0
1a_full,cross,30,DOGEUSDT,own_ret_5,0,0.0
1a_full,cross,30,DOGEUSDT,btc_ret_5,0,0.0
1a_full,cross,30,DOGEUSDT,eth_ret_5,0,0.0
1a_full,cross,30,DOGEUSDT,mkt_ret_5,0,0.0
1a_full,cross,30,DOGEUSDT,breadth_5,0,0.0
1a_full,cross,30,DOGEUSDT,disp_5,0,0.0
1a_full,cross,30,DOGEUSDT,relstr_5,0,0.0
1a_full,cross,30,DOGEUSDT,rank_5,0,0.0
1a_full,cross,30,DOGEUSDT,btc_minus_own_5,0,0.0
1a_full,cross,30,DOGEUSDT,eth_minus_own_5,0,0.0
1a_full,cross,30,DOGEUSDT,own_ret_15,0,0.0
1a_full,cross,30,DOGEUSDT,btc_ret_15,0,0.0
1a_full,cross,30,DOGEUSDT,eth_ret_15,0,0.0
1a_full,cross,30,DOGEUSDT,mkt_ret_15,0,0.0
1a_full,cross,30,DOGEUSDT,breadth_15,0,0.0
1a_full,cross,30,DOGEUSDT,disp_15,0,0.0
1a_full,cross,30,DOGEUSDT,relstr_15,0,0.0
1a_full,cross,30,DOGEUSDT,rank_15,0,0.0
1a_full,cross,30,DOGEUSDT,btc_minus_own_15,0,0.0
1a_full,cross,30,DOGEUSDT,eth_minus_own_15,0,0.0
1a_full,cross,30,DOGEUSDT,own_ret_30,0,0.0
1a_full,cross,30,DOGEUSDT,btc_ret_30,0,0.0
1a_full,cross,30,DOGEUSDT,eth_ret_30,0,0.0
1a_full,cross,30,DOGEUSDT,mkt_ret_30,0,0.0
1a_full,cross,30,DOGEUSDT,breadth_30,0,0.0
1a_full,cross,30,DOGEUSDT,disp_30,0,0.0
1a_full,cross,30,DOGEUSDT,relstr_30,0,0.0
1a_full,cross,30,DOGEUSDT,rank_30,0,0.0
1a_full,cross,30,DOGEUSDT,btc_minus_own_30,0,0.0
1a_full,cross,30,DOGEUSDT,eth_minus_own_30,0,0.0
1a_full,cross,30,DOGEUSDT,own_ret_60,0,0.0
1a_full,cross,30,DOGEUSDT,btc_ret_60,0,0.0
1a_full,cross,30,DOGEUSDT,eth_ret_60,0,0.0
1a_full,cross,30,DOGEUSDT,mkt_ret_60,0,0.0
1a_full,cross,30,DOGEUSDT,breadth_60,0,0.0
1a_full,cross,30,DOGEUSDT,disp_60,0,0.0
1a_full,cross,30,DOGEUSDT,relstr_60,0,0.0
1a_full,cross,30,DOGEUSDT,rank_60,0,0.0
1a_full,cross,30,DOGEUSDT,btc_minus_own_60,0,0.0
1a_full,cross,30,DOGEUSDT,eth_minus_own_60,0,0.0
1a_full,cross,30,DOGEUSDT,own_ret_180,0,0.0
1a_full,cross,30,DOGEUSDT,btc_ret_180,0,0.0
1a_full,cross,30,DOGEUSDT,eth_ret_180,0,0.0
1a_full,cross,30,DOGEUSDT,mkt_ret_180,0,0.0
1a_full,cross,30,DOGEUSDT,breadth_180,0,0.0
1a_full,cross,30,DOGEUSDT,disp_180,0,0.0
1a_full,cross,30,DOGEUSDT,relstr_180,0,0.0
1a_full,cross,30,DOGEUSDT,rank_180,0,0.0
1a_full,cross,30,DOGEUSDT,btc_minus_own_180,0,0.0
1a_full,cross,30,DOGEUSDT,eth_minus_own_180,0,0.0
1a_full,cross,30,DOGEUSDT,own_ret_360,0,0.0
1a_full,cross,30,DOGEUSDT,btc_ret_360,0,0.0
1a_full,cross,30,DOGEUSDT,eth_ret_360,0,0.0
1a_full,cross,30,DOGEUSDT,mkt_ret_360,0,0.0
1a_full,cross,30,DOGEUSDT,breadth_360,0,0.0
1a_full,cross,30,DOGEUSDT,disp_360,0,0.0
1a_full,cross,30,DOGEUSDT,relstr_360,0,0.0
1a_full,cross,30,DOGEUSDT,rank_360,0,0.0
1a_full,cross,30,DOGEUSDT,btc_minus_own_360,0,0.0
1a_full,cross,30,DOGEUSDT,eth_minus_own_360,0,0.0
1a_full,cross,30,DOGEUSDT,own_ret_720,0,0.0
1a_full,cross,30,DOGEUSDT,btc_ret_720,0,0.0
1a_full,cross,30,DOGEUSDT,eth_ret_720,0,0.0
1a_full,cross,30,DOGEUSDT,mkt_ret_720,0,0.0
1a_full,cross,30,DOGEUSDT,breadth_720,0,0.0
1a_full,cross,30,DOGEUSDT,disp_720,0,0.0
1a_full,cross,30,DOGEUSDT,relstr_720,0,0.0
1a_full,cross,30,DOGEUSDT,rank_720,0,0.0
1a_full,cross,30,DOGEUSDT,btc_minus_own_720,0,0.0
1a_full,cross,30,DOGEUSDT,eth_minus_own_720,0,0.0
1a_full,cross,30,DOGEUSDT,own_ret_1440,0,0.0
1a_full,cross,30,DOGEUSDT,btc_ret_1440,0,0.0
1a_full,cross,30,DOGEUSDT,eth_ret_1440,0,0.0
1a_full,cross,30,DOGEUSDT,mkt_ret_1440,0,0.0
1a_full,cross,30,DOGEUSDT,breadth_1440,0,0.0
1a_full,cross,30,DOGEUSDT,disp_1440,0,0.0
1a_full,cross,30,DOGEUSDT,relstr_1440,0,0.0
1a_full,cross,30,DOGEUSDT,rank_1440,0,0.0
1a_full,cross,30,DOGEUSDT,btc_minus_own_1440,0,0.0
1a_full,cross,30,DOGEUSDT,eth_minus_own_1440,0,0.0
1a_full,micro,30,DOTUSDT,rskew_30,0,1.2918920155868818e-08
1a_full,micro,30,DOTUSDT,rskew_30_xrank,0,0.0
1a_full,micro,30,DOTUSDT,rkurt_30,0,3.6532054537019576e-07
1a_full,micro,30,DOTUSDT,rkurt_30_xrank,0,0.0
1a_full,micro,30,DOTUSDT,roll_30,0,0.0
1a_full,micro,30,DOTUSDT,roll_30_xrank,0,0.0
1a_full,micro,30,DOTUSDT,amihud_30,0,0.0
1a_full,micro,30,DOTUSDT,amihud_30_xrank,0,0.0
1a_full,micro,30,DOTUSDT,kyle_30,0,1.5514149964701573e-08
1a_full,micro,30,DOTUSDT,kyle_30_xrank,0,0.0
1a_full,micro,30,DOTUSDT,vpin_30,0,0.0
1a_full,micro,30,DOTUSDT,vpin_30_xrank,0,0.0
1a_full,micro,30,DOTUSDT,jump_30,0,7.88510678972898e-09
1a_full,micro,30,DOTUSDT,jump_30_xrank,0,0.0
1a_full,micro,30,DOTUSDT,vratio_30,0,0.0
1a_full,micro,30,DOTUSDT,vratio_30_xrank,0,0.0
1a_full,micro,30,DOTUSDT,cvd_slope_30,0,1.8791435074660967e-09
1a_full,micro,30,DOTUSDT,cvd_slope_30_xrank,0,0.0
1a_full,micro,30,DOTUSDT,signac_30,0,0.0
1a_full,micro,30,DOTUSDT,signac_30_xrank,0,0.0
1a_full,micro,30,DOTUSDT,sflow_30,0,0.0
1a_full,micro,30,DOTUSDT,sflow_30_xrank,0,0.0
1a_full,micro,30,DOTUSDT,rskew_120,0,3.009750892957186e-09
1a_full,micro,30,DOTUSDT,rskew_120_xrank,0,0.0
1a_full,micro,30,DOTUSDT,rkurt_120,0,5.70606779604077e-08
1a_full,micro,30,DOTUSDT,rkurt_120_xrank,0,0.0
1a_full,micro,30,DOTUSDT,roll_120,0,0.0
1a_full,micro,30,DOTUSDT,roll_120_xrank,0,0.0
1a_full,micro,30,DOTUSDT,amihud_120,0,0.0
1a_full,micro,30,DOTUSDT,amihud_120_xrank,0,0.0
1a_full,micro,30,DOTUSDT,kyle_120,0,4.4758557748991734e-08
1a_full,micro,30,DOTUSDT,kyle_120_xrank,0,0.0
1a_full,micro,30,DOTUSDT,vpin_120,0,0.0
1a_full,micro,30,DOTUSDT,vpin_120_xrank,0,0.0
1a_full,micro,30,DOTUSDT,jump_120,0,2.009175714690059e-09
1a_full,micro,30,DOTUSDT,jump_120_xrank,0,0.0
1a_full,micro,30,DOTUSDT,vratio_120,0,0.0
1a_full,micro,30,DOTUSDT,vratio_120_xrank,0,0.0
1a_full,micro,30,DOTUSDT,cvd_slope_120,0,0.0
1a_full,micro,30,DOTUSDT,cvd_slope_120_xrank,0,0.0
1a_full,micro,30,DOTUSDT,signac_120,0,0.0
1a_full,micro,30,DOTUSDT,signac_120_xrank,0,0.0
1a_full,micro,30,DOTUSDT,sflow_120,0,4.882231507963297e-09
1a_full,micro,30,DOTUSDT,sflow_120_xrank,0,0.0
1a_full,micro,30,DOTUSDT,rskew_480,0,1.1259633225790822e-09
1a_full,micro,30,DOTUSDT,rskew_480_xrank,0,0.0
1a_full,micro,30,DOTUSDT,rkurt_480,0,6.151569920120892e-08
1a_full,micro,30,DOTUSDT,rkurt_480_xrank,0,0.0
1a_full,micro,30,DOTUSDT,roll_480,0,0.0
1a_full,micro,30,DOTUSDT,roll_480_xrank,0,0.0
1a_full,micro,30,DOTUSDT,amihud_480,0,0.0
1a_full,micro,30,DOTUSDT,amihud_480_xrank,0,0.0
1a_full,micro,30,DOTUSDT,kyle_480,0,0.0
1a_full,micro,30,DOTUSDT,kyle_480_xrank,0,0.0
1a_full,micro,30,DOTUSDT,vpin_480,0,0.0
1a_full,micro,30,DOTUSDT,vpin_480_xrank,0,0.0
1a_full,micro,30,DOTUSDT,jump_480,0,3.925808012006371e-10
1a_full,micro,30,DOTUSDT,jump_480_xrank,0,0.0
1a_full,micro,30,DOTUSDT,vratio_480,0,4.575665712991395e-08
1a_full,micro,30,DOTUSDT,vratio_480_xrank,0,0.0
1a_full,micro,30,DOTUSDT,cvd_slope_480,0,0.0
1a_full,micro,30,DOTUSDT,cvd_slope_480_xrank,0,0.0
1a_full,micro,30,DOTUSDT,signac_480,0,0.0
1a_full,micro,30,DOTUSDT,signac_480_xrank,0,0.0
1a_full,micro,30,DOTUSDT,sflow_480,0,0.0
1a_full,micro,30,DOTUSDT,sflow_480_xrank,0,0.0
1a_full,cross,30,DOTUSDT,own_ret_1,0,0.0
1a_full,cross,30,DOTUSDT,btc_ret_1,0,0.0
1a_full,cross,30,DOTUSDT,eth_ret_1,0,0.0
1a_full,cross,30,DOTUSDT,mkt_ret_1,0,0.0
1a_full,cross,30,DOTUSDT,breadth_1,0,0.0
1a_full,cross,30,DOTUSDT,disp_1,0,0.0
1a_full,cross,30,DOTUSDT,relstr_1,0,0.0
1a_full,cross,30,DOTUSDT,rank_1,0,0.0
1a_full,cross,30,DOTUSDT,btc_minus_own_1,0,0.0
1a_full,cross,30,DOTUSDT,eth_minus_own_1,0,0.0
1a_full,cross,30,DOTUSDT,own_ret_5,0,0.0
1a_full,cross,30,DOTUSDT,btc_ret_5,0,0.0
1a_full,cross,30,DOTUSDT,eth_ret_5,0,0.0
1a_full,cross,30,DOTUSDT,mkt_ret_5,0,0.0
1a_full,cross,30,DOTUSDT,breadth_5,0,0.0
1a_full,cross,30,DOTUSDT,disp_5,0,0.0
1a_full,cross,30,DOTUSDT,relstr_5,0,0.0
1a_full,cross,30,DOTUSDT,rank_5,0,0.0
1a_full,cross,30,DOTUSDT,btc_minus_own_5,0,0.0
1a_full,cross,30,DOTUSDT,eth_minus_own_5,0,0.0
1a_full,cross,30,DOTUSDT,own_ret_15,0,0.0
1a_full,cross,30,DOTUSDT,btc_ret_15,0,0.0
1a_full,cross,30,DOTUSDT,eth_ret_15,0,0.0
1a_full,cross,30,DOTUSDT,mkt_ret_15,0,0.0
1a_full,cross,30,DOTUSDT,breadth_15,0,0.0
1a_full,cross,30,DOTUSDT,disp_15,0,0.0
1a_full,cross,30,DOTUSDT,relstr_15,0,0.0
1a_full,cross,30,DOTUSDT,rank_15,0,0.0
1a_full,cross,30,DOTUSDT,btc_minus_own_15,0,0.0
1a_full,cross,30,DOTUSDT,eth_minus_own_15,0,0.0
1a_full,cross,30,DOTUSDT,own_ret_30,0,0.0
1a_full,cross,30,DOTUSDT,btc_ret_30,0,0.0
1a_full,cross,30,DOTUSDT,eth_ret_30,0,0.0
1a_full,cross,30,DOTUSDT,mkt_ret_30,0,0.0
1a_full,cross,30,DOTUSDT,breadth_30,0,0.0
1a_full,cross,30,DOTUSDT,disp_30,0,0.0
1a_full,cross,30,DOTUSDT,relstr_30,0,0.0
1a_full,cross,30,DOTUSDT,rank_30,0,0.0
1a_full,cross,30,DOTUSDT,btc_minus_own_30,0,0.0
1a_full,cross,30,DOTUSDT,eth_minus_own_30,0,0.0
1a_full,cross,30,DOTUSDT,own_ret_60,0,0.0
1a_full,cross,30,DOTUSDT,btc_ret_60,0,0.0
1a_full,cross,30,DOTUSDT,eth_ret_60,0,0.0
1a_full,cross,30,DOTUSDT,mkt_ret_60,0,0.0
1a_full,cross,30,DOTUSDT,breadth_60,0,0.0
1a_full,cross,30,DOTUSDT,disp_60,0,0.0
1a_full,cross,30,DOTUSDT,relstr_60,0,0.0
1a_full,cross,30,DOTUSDT,rank_60,0,0.0
1a_full,cross,30,DOTUSDT,btc_minus_own_60,0,0.0
1a_full,cross,30,DOTUSDT,eth_minus_own_60,0,0.0
1a_full,cross,30,DOTUSDT,own_ret_180,0,0.0
1a_full,cross,30,DOTUSDT,btc_ret_180,0,0.0
1a_full,cross,30,DOTUSDT,eth_ret_180,0,0.0
1a_full,cross,30,DOTUSDT,mkt_ret_180,0,0.0
1a_full,cross,30,DOTUSDT,breadth_180,0,0.0
1a_full,cross,30,DOTUSDT,disp_180,0,0.0
1a_full,cross,30,DOTUSDT,relstr_180,0,0.0
1a_full,cross,30,DOTUSDT,rank_180,0,0.0
1a_full,cross,30,DOTUSDT,btc_minus_own_180,0,0.0
1a_full,cross,30,DOTUSDT,eth_minus_own_180,0,0.0
1a_full,cross,30,DOTUSDT,own_ret_360,0,0.0
1a_full,cross,30,DOTUSDT,btc_ret_360,0,0.0
1a_full,cross,30,DOTUSDT,eth_ret_360,0,0.0
1a_full,cross,30,DOTUSDT,mkt_ret_360,0,0.0
1a_full,cross,30,DOTUSDT,breadth_360,0,0.0
1a_full,cross,30,DOTUSDT,disp_360,0,0.0
1a_full,cross,30,DOTUSDT,relstr_360,0,0.0
1a_full,cross,30,DOTUSDT,rank_360,0,0.0
1a_full,cross,30,DOTUSDT,btc_minus_own_360,0,0.0
1a_full,cross,30,DOTUSDT,eth_minus_own_360,0,0.0
1a_full,cross,30,DOTUSDT,own_ret_720,0,0.0
1a_full,cross,30,DOTUSDT,btc_ret_720,0,0.0
1a_full,cross,30,DOTUSDT,eth_ret_720,0,0.0
1a_full,cross,30,DOTUSDT,mkt_ret_720,0,0.0
1a_full,cross,30,DOTUSDT,breadth_720,0,0.0
1a_full,cross,30,DOTUSDT,disp_720,0,0.0
1a_full,cross,30,DOTUSDT,relstr_720,0,0.0
1a_full,cross,30,DOTUSDT,rank_720,0,0.0
1a_full,cross,30,DOTUSDT,btc_minus_own_720,0,0.0
1a_full,cross,30,DOTUSDT,eth_minus_own_720,0,0.0
1a_full,cross,30,DOTUSDT,own_ret_1440,0,0.0
1a_full,cross,30,DOTUSDT,btc_ret_1440,0,0.0
1a_full,cross,30,DOTUSDT,eth_ret_1440,0,0.0
1a_full,cross,30,DOTUSDT,mkt_ret_1440,0,0.0
1a_full,cross,30,DOTUSDT,breadth_1440,0,0.0
1a_full,cross,30,DOTUSDT,disp_1440,0,0.0
1a_full,cross,30,DOTUSDT,relstr_1440,0,0.0
1a_full,cross,30,DOTUSDT,rank_1440,0,0.0
1a_full,cross,30,DOTUSDT,btc_minus_own_1440,0,0.0
1a_full,cross,30,DOTUSDT,eth_minus_own_1440,0,0.0
1a_full,micro,30,ETHUSDT,rskew_30,0,5.877537567755553e-09
1a_full,micro,30,ETHUSDT,rskew_30_xrank,0,0.0
1a_full,micro,30,ETHUSDT,rkurt_30,0,5.361115427149343e-07
1a_full,micro,30,ETHUSDT,rkurt_30_xrank,0,0.0
1a_full,micro,30,ETHUSDT,roll_30,0,0.0
1a_full,micro,30,ETHUSDT,roll_30_xrank,0,0.0
1a_full,micro,30,ETHUSDT,amihud_30,0,0.0
1a_full,micro,30,ETHUSDT,amihud_30_xrank,0,0.0
1a_full,micro,30,ETHUSDT,kyle_30,0,6.979070121815312e-08
1a_full,micro,30,ETHUSDT,kyle_30_xrank,0,0.0
1a_full,micro,30,ETHUSDT,vpin_30,0,0.0
1a_full,micro,30,ETHUSDT,vpin_30_xrank,0,0.0
1a_full,micro,30,ETHUSDT,jump_30,0,0.0
1a_full,micro,30,ETHUSDT,jump_30_xrank,0,0.0
1a_full,micro,30,ETHUSDT,vratio_30,0,0.0
1a_full,micro,30,ETHUSDT,vratio_30_xrank,0,0.0
1a_full,micro,30,ETHUSDT,cvd_slope_30,0,0.0
1a_full,micro,30,ETHUSDT,cvd_slope_30_xrank,0,0.0
1a_full,micro,30,ETHUSDT,signac_30,0,0.0
1a_full,micro,30,ETHUSDT,signac_30_xrank,0,0.0
1a_full,micro,30,ETHUSDT,sflow_30,0,0.0
1a_full,micro,30,ETHUSDT,sflow_30_xrank,0,0.0
1a_full,micro,30,ETHUSDT,rskew_120,0,3.021799477309628e-09
1a_full,micro,30,ETHUSDT,rskew_120_xrank,0,0.0
1a_full,micro,30,ETHUSDT,rkurt_120,0,5.74600491631827e-08
1a_full,micro,30,ETHUSDT,rkurt_120_xrank,0,0.0
1a_full,micro,30,ETHUSDT,roll_120,0,0.0
1a_full,micro,30,ETHUSDT,roll_120_xrank,0,0.0
1a_full,micro,30,ETHUSDT,amihud_120,0,0.0
1a_full,micro,30,ETHUSDT,amihud_120_xrank,0,0.0
1a_full,micro,30,ETHUSDT,kyle_120,0,0.0
1a_full,micro,30,ETHUSDT,kyle_120_xrank,0,0.0
1a_full,micro,30,ETHUSDT,vpin_120,0,0.0
1a_full,micro,30,ETHUSDT,vpin_120_xrank,0,0.0
1a_full,micro,30,ETHUSDT,jump_120,0,3.710896034903044e-10
1a_full,micro,30,ETHUSDT,jump_120_xrank,0,0.0
1a_full,micro,30,ETHUSDT,vratio_120,0,0.0
1a_full,micro,30,ETHUSDT,vratio_120_xrank,0,0.0
1a_full,micro,30,ETHUSDT,cvd_slope_120,0,0.0
1a_full,micro,30,ETHUSDT,cvd_slope_120_xrank,0,0.0
1a_full,micro,30,ETHUSDT,signac_120,0,0.0
1a_full,micro,30,ETHUSDT,signac_120_xrank,0,0.0
1a_full,micro,30,ETHUSDT,sflow_120,0,0.0
1a_full,micro,30,ETHUSDT,sflow_120_xrank,0,0.0
1a_full,micro,30,ETHUSDT,rskew_480,0,0.0
1a_full,micro,30,ETHUSDT,rskew_480_xrank,0,0.0
1a_full,micro,30,ETHUSDT,rkurt_480,0,1.0037673092710975e-07
1a_full,micro,30,ETHUSDT,rkurt_480_xrank,0,0.0
1a_full,micro,30,ETHUSDT,roll_480,0,0.0
1a_full,micro,30,ETHUSDT,roll_480_xrank,0,0.0
1a_full,micro,30,ETHUSDT,amihud_480,0,0.0
1a_full,micro,30,ETHUSDT,amihud_480_xrank,0,0.0
1a_full,micro,30,ETHUSDT,kyle_480,0,0.0
1a_full,micro,30,ETHUSDT,kyle_480_xrank,0,0.0
1a_full,micro,30,ETHUSDT,vpin_480,0,0.0
1a_full,micro,30,ETHUSDT,vpin_480_xrank,0,0.0
1a_full,micro,30,ETHUSDT,jump_480,0,9.105310394552646e-10
1a_full,micro,30,ETHUSDT,jump_480_xrank,0,0.0
1a_full,micro,30,ETHUSDT,vratio_480,0,0.0
1a_full,micro,30,ETHUSDT,vratio_480_xrank,0,0.0
1a_full,micro,30,ETHUSDT,cvd_slope_480,0,0.0
1a_full,micro,30,ETHUSDT,cvd_slope_480_xrank,0,0.0
1a_full,micro,30,ETHUSDT,signac_480,0,0.0
1a_full,micro,30,ETHUSDT,signac_480_xrank,0,0.0
1a_full,micro,30,ETHUSDT,sflow_480,0,0.0
1a_full,micro,30,ETHUSDT,sflow_480_xrank,0,0.0
1a_full,cross,30,ETHUSDT,own_ret_1,0,0.0
1a_full,cross,30,ETHUSDT,btc_ret_1,0,0.0
1a_full,cross,30,ETHUSDT,eth_ret_1,0,0.0
1a_full,cross,30,ETHUSDT,mkt_ret_1,0,0.0
1a_full,cross,30,ETHUSDT,breadth_1,0,0.0
1a_full,cross,30,ETHUSDT,disp_1,0,0.0
1a_full,cross,30,ETHUSDT,relstr_1,0,0.0
1a_full,cross,30,ETHUSDT,rank_1,0,0.0
1a_full,cross,30,ETHUSDT,btc_minus_own_1,0,0.0
1a_full,cross,30,ETHUSDT,eth_minus_own_1,0,0.0
1a_full,cross,30,ETHUSDT,own_ret_5,0,0.0
1a_full,cross,30,ETHUSDT,btc_ret_5,0,0.0
1a_full,cross,30,ETHUSDT,eth_ret_5,0,0.0
1a_full,cross,30,ETHUSDT,mkt_ret_5,0,0.0
1a_full,cross,30,ETHUSDT,breadth_5,0,0.0
1a_full,cross,30,ETHUSDT,disp_5,0,0.0
1a_full,cross,30,ETHUSDT,relstr_5,0,0.0
1a_full,cross,30,ETHUSDT,rank_5,0,0.0
1a_full,cross,30,ETHUSDT,btc_minus_own_5,0,0.0
1a_full,cross,30,ETHUSDT,eth_minus_own_5,0,0.0
1a_full,cross,30,ETHUSDT,own_ret_15,0,0.0
1a_full,cross,30,ETHUSDT,btc_ret_15,0,0.0
1a_full,cross,30,ETHUSDT,eth_ret_15,0,0.0
1a_full,cross,30,ETHUSDT,mkt_ret_15,0,0.0
1a_full,cross,30,ETHUSDT,breadth_15,0,0.0
1a_full,cross,30,ETHUSDT,disp_15,0,0.0
1a_full,cross,30,ETHUSDT,relstr_15,0,0.0
1a_full,cross,30,ETHUSDT,rank_15,0,0.0
1a_full,cross,30,ETHUSDT,btc_minus_own_15,0,0.0
1a_full,cross,30,ETHUSDT,eth_minus_own_15,0,0.0
1a_full,cross,30,ETHUSDT,own_ret_30,0,0.0
1a_full,cross,30,ETHUSDT,btc_ret_30,0,0.0
1a_full,cross,30,ETHUSDT,eth_ret_30,0,0.0
1a_full,cross,30,ETHUSDT,mkt_ret_30,0,0.0
1a_full,cross,30,ETHUSDT,breadth_30,0,0.0
1a_full,cross,30,ETHUSDT,disp_30,0,0.0
1a_full,cross,30,ETHUSDT,relstr_30,0,0.0
1a_full,cross,30,ETHUSDT,rank_30,0,0.0
1a_full,cross,30,ETHUSDT,btc_minus_own_30,0,0.0
1a_full,cross,30,ETHUSDT,eth_minus_own_30,0,0.0
1a_full,cross,30,ETHUSDT,own_ret_60,0,0.0
1a_full,cross,30,ETHUSDT,btc_ret_60,0,0.0
1a_full,cross,30,ETHUSDT,eth_ret_60,0,0.0
1a_full,cross,30,ETHUSDT,mkt_ret_60,0,0.0
1a_full,cross,30,ETHUSDT,breadth_60,0,0.0
1a_full,cross,30,ETHUSDT,disp_60,0,0.0
1a_full,cross,30,ETHUSDT,relstr_60,0,0.0
1a_full,cross,30,ETHUSDT,rank_60,0,0.0
1a_full,cross,30,ETHUSDT,btc_minus_own_60,0,0.0
1a_full,cross,30,ETHUSDT,eth_minus_own_60,0,0.0
1a_full,cross,30,ETHUSDT,own_ret_180,0,0.0
1a_full,cross,30,ETHUSDT,btc_ret_180,0,0.0
1a_full,cross,30,ETHUSDT,eth_ret_180,0,0.0
1a_full,cross,30,ETHUSDT,mkt_ret_180,0,0.0
1a_full,cross,30,ETHUSDT,breadth_180,0,0.0
1a_full,cross,30,ETHUSDT,disp_180,0,0.0
1a_full,cross,30,ETHUSDT,relstr_180,0,0.0
1a_full,cross,30,ETHUSDT,rank_180,0,0.0
1a_full,cross,30,ETHUSDT,btc_minus_own_180,0,0.0
1a_full,cross,30,ETHUSDT,eth_minus_own_180,0,0.0
1a_full,cross,30,ETHUSDT,own_ret_360,0,0.0
1a_full,cross,30,ETHUSDT,btc_ret_360,0,0.0
1a_full,cross,30,ETHUSDT,eth_ret_360,0,0.0
1a_full,cross,30,ETHUSDT,mkt_ret_360,0,0.0
1a_full,cross,30,ETHUSDT,breadth_360,0,0.0
1a_full,cross,30,ETHUSDT,disp_360,0,0.0
1a_full,cross,30,ETHUSDT,relstr_360,0,0.0
1a_full,cross,30,ETHUSDT,rank_360,0,0.0
1a_full,cross,30,ETHUSDT,btc_minus_own_360,0,0.0
1a_full,cross,30,ETHUSDT,eth_minus_own_360,0,0.0
1a_full,cross,30,ETHUSDT,own_ret_720,0,0.0
1a_full,cross,30,ETHUSDT,btc_ret_720,0,0.0
1a_full,cross,30,ETHUSDT,eth_ret_720,0,0.0
1a_full,cross,30,ETHUSDT,mkt_ret_720,0,0.0
1a_full,cross,30,ETHUSDT,breadth_720,0,0.0
1a_full,cross,30,ETHUSDT,disp_720,0,0.0
1a_full,cross,30,ETHUSDT,relstr_720,0,0.0
1a_full,cross,30,ETHUSDT,rank_720,0,0.0
1a_full,cross,30,ETHUSDT,btc_minus_own_720,0,0.0
1a_full,cross,30,ETHUSDT,eth_minus_own_720,0,0.0
1a_full,cross,30,ETHUSDT,own_ret_1440,0,0.0
1a_full,cross,30,ETHUSDT,btc_ret_1440,0,0.0
1a_full,cross,30,ETHUSDT,eth_ret_1440,0,0.0
1a_full,cross,30,ETHUSDT,mkt_ret_1440,0,0.0
1a_full,cross,30,ETHUSDT,breadth_1440,0,0.0
1a_full,cross,30,ETHUSDT,disp_1440,0,0.0
1a_full,cross,30,ETHUSDT,relstr_1440,0,0.0
1a_full,cross,30,ETHUSDT,rank_1440,0,0.0
1a_full,cross,30,ETHUSDT,btc_minus_own_1440,0,0.0
1a_full,cross,30,ETHUSDT,eth_minus_own_1440,0,0.0
1a_full,micro,30,LINKUSDT,rskew_30,0,0.0
1a_full,micro,30,LINKUSDT,rskew_30_xrank,0,0.0
1a_full,micro,30,LINKUSDT,rkurt_30,0,6.420388842798275e-08
1a_full,micro,30,LINKUSDT,rkurt_30_xrank,0,0.0
1a_full,micro,30,LINKUSDT,roll_30,0,0.0
1a_full,micro,30,LINKUSDT,roll_30_xrank,0,0.0
1a_full,micro,30,LINKUSDT,amihud_30,0,0.0
1a_full,micro,30,LINKUSDT,amihud_30_xrank,0,0.0
1a_full,micro,30,LINKUSDT,kyle_30,0,0.0
1a_full,micro,30,LINKUSDT,kyle_30_xrank,0,0.0
1a_full,micro,30,LINKUSDT,vpin_30,0,0.0
1a_full,micro,30,LINKUSDT,vpin_30_xrank,0,0.0
1a_full,micro,30,LINKUSDT,jump_30,0,1.3926603870118015e-08
1a_full,micro,30,LINKUSDT,jump_30_xrank,0,0.0
1a_full,micro,30,LINKUSDT,vratio_30,0,0.0
1a_full,micro,30,LINKUSDT,vratio_30_xrank,0,0.0
1a_full,micro,30,LINKUSDT,cvd_slope_30,0,0.0
1a_full,micro,30,LINKUSDT,cvd_slope_30_xrank,0,0.0
1a_full,micro,30,LINKUSDT,signac_30,0,0.0
1a_full,micro,30,LINKUSDT,signac_30_xrank,0,0.0
1a_full,micro,30,LINKUSDT,sflow_30,0,0.0
1a_full,micro,30,LINKUSDT,sflow_30_xrank,0,0.0
1a_full,micro,30,LINKUSDT,rskew_120,0,0.0
1a_full,micro,30,LINKUSDT,rskew_120_xrank,0,0.0
1a_full,micro,30,LINKUSDT,rkurt_120,0,2.033356061303948e-08
1a_full,micro,30,LINKUSDT,rkurt_120_xrank,0,0.0
1a_full,micro,30,LINKUSDT,roll_120,0,0.0
1a_full,micro,30,LINKUSDT,roll_120_xrank,0,0.0
1a_full,micro,30,LINKUSDT,amihud_120,0,5.5216954564230036e-08
1a_full,micro,30,LINKUSDT,amihud_120_xrank,0,0.0
1a_full,micro,30,LINKUSDT,kyle_120,0,0.0
1a_full,micro,30,LINKUSDT,kyle_120_xrank,0,0.0
1a_full,micro,30,LINKUSDT,vpin_120,0,0.0
1a_full,micro,30,LINKUSDT,vpin_120_xrank,0,0.0
1a_full,micro,30,LINKUSDT,jump_120,0,1.295676677059987e-09
1a_full,micro,30,LINKUSDT,jump_120_xrank,0,0.0
1a_full,micro,30,LINKUSDT,vratio_120,0,0.0
1a_full,micro,30,LINKUSDT,vratio_120_xrank,0,0.0
1a_full,micro,30,LINKUSDT,cvd_slope_120,0,0.0
1a_full,micro,30,LINKUSDT,cvd_slope_120_xrank,0,0.0
1a_full,micro,30,LINKUSDT,signac_120,0,0.0
1a_full,micro,30,LINKUSDT,signac_120_xrank,0,0.0
1a_full,micro,30,LINKUSDT,sflow_120,0,0.0
1a_full,micro,30,LINKUSDT,sflow_120_xrank,0,0.0
1a_full,micro,30,LINKUSDT,rskew_480,0,0.0
1a_full,micro,30,LINKUSDT,rskew_480_xrank,0,0.0
1a_full,micro,30,LINKUSDT,rkurt_480,0,2.7583276107634447e-08
1a_full,micro,30,LINKUSDT,rkurt_480_xrank,0,0.0
1a_full,micro,30,LINKUSDT,roll_480,0,0.0
1a_full,micro,30,LINKUSDT,roll_480_xrank,0,0.0
1a_full,micro,30,LINKUSDT,amihud_480,0,0.0
1a_full,micro,30,LINKUSDT,amihud_480_xrank,0,0.0
1a_full,micro,30,LINKUSDT,kyle_480,0,0.0
1a_full,micro,30,LINKUSDT,kyle_480_xrank,0,0.0
1a_full,micro,30,LINKUSDT,vpin_480,0,0.0
1a_full,micro,30,LINKUSDT,vpin_480_xrank,0,0.0
1a_full,micro,30,LINKUSDT,jump_480,0,0.0
1a_full,micro,30,LINKUSDT,jump_480_xrank,0,0.0
1a_full,micro,30,LINKUSDT,vratio_480,0,0.0
1a_full,micro,30,LINKUSDT,vratio_480_xrank,0,0.0
1a_full,micro,30,LINKUSDT,cvd_slope_480,0,0.0
1a_full,micro,30,LINKUSDT,cvd_slope_480_xrank,0,0.0
1a_full,micro,30,LINKUSDT,signac_480,0,0.0
1a_full,micro,30,LINKUSDT,signac_480_xrank,0,0.0
1a_full,micro,30,LINKUSDT,sflow_480,0,0.0
1a_full,micro,30,LINKUSDT,sflow_480_xrank,0,0.0
1a_full,cross,30,LINKUSDT,own_ret_1,0,0.0
1a_full,cross,30,LINKUSDT,btc_ret_1,0,0.0
1a_full,cross,30,LINKUSDT,eth_ret_1,0,0.0
1a_full,cross,30,LINKUSDT,mkt_ret_1,0,0.0
1a_full,cross,30,LINKUSDT,breadth_1,0,0.0
1a_full,cross,30,LINKUSDT,disp_1,0,0.0
1a_full,cross,30,LINKUSDT,relstr_1,0,0.0
1a_full,cross,30,LINKUSDT,rank_1,0,0.0
1a_full,cross,30,LINKUSDT,btc_minus_own_1,0,0.0
1a_full,cross,30,LINKUSDT,eth_minus_own_1,0,0.0
1a_full,cross,30,LINKUSDT,own_ret_5,0,0.0
1a_full,cross,30,LINKUSDT,btc_ret_5,0,0.0
1a_full,cross,30,LINKUSDT,eth_ret_5,0,0.0
1a_full,cross,30,LINKUSDT,mkt_ret_5,0,0.0
1a_full,cross,30,LINKUSDT,breadth_5,0,0.0
1a_full,cross,30,LINKUSDT,disp_5,0,0.0
1a_full,cross,30,LINKUSDT,relstr_5,0,0.0
1a_full,cross,30,LINKUSDT,rank_5,0,0.0
1a_full,cross,30,LINKUSDT,btc_minus_own_5,0,0.0
1a_full,cross,30,LINKUSDT,eth_minus_own_5,0,0.0
1a_full,cross,30,LINKUSDT,own_ret_15,0,0.0
1a_full,cross,30,LINKUSDT,btc_ret_15,0,0.0
1a_full,cross,30,LINKUSDT,eth_ret_15,0,0.0
1a_full,cross,30,LINKUSDT,mkt_ret_15,0,0.0
1a_full,cross,30,LINKUSDT,breadth_15,0,0.0
1a_full,cross,30,LINKUSDT,disp_15,0,0.0
1a_full,cross,30,LINKUSDT,relstr_15,0,0.0
1a_full,cross,30,LINKUSDT,rank_15,0,0.0
1a_full,cross,30,LINKUSDT,btc_minus_own_15,0,0.0
1a_full,cross,30,LINKUSDT,eth_minus_own_15,0,0.0
1a_full,cross,30,LINKUSDT,own_ret_30,0,0.0
1a_full,cross,30,LINKUSDT,btc_ret_30,0,0.0
1a_full,cross,30,LINKUSDT,eth_ret_30,0,0.0
1a_full,cross,30,LINKUSDT,mkt_ret_30,0,0.0
1a_full,cross,30,LINKUSDT,breadth_30,0,0.0
1a_full,cross,30,LINKUSDT,disp_30,0,0.0
1a_full,cross,30,LINKUSDT,relstr_30,0,0.0
1a_full,cross,30,LINKUSDT,rank_30,0,0.0
1a_full,cross,30,LINKUSDT,btc_minus_own_30,0,0.0
1a_full,cross,30,LINKUSDT,eth_minus_own_30,0,0.0
1a_full,cross,30,LINKUSDT,own_ret_60,0,0.0
1a_full,cross,30,LINKUSDT,btc_ret_60,0,0.0
1a_full,cross,30,LINKUSDT,eth_ret_60,0,0.0
1a_full,cross,30,LINKUSDT,mkt_ret_60,0,0.0
1a_full,cross,30,LINKUSDT,breadth_60,0,0.0
1a_full,cross,30,LINKUSDT,disp_60,0,0.0
1a_full,cross,30,LINKUSDT,relstr_60,0,0.0
1a_full,cross,30,LINKUSDT,rank_60,0,0.0
1a_full,cross,30,LINKUSDT,btc_minus_own_60,0,0.0
1a_full,cross,30,LINKUSDT,eth_minus_own_60,0,0.0
1a_full,cross,30,LINKUSDT,own_ret_180,0,0.0
1a_full,cross,30,LINKUSDT,btc_ret_180,0,0.0
1a_full,cross,30,LINKUSDT,eth_ret_180,0,0.0
1a_full,cross,30,LINKUSDT,mkt_ret_180,0,0.0
1a_full,cross,30,LINKUSDT,breadth_180,0,0.0
1a_full,cross,30,LINKUSDT,disp_180,0,0.0
1a_full,cross,30,LINKUSDT,relstr_180,0,0.0
1a_full,cross,30,LINKUSDT,rank_180,0,0.0
1a_full,cross,30,LINKUSDT,btc_minus_own_180,0,0.0
1a_full,cross,30,LINKUSDT,eth_minus_own_180,0,0.0
1a_full,cross,30,LINKUSDT,own_ret_360,0,0.0
1a_full,cross,30,LINKUSDT,btc_ret_360,0,0.0
1a_full,cross,30,LINKUSDT,eth_ret_360,0,0.0
1a_full,cross,30,LINKUSDT,mkt_ret_360,0,0.0
1a_full,cross,30,LINKUSDT,breadth_360,0,0.0
1a_full,cross,30,LINKUSDT,disp_360,0,0.0
1a_full,cross,30,LINKUSDT,relstr_360,0,0.0
1a_full,cross,30,LINKUSDT,rank_360,0,0.0
1a_full,cross,30,LINKUSDT,btc_minus_own_360,0,0.0
1a_full,cross,30,LINKUSDT,eth_minus_own_360,0,0.0
1a_full,cross,30,LINKUSDT,own_ret_720,0,0.0
1a_full,cross,30,LINKUSDT,btc_ret_720,0,0.0
1a_full,cross,30,LINKUSDT,eth_ret_720,0,0.0
1a_full,cross,30,LINKUSDT,mkt_ret_720,0,0.0
1a_full,cross,30,LINKUSDT,breadth_720,0,0.0
1a_full,cross,30,LINKUSDT,disp_720,0,0.0
1a_full,cross,30,LINKUSDT,relstr_720,0,0.0
1a_full,cross,30,LINKUSDT,rank_720,0,0.0
1a_full,cross,30,LINKUSDT,btc_minus_own_720,0,0.0
1a_full,cross,30,LINKUSDT,eth_minus_own_720,0,0.0
1a_full,cross,30,LINKUSDT,own_ret_1440,0,0.0
1a_full,cross,30,LINKUSDT,btc_ret_1440,0,0.0
1a_full,cross,30,LINKUSDT,eth_ret_1440,0,0.0
1a_full,cross,30,LINKUSDT,mkt_ret_1440,0,0.0
1a_full,cross,30,LINKUSDT,breadth_1440,0,0.0
1a_full,cross,30,LINKUSDT,disp_1440,0,0.0
1a_full,cross,30,LINKUSDT,relstr_1440,0,0.0
1a_full,cross,30,LINKUSDT,rank_1440,0,0.0
1a_full,cross,30,LINKUSDT,btc_minus_own_1440,0,0.0
1a_full,cross,30,LINKUSDT,eth_minus_own_1440,0,0.0
1a_full,micro,30,SOLUSDT,rskew_30,0,4.337788350738947e-09
1a_full,micro,30,SOLUSDT,rskew_30_xrank,0,0.0
1a_full,micro,30,SOLUSDT,rkurt_30,0,5.565262028994766e-08
1a_full,micro,30,SOLUSDT,rkurt_30_xrank,0,0.0
1a_full,micro,30,SOLUSDT,roll_30,0,0.0
1a_full,micro,30,SOLUSDT,roll_30_xrank,0,0.0
1a_full,micro,30,SOLUSDT,amihud_30,0,0.0
1a_full,micro,30,SOLUSDT,amihud_30_xrank,0,0.0
1a_full,micro,30,SOLUSDT,kyle_30,0,0.0
1a_full,micro,30,SOLUSDT,kyle_30_xrank,0,0.0
1a_full,micro,30,SOLUSDT,vpin_30,0,0.0
1a_full,micro,30,SOLUSDT,vpin_30_xrank,0,0.0
1a_full,micro,30,SOLUSDT,jump_30,0,3.2237090774600574e-09
1a_full,micro,30,SOLUSDT,jump_30_xrank,0,0.0
1a_full,micro,30,SOLUSDT,vratio_30,0,0.0
1a_full,micro,30,SOLUSDT,vratio_30_xrank,0,0.0
1a_full,micro,30,SOLUSDT,cvd_slope_30,0,0.0
1a_full,micro,30,SOLUSDT,cvd_slope_30_xrank,0,0.0
1a_full,micro,30,SOLUSDT,signac_30,0,0.0
1a_full,micro,30,SOLUSDT,signac_30_xrank,0,0.0
1a_full,micro,30,SOLUSDT,sflow_30,0,0.0
1a_full,micro,30,SOLUSDT,sflow_30_xrank,0,0.0
1a_full,micro,30,SOLUSDT,rskew_120,0,5.423634430457014e-09
1a_full,micro,30,SOLUSDT,rskew_120_xrank,0,0.0
1a_full,micro,30,SOLUSDT,rkurt_120,0,1.0612941636622963e-08
1a_full,micro,30,SOLUSDT,rkurt_120_xrank,0,0.0
1a_full,micro,30,SOLUSDT,roll_120,0,0.0
1a_full,micro,30,SOLUSDT,roll_120_xrank,0,0.0
1a_full,micro,30,SOLUSDT,amihud_120,0,0.0
1a_full,micro,30,SOLUSDT,amihud_120_xrank,0,0.0
1a_full,micro,30,SOLUSDT,kyle_120,0,0.0
1a_full,micro,30,SOLUSDT,kyle_120_xrank,0,0.0
1a_full,micro,30,SOLUSDT,vpin_120,0,0.0
1a_full,micro,30,SOLUSDT,vpin_120_xrank,0,0.0
1a_full,micro,30,SOLUSDT,jump_120,0,2.2450281633723534e-08
1a_full,micro,30,SOLUSDT,jump_120_xrank,0,0.0
1a_full,micro,30,SOLUSDT,vratio_120,0,0.0
1a_full,micro,30,SOLUSDT,vratio_120_xrank,0,0.0
1a_full,micro,30,SOLUSDT,cvd_slope_120,0,0.0
1a_full,micro,30,SOLUSDT,cvd_slope_120_xrank,0,0.0
1a_full,micro,30,SOLUSDT,signac_120,0,0.0
1a_full,micro,30,SOLUSDT,signac_120_xrank,0,0.0
1a_full,micro,30,SOLUSDT,sflow_120,0,0.0
1a_full,micro,30,SOLUSDT,sflow_120_xrank,0,0.0
1a_full,micro,30,SOLUSDT,rskew_480,0,0.0
1a_full,micro,30,SOLUSDT,rskew_480_xrank,0,0.0
1a_full,micro,30,SOLUSDT,rkurt_480,0,2.8063098511665885e-08
1a_full,micro,30,SOLUSDT,rkurt_480_xrank,0,0.0
1a_full,micro,30,SOLUSDT,roll_480,0,0.0
1a_full,micro,30,SOLUSDT,roll_480_xrank,0,0.0
1a_full,micro,30,SOLUSDT,amihud_480,0,0.0
1a_full,micro,30,SOLUSDT,amihud_480_xrank,0,0.0
1a_full,micro,30,SOLUSDT,kyle_480,0,0.0
1a_full,micro,30,SOLUSDT,kyle_480_xrank,0,0.0
1a_full,micro,30,SOLUSDT,vpin_480,0,0.0
1a_full,micro,30,SOLUSDT,vpin_480_xrank,0,0.0
1a_full,micro,30,SOLUSDT,jump_480,0,1.2272504790189487e-08
1a_full,micro,30,SOLUSDT,jump_480_xrank,0,0.0
1a_full,micro,30,SOLUSDT,vratio_480,0,0.0
1a_full,micro,30,SOLUSDT,vratio_480_xrank,0,0.0
1a_full,micro,30,SOLUSDT,cvd_slope_480,0,0.0
1a_full,micro,30,SOLUSDT,cvd_slope_480_xrank,0,0.0
1a_full,micro,30,SOLUSDT,signac_480,0,0.0
1a_full,micro,30,SOLUSDT,signac_480_xrank,0,0.0
1a_full,micro,30,SOLUSDT,sflow_480,0,0.0
1a_full,micro,30,SOLUSDT,sflow_480_xrank,0,0.0
1a_full,cross,30,SOLUSDT,own_ret_1,0,0.0
1a_full,cross,30,SOLUSDT,btc_ret_1,0,0.0
1a_full,cross,30,SOLUSDT,eth_ret_1,0,0.0
1a_full,cross,30,SOLUSDT,mkt_ret_1,0,0.0
1a_full,cross,30,SOLUSDT,breadth_1,0,0.0
1a_full,cross,30,SOLUSDT,disp_1,0,0.0
1a_full,cross,30,SOLUSDT,relstr_1,0,0.0
1a_full,cross,30,SOLUSDT,rank_1,0,0.0
1a_full,cross,30,SOLUSDT,btc_minus_own_1,0,0.0
1a_full,cross,30,SOLUSDT,eth_minus_own_1,0,0.0
1a_full,cross,30,SOLUSDT,own_ret_5,0,0.0
1a_full,cross,30,SOLUSDT,btc_ret_5,0,0.0
1a_full,cross,30,SOLUSDT,eth_ret_5,0,0.0
1a_full,cross,30,SOLUSDT,mkt_ret_5,0,0.0
1a_full,cross,30,SOLUSDT,breadth_5,0,0.0
1a_full,cross,30,SOLUSDT,disp_5,0,0.0
1a_full,cross,30,SOLUSDT,relstr_5,0,0.0
1a_full,cross,30,SOLUSDT,rank_5,0,0.0
1a_full,cross,30,SOLUSDT,btc_minus_own_5,0,0.0
1a_full,cross,30,SOLUSDT,eth_minus_own_5,0,0.0
1a_full,cross,30,SOLUSDT,own_ret_15,0,0.0
1a_full,cross,30,SOLUSDT,btc_ret_15,0,0.0
1a_full,cross,30,SOLUSDT,eth_ret_15,0,0.0
1a_full,cross,30,SOLUSDT,mkt_ret_15,0,0.0
1a_full,cross,30,SOLUSDT,breadth_15,0,0.0
1a_full,cross,30,SOLUSDT,disp_15,0,0.0
1a_full,cross,30,SOLUSDT,relstr_15,0,0.0
1a_full,cross,30,SOLUSDT,rank_15,0,0.0
1a_full,cross,30,SOLUSDT,btc_minus_own_15,0,0.0
1a_full,cross,30,SOLUSDT,eth_minus_own_15,0,0.0
1a_full,cross,30,SOLUSDT,own_ret_30,0,0.0
1a_full,cross,30,SOLUSDT,btc_ret_30,0,0.0
1a_full,cross,30,SOLUSDT,eth_ret_30,0,0.0
1a_full,cross,30,SOLUSDT,mkt_ret_30,0,0.0
1a_full,cross,30,SOLUSDT,breadth_30,0,0.0
1a_full,cross,30,SOLUSDT,disp_30,0,0.0
1a_full,cross,30,SOLUSDT,relstr_30,0,0.0
1a_full,cross,30,SOLUSDT,rank_30,0,0.0
1a_full,cross,30,SOLUSDT,btc_minus_own_30,0,0.0
1a_full,cross,30,SOLUSDT,eth_minus_own_30,0,0.0
1a_full,cross,30,SOLUSDT,own_ret_60,0,0.0
1a_full,cross,30,SOLUSDT,btc_ret_60,0,0.0
1a_full,cross,30,SOLUSDT,eth_ret_60,0,0.0
1a_full,cross,30,SOLUSDT,mkt_ret_60,0,0.0
1a_full,cross,30,SOLUSDT,breadth_60,0,0.0
1a_full,cross,30,SOLUSDT,disp_60,0,0.0
1a_full,cross,30,SOLUSDT,relstr_60,0,0.0
1a_full,cross,30,SOLUSDT,rank_60,0,0.0
1a_full,cross,30,SOLUSDT,btc_minus_own_60,0,0.0
1a_full,cross,30,SOLUSDT,eth_minus_own_60,0,0.0
1a_full,cross,30,SOLUSDT,own_ret_180,0,0.0
1a_full,cross,30,SOLUSDT,btc_ret_180,0,0.0
1a_full,cross,30,SOLUSDT,eth_ret_180,0,0.0
1a_full,cross,30,SOLUSDT,mkt_ret_180,0,0.0
1a_full,cross,30,SOLUSDT,breadth_180,0,0.0
1a_full,cross,30,SOLUSDT,disp_180,0,0.0
1a_full,cross,30,SOLUSDT,relstr_180,0,0.0
1a_full,cross,30,SOLUSDT,rank_180,0,0.0
1a_full,cross,30,SOLUSDT,btc_minus_own_180,0,0.0
1a_full,cross,30,SOLUSDT,eth_minus_own_180,0,0.0
1a_full,cross,30,SOLUSDT,own_ret_360,0,0.0
1a_full,cross,30,SOLUSDT,btc_ret_360,0,0.0
1a_full,cross,30,SOLUSDT,eth_ret_360,0,0.0
1a_full,cross,30,SOLUSDT,mkt_ret_360,0,0.0
1a_full,cross,30,SOLUSDT,breadth_360,0,0.0
1a_full,cross,30,SOLUSDT,disp_360,0,0.0
1a_full,cross,30,SOLUSDT,relstr_360,0,0.0
1a_full,cross,30,SOLUSDT,rank_360,0,0.0
1a_full,cross,30,SOLUSDT,btc_minus_own_360,0,0.0
1a_full,cross,30,SOLUSDT,eth_minus_own_360,0,0.0
1a_full,cross,30,SOLUSDT,own_ret_720,0,0.0
1a_full,cross,30,SOLUSDT,btc_ret_720,0,0.0
1a_full,cross,30,SOLUSDT,eth_ret_720,0,0.0
1a_full,cross,30,SOLUSDT,mkt_ret_720,0,0.0
1a_full,cross,30,SOLUSDT,breadth_720,0,0.0
1a_full,cross,30,SOLUSDT,disp_720,0,0.0
1a_full,cross,30,SOLUSDT,relstr_720,0,0.0
1a_full,cross,30,SOLUSDT,rank_720,0,0.0
1a_full,cross,30,SOLUSDT,btc_minus_own_720,0,0.0
1a_full,cross,30,SOLUSDT,eth_minus_own_720,0,0.0
1a_full,cross,30,SOLUSDT,own_ret_1440,0,0.0
1a_full,cross,30,SOLUSDT,btc_ret_1440,0,0.0
1a_full,cross,30,SOLUSDT,eth_ret_1440,0,0.0
1a_full,cross,30,SOLUSDT,mkt_ret_1440,0,0.0
1a_full,cross,30,SOLUSDT,breadth_1440,0,0.0
1a_full,cross,30,SOLUSDT,disp_1440,0,0.0
1a_full,cross,30,SOLUSDT,relstr_1440,0,0.0
1a_full,cross,30,SOLUSDT,rank_1440,0,0.0
1a_full,cross,30,SOLUSDT,btc_minus_own_1440,0,0.0
1a_full,cross,30,SOLUSDT,eth_minus_own_1440,0,0.0
1a_full,micro,30,XRPUSDT,rskew_30,0,7.024637538322054e-10
1a_full,micro,30,XRPUSDT,rskew_30_xrank,0,0.0
1a_full,micro,30,XRPUSDT,rkurt_30,0,3.57999496714001e-08
1a_full,micro,30,XRPUSDT,rkurt_30_xrank,0,0.0
1a_full,micro,30,XRPUSDT,roll_30,0,0.0
1a_full,micro,30,XRPUSDT,roll_30_xrank,0,0.0
1a_full,micro,30,XRPUSDT,amihud_30,0,0.0
1a_full,micro,30,XRPUSDT,amihud_30_xrank,0,0.0
1a_full,micro,30,XRPUSDT,kyle_30,0,0.0
1a_full,micro,30,XRPUSDT,kyle_30_xrank,0,0.0
1a_full,micro,30,XRPUSDT,vpin_30,0,0.0
1a_full,micro,30,XRPUSDT,vpin_30_xrank,0,0.0
1a_full,micro,30,XRPUSDT,jump_30,0,0.0
1a_full,micro,30,XRPUSDT,jump_30_xrank,0,0.0
1a_full,micro,30,XRPUSDT,vratio_30,0,0.0
1a_full,micro,30,XRPUSDT,vratio_30_xrank,0,0.0
1a_full,micro,30,XRPUSDT,cvd_slope_30,0,0.0
1a_full,micro,30,XRPUSDT,cvd_slope_30_xrank,0,0.0
1a_full,micro,30,XRPUSDT,signac_30,0,0.0
1a_full,micro,30,XRPUSDT,signac_30_xrank,0,0.0
1a_full,micro,30,XRPUSDT,sflow_30,0,1.37213496120836e-09
1a_full,micro,30,XRPUSDT,sflow_30_xrank,0,0.0
1a_full,micro,30,XRPUSDT,rskew_120,0,0.0
1a_full,micro,30,XRPUSDT,rskew_120_xrank,0,0.0
1a_full,micro,30,XRPUSDT,rkurt_120,0,2.096733986434174e-08
1a_full,micro,30,XRPUSDT,rkurt_120_xrank,0,0.0
1a_full,micro,30,XRPUSDT,roll_120,0,0.0
1a_full,micro,30,XRPUSDT,roll_120_xrank,0,0.0
1a_full,micro,30,XRPUSDT,amihud_120,0,0.0
1a_full,micro,30,XRPUSDT,amihud_120_xrank,0,0.0
1a_full,micro,30,XRPUSDT,kyle_120,0,0.0
1a_full,micro,30,XRPUSDT,kyle_120_xrank,0,0.0
1a_full,micro,30,XRPUSDT,vpin_120,0,0.0
1a_full,micro,30,XRPUSDT,vpin_120_xrank,0,0.0
1a_full,micro,30,XRPUSDT,jump_120,0,0.0
1a_full,micro,30,XRPUSDT,jump_120_xrank,0,0.0
1a_full,micro,30,XRPUSDT,vratio_120,0,0.0
1a_full,micro,30,XRPUSDT,vratio_120_xrank,0,0.0
1a_full,micro,30,XRPUSDT,cvd_slope_120,0,0.0
1a_full,micro,30,XRPUSDT,cvd_slope_120_xrank,0,0.0
1a_full,micro,30,XRPUSDT,signac_120,0,0.0
1a_full,micro,30,XRPUSDT,signac_120_xrank,0,0.0
1a_full,micro,30,XRPUSDT,sflow_120,0,0.0
1a_full,micro,30,XRPUSDT,sflow_120_xrank,0,0.0
1a_full,micro,30,XRPUSDT,rskew_480,0,0.0
1a_full,micro,30,XRPUSDT,rskew_480_xrank,0,0.0
1a_full,micro,30,XRPUSDT,rkurt_480,0,9.822415769633608e-09
1a_full,micro,30,XRPUSDT,rkurt_480_xrank,0,0.0
1a_full,micro,30,XRPUSDT,roll_480,0,0.0
1a_full,micro,30,XRPUSDT,roll_480_xrank,0,0.0
1a_full,micro,30,XRPUSDT,amihud_480,0,0.0
1a_full,micro,30,XRPUSDT,amihud_480_xrank,0,0.0
1a_full,micro,30,XRPUSDT,kyle_480,0,0.0
1a_full,micro,30,XRPUSDT,kyle_480_xrank,0,0.0
1a_full,micro,30,XRPUSDT,vpin_480,0,0.0
1a_full,micro,30,XRPUSDT,vpin_480_xrank,0,0.0
1a_full,micro,30,XRPUSDT,jump_480,0,1.5378004425414815e-09
1a_full,micro,30,XRPUSDT,jump_480_xrank,0,0.0
1a_full,micro,30,XRPUSDT,vratio_480,0,0.0
1a_full,micro,30,XRPUSDT,vratio_480_xrank,0,0.0
1a_full,micro,30,XRPUSDT,cvd_slope_480,0,0.0
1a_full,micro,30,XRPUSDT,cvd_slope_480_xrank,0,0.0
1a_full,micro,30,XRPUSDT,signac_480,0,0.0
1a_full,micro,30,XRPUSDT,signac_480_xrank,0,0.0
1a_full,micro,30,XRPUSDT,sflow_480,0,0.0
1a_full,micro,30,XRPUSDT,sflow_480_xrank,0,0.0
1a_full,cross,30,XRPUSDT,own_ret_1,0,0.0
1a_full,cross,30,XRPUSDT,btc_ret_1,0,0.0
1a_full,cross,30,XRPUSDT,eth_ret_1,0,0.0
1a_full,cross,30,XRPUSDT,mkt_ret_1,0,0.0
1a_full,cross,30,XRPUSDT,breadth_1,0,0.0
1a_full,cross,30,XRPUSDT,disp_1,0,0.0
1a_full,cross,30,XRPUSDT,relstr_1,0,0.0
1a_full,cross,30,XRPUSDT,rank_1,0,0.0
1a_full,cross,30,XRPUSDT,btc_minus_own_1,0,0.0
1a_full,cross,30,XRPUSDT,eth_minus_own_1,0,0.0
1a_full,cross,30,XRPUSDT,own_ret_5,0,0.0
1a_full,cross,30,XRPUSDT,btc_ret_5,0,0.0
1a_full,cross,30,XRPUSDT,eth_ret_5,0,0.0
1a_full,cross,30,XRPUSDT,mkt_ret_5,0,0.0
1a_full,cross,30,XRPUSDT,breadth_5,0,0.0
1a_full,cross,30,XRPUSDT,disp_5,0,0.0
1a_full,cross,30,XRPUSDT,relstr_5,0,0.0
1a_full,cross,30,XRPUSDT,rank_5,0,0.0
1a_full,cross,30,XRPUSDT,btc_minus_own_5,0,0.0
1a_full,cross,30,XRPUSDT,eth_minus_own_5,0,0.0
1a_full,cross,30,XRPUSDT,own_ret_15,0,0.0
1a_full,cross,30,XRPUSDT,btc_ret_15,0,0.0
1a_full,cross,30,XRPUSDT,eth_ret_15,0,0.0
1a_full,cross,30,XRPUSDT,mkt_ret_15,0,0.0
1a_full,cross,30,XRPUSDT,breadth_15,0,0.0
1a_full,cross,30,XRPUSDT,disp_15,0,0.0
1a_full,cross,30,XRPUSDT,relstr_15,0,0.0
1a_full,cross,30,XRPUSDT,rank_15,0,0.0
1a_full,cross,30,XRPUSDT,btc_minus_own_15,0,0.0
1a_full,cross,30,XRPUSDT,eth_minus_own_15,0,0.0
1a_full,cross,30,XRPUSDT,own_ret_30,0,0.0
1a_full,cross,30,XRPUSDT,btc_ret_30,0,0.0
1a_full,cross,30,XRPUSDT,eth_ret_30,0,0.0
1a_full,cross,30,XRPUSDT,mkt_ret_30,0,0.0
1a_full,cross,30,XRPUSDT,breadth_30,0,0.0
1a_full,cross,30,XRPUSDT,disp_30,0,0.0
1a_full,cross,30,XRPUSDT,relstr_30,0,0.0
1a_full,cross,30,XRPUSDT,rank_30,0,0.0
1a_full,cross,30,XRPUSDT,btc_minus_own_30,0,0.0
1a_full,cross,30,XRPUSDT,eth_minus_own_30,0,0.0
1a_full,cross,30,XRPUSDT,own_ret_60,0,0.0
1a_full,cross,30,XRPUSDT,btc_ret_60,0,0.0
1a_full,cross,30,XRPUSDT,eth_ret_60,0,0.0
1a_full,cross,30,XRPUSDT,mkt_ret_60,0,0.0
1a_full,cross,30,XRPUSDT,breadth_60,0,0.0
1a_full,cross,30,XRPUSDT,disp_60,0,0.0
1a_full,cross,30,XRPUSDT,relstr_60,0,0.0
1a_full,cross,30,XRPUSDT,rank_60,0,0.0
1a_full,cross,30,XRPUSDT,btc_minus_own_60,0,0.0
1a_full,cross,30,XRPUSDT,eth_minus_own_60,0,0.0
1a_full,cross,30,XRPUSDT,own_ret_180,0,0.0
1a_full,cross,30,XRPUSDT,btc_ret_180,0,0.0
1a_full,cross,30,XRPUSDT,eth_ret_180,0,0.0
1a_full,cross,30,XRPUSDT,mkt_ret_180,0,0.0
1a_full,cross,30,XRPUSDT,breadth_180,0,0.0
1a_full,cross,30,XRPUSDT,disp_180,0,0.0
1a_full,cross,30,XRPUSDT,relstr_180,0,0.0
1a_full,cross,30,XRPUSDT,rank_180,0,0.0
1a_full,cross,30,XRPUSDT,btc_minus_own_180,0,0.0
1a_full,cross,30,XRPUSDT,eth_minus_own_180,0,0.0
1a_full,cross,30,XRPUSDT,own_ret_360,0,0.0
1a_full,cross,30,XRPUSDT,btc_ret_360,0,0.0
1a_full,cross,30,XRPUSDT,eth_ret_360,0,0.0
1a_full,cross,30,XRPUSDT,mkt_ret_360,0,0.0
1a_full,cross,30,XRPUSDT,breadth_360,0,0.0
1a_full,cross,30,XRPUSDT,disp_360,0,0.0
1a_full,cross,30,XRPUSDT,relstr_360,0,0.0
1a_full,cross,30,XRPUSDT,rank_360,0,0.0
1a_full,cross,30,XRPUSDT,btc_minus_own_360,0,0.0
1a_full,cross,30,XRPUSDT,eth_minus_own_360,0,0.0
1a_full,cross,30,XRPUSDT,own_ret_720,0,0.0
1a_full,cross,30,XRPUSDT,btc_ret_720,0,0.0
1a_full,cross,30,XRPUSDT,eth_ret_720,0,0.0
1a_full,cross,30,XRPUSDT,mkt_ret_720,0,0.0
1a_full,cross,30,XRPUSDT,breadth_720,0,0.0
1a_full,cross,30,XRPUSDT,disp_720,0,0.0
1a_full,cross,30,XRPUSDT,relstr_720,0,0.0
1a_full,cross,30,XRPUSDT,rank_720,0,0.0
1a_full,cross,30,XRPUSDT,btc_minus_own_720,0,0.0
1a_full,cross,30,XRPUSDT,eth_minus_own_720,0,0.0
1a_full,cross,30,XRPUSDT,own_ret_1440,0,0.0
1a_full,cross,30,XRPUSDT,btc_ret_1440,0,0.0
1a_full,cross,30,XRPUSDT,eth_ret_1440,0,0.0
1a_full,cross,30,XRPUSDT,mkt_ret_1440,0,0.0
1a_full,cross,30,XRPUSDT,breadth_1440,0,0.0
1a_full,cross,30,XRPUSDT,disp_1440,0,0.0
1a_full,cross,30,XRPUSDT,relstr_1440,0,0.0
1a_full,cross,30,XRPUSDT,rank_1440,0,0.0
1a_full,cross,30,XRPUSDT,btc_minus_own_1440,0,0.0
1a_full,cross,30,XRPUSDT,eth_minus_own_1440,0,0.0
1a_full,micro,60,ADAUSDT,rskew_30,0,0.0
1a_full,micro,60,ADAUSDT,rskew_30_xrank,0,0.0
1a_full,micro,60,ADAUSDT,rkurt_30,0,1.1447409775655615e-07
1a_full,micro,60,ADAUSDT,rkurt_30_xrank,0,0.0
1a_full,micro,60,ADAUSDT,roll_30,0,0.0
1a_full,micro,60,ADAUSDT,roll_30_xrank,0,0.0
1a_full,micro,60,ADAUSDT,amihud_30,0,0.0
1a_full,micro,60,ADAUSDT,amihud_30_xrank,0,0.0
1a_full,micro,60,ADAUSDT,kyle_30,0,4.780965845441187e-09
1a_full,micro,60,ADAUSDT,kyle_30_xrank,0,0.0
1a_full,micro,60,ADAUSDT,vpin_30,0,5.5590145819905956e-08
1a_full,micro,60,ADAUSDT,vpin_30_xrank,0,0.0
1a_full,micro,60,ADAUSDT,jump_30,0,6.493354742787005e-10
1a_full,micro,60,ADAUSDT,jump_30_xrank,0,0.0
1a_full,micro,60,ADAUSDT,vratio_30,0,0.0
1a_full,micro,60,ADAUSDT,vratio_30_xrank,0,0.0
1a_full,micro,60,ADAUSDT,cvd_slope_30,0,0.0
1a_full,micro,60,ADAUSDT,cvd_slope_30_xrank,0,0.0
1a_full,micro,60,ADAUSDT,signac_30,0,0.0
1a_full,micro,60,ADAUSDT,signac_30_xrank,0,0.0
1a_full,micro,60,ADAUSDT,sflow_30,0,2.8133997354018447e-09
1a_full,micro,60,ADAUSDT,sflow_30_xrank,0,0.0
1a_full,micro,60,ADAUSDT,rskew_120,0,1.4795961789104695e-08
1a_full,micro,60,ADAUSDT,rskew_120_xrank,0,0.0
1a_full,micro,60,ADAUSDT,rkurt_120,0,1.540771421559839e-08
1a_full,micro,60,ADAUSDT,rkurt_120_xrank,0,0.0
1a_full,micro,60,ADAUSDT,roll_120,0,0.0
1a_full,micro,60,ADAUSDT,roll_120_xrank,0,0.0
1a_full,micro,60,ADAUSDT,amihud_120,0,0.0
1a_full,micro,60,ADAUSDT,amihud_120_xrank,0,0.0
1a_full,micro,60,ADAUSDT,kyle_120,0,0.0
1a_full,micro,60,ADAUSDT,kyle_120_xrank,0,0.0
1a_full,micro,60,ADAUSDT,vpin_120,0,0.0
1a_full,micro,60,ADAUSDT,vpin_120_xrank,0,0.0
1a_full,micro,60,ADAUSDT,jump_120,0,1.6634859045794315e-09
1a_full,micro,60,ADAUSDT,jump_120_xrank,0,0.0
1a_full,micro,60,ADAUSDT,vratio_120,0,0.0
1a_full,micro,60,ADAUSDT,vratio_120_xrank,0,0.0
1a_full,micro,60,ADAUSDT,cvd_slope_120,0,0.0
1a_full,micro,60,ADAUSDT,cvd_slope_120_xrank,0,0.0
1a_full,micro,60,ADAUSDT,signac_120,0,0.0
1a_full,micro,60,ADAUSDT,signac_120_xrank,0,0.0
1a_full,micro,60,ADAUSDT,sflow_120,0,0.0
1a_full,micro,60,ADAUSDT,sflow_120_xrank,0,0.0
1a_full,micro,60,ADAUSDT,rskew_480,0,0.0
1a_full,micro,60,ADAUSDT,rskew_480_xrank,0,0.0
1a_full,micro,60,ADAUSDT,rkurt_480,0,4.886517146474034e-08
1a_full,micro,60,ADAUSDT,rkurt_480_xrank,0,0.0
1a_full,micro,60,ADAUSDT,roll_480,0,0.0
1a_full,micro,60,ADAUSDT,roll_480_xrank,0,0.0
1a_full,micro,60,ADAUSDT,amihud_480,0,0.0
1a_full,micro,60,ADAUSDT,amihud_480_xrank,0,0.0
1a_full,micro,60,ADAUSDT,kyle_480,0,0.0
1a_full,micro,60,ADAUSDT,kyle_480_xrank,0,0.0
1a_full,micro,60,ADAUSDT,vpin_480,0,0.0
1a_full,micro,60,ADAUSDT,vpin_480_xrank,0,0.0
1a_full,micro,60,ADAUSDT,jump_480,0,0.0
1a_full,micro,60,ADAUSDT,jump_480_xrank,0,0.0
1a_full,micro,60,ADAUSDT,vratio_480,0,0.0
1a_full,micro,60,ADAUSDT,vratio_480_xrank,0,0.0
1a_full,micro,60,ADAUSDT,cvd_slope_480,0,0.0
1a_full,micro,60,ADAUSDT,cvd_slope_480_xrank,0,0.0
1a_full,micro,60,ADAUSDT,signac_480,0,0.0
1a_full,micro,60,ADAUSDT,signac_480_xrank,0,0.0
1a_full,micro,60,ADAUSDT,sflow_480,0,0.0
1a_full,micro,60,ADAUSDT,sflow_480_xrank,0,0.0
1a_full,cross,60,ADAUSDT,own_ret_1,0,0.0
1a_full,cross,60,ADAUSDT,btc_ret_1,0,0.0
1a_full,cross,60,ADAUSDT,eth_ret_1,0,0.0
1a_full,cross,60,ADAUSDT,mkt_ret_1,0,0.0
1a_full,cross,60,ADAUSDT,breadth_1,0,0.0
1a_full,cross,60,ADAUSDT,disp_1,0,0.0
1a_full,cross,60,ADAUSDT,relstr_1,0,0.0
1a_full,cross,60,ADAUSDT,rank_1,0,0.0
1a_full,cross,60,ADAUSDT,btc_minus_own_1,0,0.0
1a_full,cross,60,ADAUSDT,eth_minus_own_1,0,0.0
1a_full,cross,60,ADAUSDT,own_ret_5,0,0.0
1a_full,cross,60,ADAUSDT,btc_ret_5,0,0.0
1a_full,cross,60,ADAUSDT,eth_ret_5,0,0.0
1a_full,cross,60,ADAUSDT,mkt_ret_5,0,0.0
1a_full,cross,60,ADAUSDT,breadth_5,0,0.0
1a_full,cross,60,ADAUSDT,disp_5,0,0.0
1a_full,cross,60,ADAUSDT,relstr_5,0,0.0
1a_full,cross,60,ADAUSDT,rank_5,0,0.0
1a_full,cross,60,ADAUSDT,btc_minus_own_5,0,0.0
1a_full,cross,60,ADAUSDT,eth_minus_own_5,0,0.0
1a_full,cross,60,ADAUSDT,own_ret_15,0,0.0
1a_full,cross,60,ADAUSDT,btc_ret_15,0,0.0
1a_full,cross,60,ADAUSDT,eth_ret_15,0,0.0
1a_full,cross,60,ADAUSDT,mkt_ret_15,0,0.0
1a_full,cross,60,ADAUSDT,breadth_15,0,0.0
1a_full,cross,60,ADAUSDT,disp_15,0,0.0
1a_full,cross,60,ADAUSDT,relstr_15,0,0.0
1a_full,cross,60,ADAUSDT,rank_15,0,0.0
1a_full,cross,60,ADAUSDT,btc_minus_own_15,0,0.0
1a_full,cross,60,ADAUSDT,eth_minus_own_15,0,0.0
1a_full,cross,60,ADAUSDT,own_ret_30,0,0.0
1a_full,cross,60,ADAUSDT,btc_ret_30,0,0.0
1a_full,cross,60,ADAUSDT,eth_ret_30,0,0.0
1a_full,cross,60,ADAUSDT,mkt_ret_30,0,0.0
1a_full,cross,60,ADAUSDT,breadth_30,0,0.0
1a_full,cross,60,ADAUSDT,disp_30,0,0.0
1a_full,cross,60,ADAUSDT,relstr_30,0,0.0
1a_full,cross,60,ADAUSDT,rank_30,0,0.0
1a_full,cross,60,ADAUSDT,btc_minus_own_30,0,0.0
1a_full,cross,60,ADAUSDT,eth_minus_own_30,0,0.0
1a_full,cross,60,ADAUSDT,own_ret_60,0,0.0
1a_full,cross,60,ADAUSDT,btc_ret_60,0,0.0
1a_full,cross,60,ADAUSDT,eth_ret_60,0,0.0
1a_full,cross,60,ADAUSDT,mkt_ret_60,0,0.0
1a_full,cross,60,ADAUSDT,breadth_60,0,0.0
1a_full,cross,60,ADAUSDT,disp_60,0,0.0
1a_full,cross,60,ADAUSDT,relstr_60,0,0.0
1a_full,cross,60,ADAUSDT,rank_60,0,0.0
1a_full,cross,60,ADAUSDT,btc_minus_own_60,0,0.0
1a_full,cross,60,ADAUSDT,eth_minus_own_60,0,0.0
1a_full,cross,60,ADAUSDT,own_ret_180,0,0.0
1a_full,cross,60,ADAUSDT,btc_ret_180,0,0.0
1a_full,cross,60,ADAUSDT,eth_ret_180,0,0.0
1a_full,cross,60,ADAUSDT,mkt_ret_180,0,0.0
1a_full,cross,60,ADAUSDT,breadth_180,0,0.0
1a_full,cross,60,ADAUSDT,disp_180,0,0.0
1a_full,cross,60,ADAUSDT,relstr_180,0,0.0
1a_full,cross,60,ADAUSDT,rank_180,0,0.0
1a_full,cross,60,ADAUSDT,btc_minus_own_180,0,0.0
1a_full,cross,60,ADAUSDT,eth_minus_own_180,0,0.0
1a_full,cross,60,ADAUSDT,own_ret_360,0,0.0
1a_full,cross,60,ADAUSDT,btc_ret_360,0,0.0
1a_full,cross,60,ADAUSDT,eth_ret_360,0,0.0
1a_full,cross,60,ADAUSDT,mkt_ret_360,0,0.0
1a_full,cross,60,ADAUSDT,breadth_360,0,0.0
1a_full,cross,60,ADAUSDT,disp_360,0,0.0
1a_full,cross,60,ADAUSDT,relstr_360,0,0.0
1a_full,cross,60,ADAUSDT,rank_360,0,0.0
1a_full,cross,60,ADAUSDT,btc_minus_own_360,0,0.0
1a_full,cross,60,ADAUSDT,eth_minus_own_360,0,0.0
1a_full,cross,60,ADAUSDT,own_ret_720,0,0.0
1a_full,cross,60,ADAUSDT,btc_ret_720,0,0.0
1a_full,cross,60,ADAUSDT,eth_ret_720,0,0.0
1a_full,cross,60,ADAUSDT,mkt_ret_720,0,0.0
1a_full,cross,60,ADAUSDT,breadth_720,0,0.0
1a_full,cross,60,ADAUSDT,disp_720,0,0.0
1a_full,cross,60,ADAUSDT,relstr_720,0,0.0
1a_full,cross,60,ADAUSDT,rank_720,0,0.0
1a_full,cross,60,ADAUSDT,btc_minus_own_720,0,0.0
1a_full,cross,60,ADAUSDT,eth_minus_own_720,0,0.0
1a_full,cross,60,ADAUSDT,own_ret_1440,0,0.0
1a_full,cross,60,ADAUSDT,btc_ret_1440,0,0.0
1a_full,cross,60,ADAUSDT,eth_ret_1440,0,0.0
1a_full,cross,60,ADAUSDT,mkt_ret_1440,0,0.0
1a_full,cross,60,ADAUSDT,breadth_1440,0,0.0
1a_full,cross,60,ADAUSDT,disp_1440,0,0.0
1a_full,cross,60,ADAUSDT,relstr_1440,0,0.0
1a_full,cross,60,ADAUSDT,rank_1440,0,0.0
1a_full,cross,60,ADAUSDT,btc_minus_own_1440,0,0.0
1a_full,cross,60,ADAUSDT,eth_minus_own_1440,0,0.0
1a_full,micro,60,AVAXUSDT,rskew_30,0,4.332222403036212e-08
1a_full,micro,60,AVAXUSDT,rskew_30_xrank,0,0.0
1a_full,micro,60,AVAXUSDT,rkurt_30,0,1.0234914952889085e-05
1a_full,micro,60,AVAXUSDT,rkurt_30_xrank,0,0.0
1a_full,micro,60,AVAXUSDT,roll_30,0,0.0
1a_full,micro,60,AVAXUSDT,roll_30_xrank,0,0.0
1a_full,micro,60,AVAXUSDT,amihud_30,0,0.0
1a_full,micro,60,AVAXUSDT,amihud_30_xrank,0,0.0
1a_full,micro,60,AVAXUSDT,kyle_30,0,4.69148009329956e-09
1a_full,micro,60,AVAXUSDT,kyle_30_xrank,0,0.0
1a_full,micro,60,AVAXUSDT,vpin_30,0,0.0
1a_full,micro,60,AVAXUSDT,vpin_30_xrank,0,0.0
1a_full,micro,60,AVAXUSDT,jump_30,0,1.0897232005646629e-09
1a_full,micro,60,AVAXUSDT,jump_30_xrank,0,0.0
1a_full,micro,60,AVAXUSDT,vratio_30,0,0.0
1a_full,micro,60,AVAXUSDT,vratio_30_xrank,0,0.0
1a_full,micro,60,AVAXUSDT,cvd_slope_30,0,0.0
1a_full,micro,60,AVAXUSDT,cvd_slope_30_xrank,0,0.0
1a_full,micro,60,AVAXUSDT,signac_30,0,0.0
1a_full,micro,60,AVAXUSDT,signac_30_xrank,0,0.0
1a_full,micro,60,AVAXUSDT,sflow_30,0,0.0
1a_full,micro,60,AVAXUSDT,sflow_30_xrank,0,0.0
1a_full,micro,60,AVAXUSDT,rskew_120,0,1.0541858053159103e-08
1a_full,micro,60,AVAXUSDT,rskew_120_xrank,0,0.0
1a_full,micro,60,AVAXUSDT,rkurt_120,0,2.9184886329858273e-07
1a_full,micro,60,AVAXUSDT,rkurt_120_xrank,0,0.0
1a_full,micro,60,AVAXUSDT,roll_120,0,0.0
1a_full,micro,60,AVAXUSDT,roll_120_xrank,0,0.0
1a_full,micro,60,AVAXUSDT,amihud_120,0,0.0
1a_full,micro,60,AVAXUSDT,amihud_120_xrank,0,0.0
1a_full,micro,60,AVAXUSDT,kyle_120,0,0.0
1a_full,micro,60,AVAXUSDT,kyle_120_xrank,0,0.0
1a_full,micro,60,AVAXUSDT,vpin_120,0,0.0
1a_full,micro,60,AVAXUSDT,vpin_120_xrank,0,0.0
1a_full,micro,60,AVAXUSDT,jump_120,0,7.965868853432312e-09
1a_full,micro,60,AVAXUSDT,jump_120_xrank,0,0.0
1a_full,micro,60,AVAXUSDT,vratio_120,0,0.0
1a_full,micro,60,AVAXUSDT,vratio_120_xrank,0,0.0
1a_full,micro,60,AVAXUSDT,cvd_slope_120,0,0.0
1a_full,micro,60,AVAXUSDT,cvd_slope_120_xrank,0,0.0
1a_full,micro,60,AVAXUSDT,signac_120,0,2.6047505485848887e-08
1a_full,micro,60,AVAXUSDT,signac_120_xrank,0,0.0
1a_full,micro,60,AVAXUSDT,sflow_120,0,0.0
1a_full,micro,60,AVAXUSDT,sflow_120_xrank,0,0.0
1a_full,micro,60,AVAXUSDT,rskew_480,0,1.572794339210759e-08
1a_full,micro,60,AVAXUSDT,rskew_480_xrank,0,0.0
1a_full,micro,60,AVAXUSDT,rkurt_480,0,7.423936665418296e-08
1a_full,micro,60,AVAXUSDT,rkurt_480_xrank,0,0.0
1a_full,micro,60,AVAXUSDT,roll_480,0,0.0
1a_full,micro,60,AVAXUSDT,roll_480_xrank,0,0.0
1a_full,micro,60,AVAXUSDT,amihud_480,0,0.0
1a_full,micro,60,AVAXUSDT,amihud_480_xrank,0,0.0
1a_full,micro,60,AVAXUSDT,kyle_480,0,0.0
1a_full,micro,60,AVAXUSDT,kyle_480_xrank,0,0.0
1a_full,micro,60,AVAXUSDT,vpin_480,0,0.0
1a_full,micro,60,AVAXUSDT,vpin_480_xrank,0,0.0
1a_full,micro,60,AVAXUSDT,jump_480,0,0.0
1a_full,micro,60,AVAXUSDT,jump_480_xrank,0,0.0
1a_full,micro,60,AVAXUSDT,vratio_480,0,0.0
1a_full,micro,60,AVAXUSDT,vratio_480_xrank,0,0.0
1a_full,micro,60,AVAXUSDT,cvd_slope_480,0,0.0
1a_full,micro,60,AVAXUSDT,cvd_slope_480_xrank,0,0.0
1a_full,micro,60,AVAXUSDT,signac_480,0,0.0
1a_full,micro,60,AVAXUSDT,signac_480_xrank,0,0.0
1a_full,micro,60,AVAXUSDT,sflow_480,0,0.0
1a_full,micro,60,AVAXUSDT,sflow_480_xrank,0,0.0
1a_full,cross,60,AVAXUSDT,own_ret_1,0,0.0
1a_full,cross,60,AVAXUSDT,btc_ret_1,0,0.0
1a_full,cross,60,AVAXUSDT,eth_ret_1,0,0.0
1a_full,cross,60,AVAXUSDT,mkt_ret_1,0,0.0
1a_full,cross,60,AVAXUSDT,breadth_1,0,0.0
1a_full,cross,60,AVAXUSDT,disp_1,0,0.0
1a_full,cross,60,AVAXUSDT,relstr_1,0,0.0
1a_full,cross,60,AVAXUSDT,rank_1,0,0.0
1a_full,cross,60,AVAXUSDT,btc_minus_own_1,0,0.0
1a_full,cross,60,AVAXUSDT,eth_minus_own_1,0,0.0
1a_full,cross,60,AVAXUSDT,own_ret_5,0,0.0
1a_full,cross,60,AVAXUSDT,btc_ret_5,0,0.0
1a_full,cross,60,AVAXUSDT,eth_ret_5,0,0.0
1a_full,cross,60,AVAXUSDT,mkt_ret_5,0,0.0
1a_full,cross,60,AVAXUSDT,breadth_5,0,0.0
1a_full,cross,60,AVAXUSDT,disp_5,0,0.0
1a_full,cross,60,AVAXUSDT,relstr_5,0,0.0
1a_full,cross,60,AVAXUSDT,rank_5,0,0.0
1a_full,cross,60,AVAXUSDT,btc_minus_own_5,0,0.0
1a_full,cross,60,AVAXUSDT,eth_minus_own_5,0,0.0
1a_full,cross,60,AVAXUSDT,own_ret_15,0,0.0
1a_full,cross,60,AVAXUSDT,btc_ret_15,0,0.0
1a_full,cross,60,AVAXUSDT,eth_ret_15,0,0.0
1a_full,cross,60,AVAXUSDT,mkt_ret_15,0,0.0
1a_full,cross,60,AVAXUSDT,breadth_15,0,0.0
1a_full,cross,60,AVAXUSDT,disp_15,0,0.0
1a_full,cross,60,AVAXUSDT,relstr_15,0,0.0
1a_full,cross,60,AVAXUSDT,rank_15,0,0.0
1a_full,cross,60,AVAXUSDT,btc_minus_own_15,0,0.0
1a_full,cross,60,AVAXUSDT,eth_minus_own_15,0,0.0
1a_full,cross,60,AVAXUSDT,own_ret_30,0,0.0
1a_full,cross,60,AVAXUSDT,btc_ret_30,0,0.0
1a_full,cross,60,AVAXUSDT,eth_ret_30,0,0.0
1a_full,cross,60,AVAXUSDT,mkt_ret_30,0,0.0
1a_full,cross,60,AVAXUSDT,breadth_30,0,0.0
1a_full,cross,60,AVAXUSDT,disp_30,0,0.0
1a_full,cross,60,AVAXUSDT,relstr_30,0,0.0
1a_full,cross,60,AVAXUSDT,rank_30,0,0.0
1a_full,cross,60,AVAXUSDT,btc_minus_own_30,0,0.0
1a_full,cross,60,AVAXUSDT,eth_minus_own_30,0,0.0
1a_full,cross,60,AVAXUSDT,own_ret_60,0,0.0
1a_full,cross,60,AVAXUSDT,btc_ret_60,0,0.0
1a_full,cross,60,AVAXUSDT,eth_ret_60,0,0.0
1a_full,cross,60,AVAXUSDT,mkt_ret_60,0,0.0
1a_full,cross,60,AVAXUSDT,breadth_60,0,0.0
1a_full,cross,60,AVAXUSDT,disp_60,0,0.0
1a_full,cross,60,AVAXUSDT,relstr_60,0,0.0
1a_full,cross,60,AVAXUSDT,rank_60,0,0.0
1a_full,cross,60,AVAXUSDT,btc_minus_own_60,0,0.0
1a_full,cross,60,AVAXUSDT,eth_minus_own_60,0,0.0
1a_full,cross,60,AVAXUSDT,own_ret_180,0,0.0
1a_full,cross,60,AVAXUSDT,btc_ret_180,0,0.0
1a_full,cross,60,AVAXUSDT,eth_ret_180,0,0.0
1a_full,cross,60,AVAXUSDT,mkt_ret_180,0,0.0
1a_full,cross,60,AVAXUSDT,breadth_180,0,0.0
1a_full,cross,60,AVAXUSDT,disp_180,0,0.0
1a_full,cross,60,AVAXUSDT,relstr_180,0,0.0
1a_full,cross,60,AVAXUSDT,rank_180,0,0.0
1a_full,cross,60,AVAXUSDT,btc_minus_own_180,0,0.0
1a_full,cross,60,AVAXUSDT,eth_minus_own_180,0,0.0
1a_full,cross,60,AVAXUSDT,own_ret_360,0,0.0
1a_full,cross,60,AVAXUSDT,btc_ret_360,0,0.0
1a_full,cross,60,AVAXUSDT,eth_ret_360,0,0.0
1a_full,cross,60,AVAXUSDT,mkt_ret_360,0,0.0
1a_full,cross,60,AVAXUSDT,breadth_360,0,0.0
1a_full,cross,60,AVAXUSDT,disp_360,0,0.0
1a_full,cross,60,AVAXUSDT,relstr_360,0,0.0
1a_full,cross,60,AVAXUSDT,rank_360,0,0.0
1a_full,cross,60,AVAXUSDT,btc_minus_own_360,0,0.0
1a_full,cross,60,AVAXUSDT,eth_minus_own_360,0,0.0
1a_full,cross,60,AVAXUSDT,own_ret_720,0,0.0
1a_full,cross,60,AVAXUSDT,btc_ret_720,0,0.0
1a_full,cross,60,AVAXUSDT,eth_ret_720,0,0.0
1a_full,cross,60,AVAXUSDT,mkt_ret_720,0,0.0
1a_full,cross,60,AVAXUSDT,breadth_720,0,0.0
1a_full,cross,60,AVAXUSDT,disp_720,0,0.0
1a_full,cross,60,AVAXUSDT,relstr_720,0,0.0
1a_full,cross,60,AVAXUSDT,rank_720,0,0.0
1a_full,cross,60,AVAXUSDT,btc_minus_own_720,0,0.0
1a_full,cross,60,AVAXUSDT,eth_minus_own_720,0,0.0
1a_full,cross,60,AVAXUSDT,own_ret_1440,0,0.0
1a_full,cross,60,AVAXUSDT,btc_ret_1440,0,0.0
1a_full,cross,60,AVAXUSDT,eth_ret_1440,0,0.0
1a_full,cross,60,AVAXUSDT,mkt_ret_1440,0,0.0
1a_full,cross,60,AVAXUSDT,breadth_1440,0,0.0
1a_full,cross,60,AVAXUSDT,disp_1440,0,0.0
1a_full,cross,60,AVAXUSDT,relstr_1440,0,0.0
1a_full,cross,60,AVAXUSDT,rank_1440,0,0.0
1a_full,cross,60,AVAXUSDT,btc_minus_own_1440,0,0.0
1a_full,cross,60,AVAXUSDT,eth_minus_own_1440,0,0.0
1a_full,micro,60,BNBUSDT,rskew_30,0,9.145680657240973e-09
1a_full,micro,60,BNBUSDT,rskew_30_xrank,0,0.0
1a_full,micro,60,BNBUSDT,rkurt_30,0,3.029580739166704e-06
1a_full,micro,60,BNBUSDT,rkurt_30_xrank,0,0.0
1a_full,micro,60,BNBUSDT,roll_30,0,0.0
1a_full,micro,60,BNBUSDT,roll_30_xrank,0,0.0
1a_full,micro,60,BNBUSDT,amihud_30,0,0.0
1a_full,micro,60,BNBUSDT,amihud_30_xrank,0,0.0
1a_full,micro,60,BNBUSDT,kyle_30,0,1.0967905694769797e-07
1a_full,micro,60,BNBUSDT,kyle_30_xrank,0,0.0
1a_full,micro,60,BNBUSDT,vpin_30,0,0.0
1a_full,micro,60,BNBUSDT,vpin_30_xrank,0,0.0
1a_full,micro,60,BNBUSDT,jump_30,0,1.4931111902427574e-09
1a_full,micro,60,BNBUSDT,jump_30_xrank,0,0.0
1a_full,micro,60,BNBUSDT,vratio_30,0,0.0
1a_full,micro,60,BNBUSDT,vratio_30_xrank,0,0.0
1a_full,micro,60,BNBUSDT,cvd_slope_30,0,0.0
1a_full,micro,60,BNBUSDT,cvd_slope_30_xrank,0,0.0
1a_full,micro,60,BNBUSDT,signac_30,0,0.0
1a_full,micro,60,BNBUSDT,signac_30_xrank,0,0.0
1a_full,micro,60,BNBUSDT,sflow_30,0,0.0
1a_full,micro,60,BNBUSDT,sflow_30_xrank,0,0.0
1a_full,micro,60,BNBUSDT,rskew_120,0,1.6558077131634263e-09
1a_full,micro,60,BNBUSDT,rskew_120_xrank,0,0.0
1a_full,micro,60,BNBUSDT,rkurt_120,0,8.28935213803561e-08
1a_full,micro,60,BNBUSDT,rkurt_120_xrank,0,0.0
1a_full,micro,60,BNBUSDT,roll_120,0,0.0
1a_full,micro,60,BNBUSDT,roll_120_xrank,0,0.0
1a_full,micro,60,BNBUSDT,amihud_120,0,0.0
1a_full,micro,60,BNBUSDT,amihud_120_xrank,0,0.0
1a_full,micro,60,BNBUSDT,kyle_120,0,0.0
1a_full,micro,60,BNBUSDT,kyle_120_xrank,0,0.0
1a_full,micro,60,BNBUSDT,vpin_120,0,0.0
1a_full,micro,60,BNBUSDT,vpin_120_xrank,0,0.0
1a_full,micro,60,BNBUSDT,jump_120,0,7.628832676687125e-09
1a_full,micro,60,BNBUSDT,jump_120_xrank,0,0.0
1a_full,micro,60,BNBUSDT,vratio_120,0,0.0
1a_full,micro,60,BNBUSDT,vratio_120_xrank,0,0.0
1a_full,micro,60,BNBUSDT,cvd_slope_120,0,0.0
1a_full,micro,60,BNBUSDT,cvd_slope_120_xrank,0,0.0
1a_full,micro,60,BNBUSDT,signac_120,0,0.0
1a_full,micro,60,BNBUSDT,signac_120_xrank,0,0.0
1a_full,micro,60,BNBUSDT,sflow_120,0,0.0
1a_full,micro,60,BNBUSDT,sflow_120_xrank,0,0.0
1a_full,micro,60,BNBUSDT,rskew_480,0,0.0
1a_full,micro,60,BNBUSDT,rskew_480_xrank,0,0.0
1a_full,micro,60,BNBUSDT,rkurt_480,0,3.69226675900336e-08
1a_full,micro,60,BNBUSDT,rkurt_480_xrank,0,0.0
1a_full,micro,60,BNBUSDT,roll_480,0,0.0
1a_full,micro,60,BNBUSDT,roll_480_xrank,0,0.0
1a_full,micro,60,BNBUSDT,amihud_480,0,0.0
1a_full,micro,60,BNBUSDT,amihud_480_xrank,0,0.0
1a_full,micro,60,BNBUSDT,kyle_480,0,0.0
1a_full,micro,60,BNBUSDT,kyle_480_xrank,0,0.0
1a_full,micro,60,BNBUSDT,vpin_480,0,0.0
1a_full,micro,60,BNBUSDT,vpin_480_xrank,0,0.0
1a_full,micro,60,BNBUSDT,jump_480,0,1.8577028804145357e-09
1a_full,micro,60,BNBUSDT,jump_480_xrank,0,0.0
1a_full,micro,60,BNBUSDT,vratio_480,0,0.0
1a_full,micro,60,BNBUSDT,vratio_480_xrank,0,0.0
1a_full,micro,60,BNBUSDT,cvd_slope_480,0,0.0
1a_full,micro,60,BNBUSDT,cvd_slope_480_xrank,0,0.0
1a_full,micro,60,BNBUSDT,signac_480,0,0.0
1a_full,micro,60,BNBUSDT,signac_480_xrank,0,0.0
1a_full,micro,60,BNBUSDT,sflow_480,0,0.0
1a_full,micro,60,BNBUSDT,sflow_480_xrank,0,0.0
1a_full,cross,60,BNBUSDT,own_ret_1,0,0.0
1a_full,cross,60,BNBUSDT,btc_ret_1,0,0.0
1a_full,cross,60,BNBUSDT,eth_ret_1,0,0.0
1a_full,cross,60,BNBUSDT,mkt_ret_1,0,0.0
1a_full,cross,60,BNBUSDT,breadth_1,0,0.0
1a_full,cross,60,BNBUSDT,disp_1,0,0.0
1a_full,cross,60,BNBUSDT,relstr_1,0,0.0
1a_full,cross,60,BNBUSDT,rank_1,0,0.0
1a_full,cross,60,BNBUSDT,btc_minus_own_1,0,0.0
1a_full,cross,60,BNBUSDT,eth_minus_own_1,0,0.0
1a_full,cross,60,BNBUSDT,own_ret_5,0,0.0
1a_full,cross,60,BNBUSDT,btc_ret_5,0,0.0
1a_full,cross,60,BNBUSDT,eth_ret_5,0,0.0
1a_full,cross,60,BNBUSDT,mkt_ret_5,0,0.0
1a_full,cross,60,BNBUSDT,breadth_5,0,0.0
1a_full,cross,60,BNBUSDT,disp_5,0,0.0
1a_full,cross,60,BNBUSDT,relstr_5,0,0.0
1a_full,cross,60,BNBUSDT,rank_5,0,0.0
1a_full,cross,60,BNBUSDT,btc_minus_own_5,0,0.0
1a_full,cross,60,BNBUSDT,eth_minus_own_5,0,0.0
1a_full,cross,60,BNBUSDT,own_ret_15,0,0.0
1a_full,cross,60,BNBUSDT,btc_ret_15,0,0.0
1a_full,cross,60,BNBUSDT,eth_ret_15,0,0.0
1a_full,cross,60,BNBUSDT,mkt_ret_15,0,0.0
1a_full,cross,60,BNBUSDT,breadth_15,0,0.0
1a_full,cross,60,BNBUSDT,disp_15,0,0.0
1a_full,cross,60,BNBUSDT,relstr_15,0,0.0
1a_full,cross,60,BNBUSDT,rank_15,0,0.0
1a_full,cross,60,BNBUSDT,btc_minus_own_15,0,0.0
1a_full,cross,60,BNBUSDT,eth_minus_own_15,0,0.0
1a_full,cross,60,BNBUSDT,own_ret_30,0,0.0
1a_full,cross,60,BNBUSDT,btc_ret_30,0,0.0
1a_full,cross,60,BNBUSDT,eth_ret_30,0,0.0
1a_full,cross,60,BNBUSDT,mkt_ret_30,0,0.0
1a_full,cross,60,BNBUSDT,breadth_30,0,0.0
1a_full,cross,60,BNBUSDT,disp_30,0,0.0
1a_full,cross,60,BNBUSDT,relstr_30,0,0.0
1a_full,cross,60,BNBUSDT,rank_30,0,0.0
1a_full,cross,60,BNBUSDT,btc_minus_own_30,0,0.0
1a_full,cross,60,BNBUSDT,eth_minus_own_30,0,0.0
1a_full,cross,60,BNBUSDT,own_ret_60,0,0.0
1a_full,cross,60,BNBUSDT,btc_ret_60,0,0.0
1a_full,cross,60,BNBUSDT,eth_ret_60,0,0.0
1a_full,cross,60,BNBUSDT,mkt_ret_60,0,0.0
1a_full,cross,60,BNBUSDT,breadth_60,0,0.0
1a_full,cross,60,BNBUSDT,disp_60,0,0.0
1a_full,cross,60,BNBUSDT,relstr_60,0,0.0
1a_full,cross,60,BNBUSDT,rank_60,0,0.0
1a_full,cross,60,BNBUSDT,btc_minus_own_60,0,0.0
1a_full,cross,60,BNBUSDT,eth_minus_own_60,0,0.0
1a_full,cross,60,BNBUSDT,own_ret_180,0,0.0
1a_full,cross,60,BNBUSDT,btc_ret_180,0,0.0
1a_full,cross,60,BNBUSDT,eth_ret_180,0,0.0
1a_full,cross,60,BNBUSDT,mkt_ret_180,0,0.0
1a_full,cross,60,BNBUSDT,breadth_180,0,0.0
1a_full,cross,60,BNBUSDT,disp_180,0,0.0
1a_full,cross,60,BNBUSDT,relstr_180,0,0.0
1a_full,cross,60,BNBUSDT,rank_180,0,0.0
1a_full,cross,60,BNBUSDT,btc_minus_own_180,0,0.0
1a_full,cross,60,BNBUSDT,eth_minus_own_180,0,0.0
1a_full,cross,60,BNBUSDT,own_ret_360,0,0.0
1a_full,cross,60,BNBUSDT,btc_ret_360,0,0.0
1a_full,cross,60,BNBUSDT,eth_ret_360,0,0.0
1a_full,cross,60,BNBUSDT,mkt_ret_360,0,0.0
1a_full,cross,60,BNBUSDT,breadth_360,0,0.0
1a_full,cross,60,BNBUSDT,disp_360,0,0.0
1a_full,cross,60,BNBUSDT,relstr_360,0,0.0
1a_full,cross,60,BNBUSDT,rank_360,0,0.0
1a_full,cross,60,BNBUSDT,btc_minus_own_360,0,0.0
1a_full,cross,60,BNBUSDT,eth_minus_own_360,0,0.0
1a_full,cross,60,BNBUSDT,own_ret_720,0,0.0
1a_full,cross,60,BNBUSDT,btc_ret_720,0,0.0
1a_full,cross,60,BNBUSDT,eth_ret_720,0,0.0
1a_full,cross,60,BNBUSDT,mkt_ret_720,0,0.0
1a_full,cross,60,BNBUSDT,breadth_720,0,0.0
1a_full,cross,60,BNBUSDT,disp_720,0,0.0
1a_full,cross,60,BNBUSDT,relstr_720,0,0.0
1a_full,cross,60,BNBUSDT,rank_720,0,0.0
1a_full,cross,60,BNBUSDT,btc_minus_own_720,0,0.0
1a_full,cross,60,BNBUSDT,eth_minus_own_720,0,0.0
1a_full,cross,60,BNBUSDT,own_ret_1440,0,0.0
1a_full,cross,60,BNBUSDT,btc_ret_1440,0,0.0
1a_full,cross,60,BNBUSDT,eth_ret_1440,0,0.0
1a_full,cross,60,BNBUSDT,mkt_ret_1440,0,0.0
1a_full,cross,60,BNBUSDT,breadth_1440,0,0.0
1a_full,cross,60,BNBUSDT,disp_1440,0,0.0
1a_full,cross,60,BNBUSDT,relstr_1440,0,0.0
1a_full,cross,60,BNBUSDT,rank_1440,0,0.0
1a_full,cross,60,BNBUSDT,btc_minus_own_1440,0,0.0
1a_full,cross,60,BNBUSDT,eth_minus_own_1440,0,0.0
1a_full,micro,60,BTCUSDT,rskew_30,0,6.09874789558873e-11
1a_full,micro,60,BTCUSDT,rskew_30_xrank,0,0.0
1a_full,micro,60,BTCUSDT,rkurt_30,0,7.755464253023092e-07
1a_full,micro,60,BTCUSDT,rkurt_30_xrank,0,0.0
1a_full,micro,60,BTCUSDT,roll_30,0,0.0
1a_full,micro,60,BTCUSDT,roll_30_xrank,0,0.0
1a_full,micro,60,BTCUSDT,amihud_30,0,0.0
1a_full,micro,60,BTCUSDT,amihud_30_xrank,0,0.0
1a_full,micro,60,BTCUSDT,kyle_30,0,0.0
1a_full,micro,60,BTCUSDT,kyle_30_xrank,0,0.0
1a_full,micro,60,BTCUSDT,vpin_30,0,0.0
1a_full,micro,60,BTCUSDT,vpin_30_xrank,0,0.0
1a_full,micro,60,BTCUSDT,jump_30,0,8.471840118318141e-09
1a_full,micro,60,BTCUSDT,jump_30_xrank,0,0.0
1a_full,micro,60,BTCUSDT,vratio_30,0,0.0
1a_full,micro,60,BTCUSDT,vratio_30_xrank,0,0.0
1a_full,micro,60,BTCUSDT,cvd_slope_30,0,0.0
1a_full,micro,60,BTCUSDT,cvd_slope_30_xrank,0,0.0
1a_full,micro,60,BTCUSDT,signac_30,0,0.0
1a_full,micro,60,BTCUSDT,signac_30_xrank,0,0.0
1a_full,micro,60,BTCUSDT,sflow_30,0,0.0
1a_full,micro,60,BTCUSDT,sflow_30_xrank,0,0.0
1a_full,micro,60,BTCUSDT,rskew_120,0,0.0
1a_full,micro,60,BTCUSDT,rskew_120_xrank,0,0.0
1a_full,micro,60,BTCUSDT,rkurt_120,0,4.34491642664625e-09
1a_full,micro,60,BTCUSDT,rkurt_120_xrank,0,0.0
1a_full,micro,60,BTCUSDT,roll_120,0,0.0
1a_full,micro,60,BTCUSDT,roll_120_xrank,0,0.0
1a_full,micro,60,BTCUSDT,amihud_120,0,5.386616308555858e-08
1a_full,micro,60,BTCUSDT,amihud_120_xrank,0,0.0
1a_full,micro,60,BTCUSDT,kyle_120,0,0.0
1a_full,micro,60,BTCUSDT,kyle_120_xrank,0,0.0
1a_full,micro,60,BTCUSDT,vpin_120,0,0.0
1a_full,micro,60,BTCUSDT,vpin_120_xrank,0,0.0
1a_full,micro,60,BTCUSDT,jump_120,0,7.26527449312897e-10
1a_full,micro,60,BTCUSDT,jump_120_xrank,0,0.0
1a_full,micro,60,BTCUSDT,vratio_120,0,0.0
1a_full,micro,60,BTCUSDT,vratio_120_xrank,0,0.0
1a_full,micro,60,BTCUSDT,cvd_slope_120,0,0.0
1a_full,micro,60,BTCUSDT,cvd_slope_120_xrank,0,0.0
1a_full,micro,60,BTCUSDT,signac_120,0,0.0
1a_full,micro,60,BTCUSDT,signac_120_xrank,0,0.0
1a_full,micro,60,BTCUSDT,sflow_120,0,0.0
1a_full,micro,60,BTCUSDT,sflow_120_xrank,0,0.0
1a_full,micro,60,BTCUSDT,rskew_480,0,0.0
1a_full,micro,60,BTCUSDT,rskew_480_xrank,0,0.0
1a_full,micro,60,BTCUSDT,rkurt_480,0,0.0
1a_full,micro,60,BTCUSDT,rkurt_480_xrank,0,0.0
1a_full,micro,60,BTCUSDT,roll_480,0,0.0
1a_full,micro,60,BTCUSDT,roll_480_xrank,0,0.0
1a_full,micro,60,BTCUSDT,amihud_480,0,0.0
1a_full,micro,60,BTCUSDT,amihud_480_xrank,0,0.0
1a_full,micro,60,BTCUSDT,kyle_480,0,0.0
1a_full,micro,60,BTCUSDT,kyle_480_xrank,0,0.0
1a_full,micro,60,BTCUSDT,vpin_480,0,0.0
1a_full,micro,60,BTCUSDT,vpin_480_xrank,0,0.0
1a_full,micro,60,BTCUSDT,jump_480,0,0.0
1a_full,micro,60,BTCUSDT,jump_480_xrank,0,0.0
1a_full,micro,60,BTCUSDT,vratio_480,0,0.0
1a_full,micro,60,BTCUSDT,vratio_480_xrank,0,0.0
1a_full,micro,60,BTCUSDT,cvd_slope_480,0,0.0
1a_full,micro,60,BTCUSDT,cvd_slope_480_xrank,0,0.0
1a_full,micro,60,BTCUSDT,signac_480,0,0.0
1a_full,micro,60,BTCUSDT,signac_480_xrank,0,0.0
1a_full,micro,60,BTCUSDT,sflow_480,0,0.0
1a_full,micro,60,BTCUSDT,sflow_480_xrank,0,0.0
1a_full,cross,60,BTCUSDT,own_ret_1,0,0.0
1a_full,cross,60,BTCUSDT,btc_ret_1,0,0.0
1a_full,cross,60,BTCUSDT,eth_ret_1,0,0.0
1a_full,cross,60,BTCUSDT,mkt_ret_1,0,0.0
1a_full,cross,60,BTCUSDT,breadth_1,0,0.0
1a_full,cross,60,BTCUSDT,disp_1,0,0.0
1a_full,cross,60,BTCUSDT,relstr_1,0,0.0
1a_full,cross,60,BTCUSDT,rank_1,0,0.0
1a_full,cross,60,BTCUSDT,btc_minus_own_1,0,0.0
1a_full,cross,60,BTCUSDT,eth_minus_own_1,0,0.0
1a_full,cross,60,BTCUSDT,own_ret_5,0,0.0
1a_full,cross,60,BTCUSDT,btc_ret_5,0,0.0
1a_full,cross,60,BTCUSDT,eth_ret_5,0,0.0
1a_full,cross,60,BTCUSDT,mkt_ret_5,0,0.0
1a_full,cross,60,BTCUSDT,breadth_5,0,0.0
1a_full,cross,60,BTCUSDT,disp_5,0,0.0
1a_full,cross,60,BTCUSDT,relstr_5,0,0.0
1a_full,cross,60,BTCUSDT,rank_5,0,0.0
1a_full,cross,60,BTCUSDT,btc_minus_own_5,0,0.0
1a_full,cross,60,BTCUSDT,eth_minus_own_5,0,0.0
1a_full,cross,60,BTCUSDT,own_ret_15,0,0.0
1a_full,cross,60,BTCUSDT,btc_ret_15,0,0.0
1a_full,cross,60,BTCUSDT,eth_ret_15,0,0.0
1a_full,cross,60,BTCUSDT,mkt_ret_15,0,0.0
1a_full,cross,60,BTCUSDT,breadth_15,0,0.0
1a_full,cross,60,BTCUSDT,disp_15,0,0.0
1a_full,cross,60,BTCUSDT,relstr_15,0,0.0
1a_full,cross,60,BTCUSDT,rank_15,0,0.0
1a_full,cross,60,BTCUSDT,btc_minus_own_15,0,0.0
1a_full,cross,60,BTCUSDT,eth_minus_own_15,0,0.0
1a_full,cross,60,BTCUSDT,own_ret_30,0,0.0
1a_full,cross,60,BTCUSDT,btc_ret_30,0,0.0
1a_full,cross,60,BTCUSDT,eth_ret_30,0,0.0
1a_full,cross,60,BTCUSDT,mkt_ret_30,0,0.0
1a_full,cross,60,BTCUSDT,breadth_30,0,0.0
1a_full,cross,60,BTCUSDT,disp_30,0,0.0
1a_full,cross,60,BTCUSDT,relstr_30,0,0.0
1a_full,cross,60,BTCUSDT,rank_30,0,0.0
1a_full,cross,60,BTCUSDT,btc_minus_own_30,0,0.0
1a_full,cross,60,BTCUSDT,eth_minus_own_30,0,0.0
1a_full,cross,60,BTCUSDT,own_ret_60,0,0.0
1a_full,cross,60,BTCUSDT,btc_ret_60,0,0.0
1a_full,cross,60,BTCUSDT,eth_ret_60,0,0.0
1a_full,cross,60,BTCUSDT,mkt_ret_60,0,0.0
1a_full,cross,60,BTCUSDT,breadth_60,0,0.0
1a_full,cross,60,BTCUSDT,disp_60,0,0.0
1a_full,cross,60,BTCUSDT,relstr_60,0,0.0
1a_full,cross,60,BTCUSDT,rank_60,0,0.0
1a_full,cross,60,BTCUSDT,btc_minus_own_60,0,0.0
1a_full,cross,60,BTCUSDT,eth_minus_own_60,0,0.0
1a_full,cross,60,BTCUSDT,own_ret_180,0,0.0
1a_full,cross,60,BTCUSDT,btc_ret_180,0,0.0
1a_full,cross,60,BTCUSDT,eth_ret_180,0,0.0
1a_full,cross,60,BTCUSDT,mkt_ret_180,0,0.0
1a_full,cross,60,BTCUSDT,breadth_180,0,0.0
1a_full,cross,60,BTCUSDT,disp_180,0,0.0
1a_full,cross,60,BTCUSDT,relstr_180,0,0.0
1a_full,cross,60,BTCUSDT,rank_180,0,0.0
1a_full,cross,60,BTCUSDT,btc_minus_own_180,0,0.0
1a_full,cross,60,BTCUSDT,eth_minus_own_180,0,0.0
1a_full,cross,60,BTCUSDT,own_ret_360,0,0.0
1a_full,cross,60,BTCUSDT,btc_ret_360,0,0.0
1a_full,cross,60,BTCUSDT,eth_ret_360,0,0.0
1a_full,cross,60,BTCUSDT,mkt_ret_360,0,0.0
1a_full,cross,60,BTCUSDT,breadth_360,0,0.0
1a_full,cross,60,BTCUSDT,disp_360,0,0.0
1a_full,cross,60,BTCUSDT,relstr_360,0,0.0
1a_full,cross,60,BTCUSDT,rank_360,0,0.0
1a_full,cross,60,BTCUSDT,btc_minus_own_360,0,0.0
1a_full,cross,60,BTCUSDT,eth_minus_own_360,0,0.0
1a_full,cross,60,BTCUSDT,own_ret_720,0,0.0
1a_full,cross,60,BTCUSDT,btc_ret_720,0,0.0
1a_full,cross,60,BTCUSDT,eth_ret_720,0,0.0
1a_full,cross,60,BTCUSDT,mkt_ret_720,0,0.0
1a_full,cross,60,BTCUSDT,breadth_720,0,0.0
1a_full,cross,60,BTCUSDT,disp_720,0,0.0
1a_full,cross,60,BTCUSDT,relstr_720,0,0.0
1a_full,cross,60,BTCUSDT,rank_720,0,0.0
1a_full,cross,60,BTCUSDT,btc_minus_own_720,0,0.0
1a_full,cross,60,BTCUSDT,eth_minus_own_720,0,0.0
1a_full,cross,60,BTCUSDT,own_ret_1440,0,0.0
1a_full,cross,60,BTCUSDT,btc_ret_1440,0,0.0
1a_full,cross,60,BTCUSDT,eth_ret_1440,0,0.0
1a_full,cross,60,BTCUSDT,mkt_ret_1440,0,0.0
1a_full,cross,60,BTCUSDT,breadth_1440,0,0.0
1a_full,cross,60,BTCUSDT,disp_1440,0,0.0
1a_full,cross,60,BTCUSDT,relstr_1440,0,0.0
1a_full,cross,60,BTCUSDT,rank_1440,0,0.0
1a_full,cross,60,BTCUSDT,btc_minus_own_1440,0,0.0
1a_full,cross,60,BTCUSDT,eth_minus_own_1440,0,0.0
1a_full,micro,60,DOGEUSDT,rskew_30,0,8.122739814098168e-09
1a_full,micro,60,DOGEUSDT,rskew_30_xrank,0,0.0
1a_full,micro,60,DOGEUSDT,rkurt_30,0,1.6043906043705647e-06
1a_full,micro,60,DOGEUSDT,rkurt_30_xrank,0,0.0
1a_full,micro,60,DOGEUSDT,roll_30,0,0.0
1a_full,micro,60,DOGEUSDT,roll_30_xrank,0,0.0
1a_full,micro,60,DOGEUSDT,amihud_30,0,0.0
1a_full,micro,60,DOGEUSDT,amihud_30_xrank,0,0.0
1a_full,micro,60,DOGEUSDT,kyle_30,0,1.9613523249972786e-08
1a_full,micro,60,DOGEUSDT,kyle_30_xrank,0,0.0
1a_full,micro,60,DOGEUSDT,vpin_30,0,5.069060549089954e-08
1a_full,micro,60,DOGEUSDT,vpin_30_xrank,0,0.0
1a_full,micro,60,DOGEUSDT,jump_30,0,7.73671704479284e-09
1a_full,micro,60,DOGEUSDT,jump_30_xrank,0,0.0
1a_full,micro,60,DOGEUSDT,vratio_30,0,6.692965826005093e-08
1a_full,micro,60,DOGEUSDT,vratio_30_xrank,0,0.0
1a_full,micro,60,DOGEUSDT,cvd_slope_30,0,0.0
1a_full,micro,60,DOGEUSDT,cvd_slope_30_xrank,0,0.0
1a_full,micro,60,DOGEUSDT,signac_30,0,0.0
1a_full,micro,60,DOGEUSDT,signac_30_xrank,0,0.0
1a_full,micro,60,DOGEUSDT,sflow_30,0,0.0
1a_full,micro,60,DOGEUSDT,sflow_30_xrank,0,0.0
1a_full,micro,60,DOGEUSDT,rskew_120,0,5.6442357454500325e-09
1a_full,micro,60,DOGEUSDT,rskew_120_xrank,0,0.0
1a_full,micro,60,DOGEUSDT,rkurt_120,0,8.440552790034417e-08
1a_full,micro,60,DOGEUSDT,rkurt_120_xrank,0,0.0
1a_full,micro,60,DOGEUSDT,roll_120,0,0.0
1a_full,micro,60,DOGEUSDT,roll_120_xrank,0,0.0
1a_full,micro,60,DOGEUSDT,amihud_120,0,0.0
1a_full,micro,60,DOGEUSDT,amihud_120_xrank,0,0.0
1a_full,micro,60,DOGEUSDT,kyle_120,0,0.0
1a_full,micro,60,DOGEUSDT,kyle_120_xrank,0,0.0
1a_full,micro,60,DOGEUSDT,vpin_120,0,0.0
1a_full,micro,60,DOGEUSDT,vpin_120_xrank,0,0.0
1a_full,micro,60,DOGEUSDT,jump_120,0,1.4853458463193192e-09
1a_full,micro,60,DOGEUSDT,jump_120_xrank,0,0.0
1a_full,micro,60,DOGEUSDT,vratio_120,0,0.0
1a_full,micro,60,DOGEUSDT,vratio_120_xrank,0,0.0
1a_full,micro,60,DOGEUSDT,cvd_slope_120,0,0.0
1a_full,micro,60,DOGEUSDT,cvd_slope_120_xrank,0,0.0
1a_full,micro,60,DOGEUSDT,signac_120,0,0.0
1a_full,micro,60,DOGEUSDT,signac_120_xrank,0,0.0
1a_full,micro,60,DOGEUSDT,sflow_120,0,0.0
1a_full,micro,60,DOGEUSDT,sflow_120_xrank,0,0.0
1a_full,micro,60,DOGEUSDT,rskew_480,0,0.0
1a_full,micro,60,DOGEUSDT,rskew_480_xrank,0,0.0
1a_full,micro,60,DOGEUSDT,rkurt_480,0,5.670656477718694e-08
1a_full,micro,60,DOGEUSDT,rkurt_480_xrank,0,0.0
1a_full,micro,60,DOGEUSDT,roll_480,0,0.0
1a_full,micro,60,DOGEUSDT,roll_480_xrank,0,0.0
1a_full,micro,60,DOGEUSDT,amihud_480,0,0.0
1a_full,micro,60,DOGEUSDT,amihud_480_xrank,0,0.0
1a_full,micro,60,DOGEUSDT,kyle_480,0,0.0
1a_full,micro,60,DOGEUSDT,kyle_480_xrank,0,0.0
1a_full,micro,60,DOGEUSDT,vpin_480,0,0.0
1a_full,micro,60,DOGEUSDT,vpin_480_xrank,0,0.0
1a_full,micro,60,DOGEUSDT,jump_480,0,2.0712819903678792e-08
1a_full,micro,60,DOGEUSDT,jump_480_xrank,0,0.0
1a_full,micro,60,DOGEUSDT,vratio_480,0,0.0
1a_full,micro,60,DOGEUSDT,vratio_480_xrank,0,0.0
1a_full,micro,60,DOGEUSDT,cvd_slope_480,0,0.0
1a_full,micro,60,DOGEUSDT,cvd_slope_480_xrank,0,0.0
1a_full,micro,60,DOGEUSDT,signac_480,0,0.0
1a_full,micro,60,DOGEUSDT,signac_480_xrank,0,0.0
1a_full,micro,60,DOGEUSDT,sflow_480,0,0.0
1a_full,micro,60,DOGEUSDT,sflow_480_xrank,0,0.0
1a_full,cross,60,DOGEUSDT,own_ret_1,0,0.0
1a_full,cross,60,DOGEUSDT,btc_ret_1,0,0.0
1a_full,cross,60,DOGEUSDT,eth_ret_1,0,0.0
1a_full,cross,60,DOGEUSDT,mkt_ret_1,0,0.0
1a_full,cross,60,DOGEUSDT,breadth_1,0,0.0
1a_full,cross,60,DOGEUSDT,disp_1,0,0.0
1a_full,cross,60,DOGEUSDT,relstr_1,0,0.0
1a_full,cross,60,DOGEUSDT,rank_1,0,0.0
1a_full,cross,60,DOGEUSDT,btc_minus_own_1,0,0.0
1a_full,cross,60,DOGEUSDT,eth_minus_own_1,0,0.0
1a_full,cross,60,DOGEUSDT,own_ret_5,0,0.0
1a_full,cross,60,DOGEUSDT,btc_ret_5,0,0.0
1a_full,cross,60,DOGEUSDT,eth_ret_5,0,0.0
1a_full,cross,60,DOGEUSDT,mkt_ret_5,0,0.0
1a_full,cross,60,DOGEUSDT,breadth_5,0,0.0
1a_full,cross,60,DOGEUSDT,disp_5,0,0.0
1a_full,cross,60,DOGEUSDT,relstr_5,0,0.0
1a_full,cross,60,DOGEUSDT,rank_5,0,0.0
1a_full,cross,60,DOGEUSDT,btc_minus_own_5,0,0.0
1a_full,cross,60,DOGEUSDT,eth_minus_own_5,0,0.0
1a_full,cross,60,DOGEUSDT,own_ret_15,0,0.0
1a_full,cross,60,DOGEUSDT,btc_ret_15,0,0.0
1a_full,cross,60,DOGEUSDT,eth_ret_15,0,0.0
1a_full,cross,60,DOGEUSDT,mkt_ret_15,0,0.0
1a_full,cross,60,DOGEUSDT,breadth_15,0,0.0
1a_full,cross,60,DOGEUSDT,disp_15,0,0.0
1a_full,cross,60,DOGEUSDT,relstr_15,0,0.0
1a_full,cross,60,DOGEUSDT,rank_15,0,0.0
1a_full,cross,60,DOGEUSDT,btc_minus_own_15,0,0.0
1a_full,cross,60,DOGEUSDT,eth_minus_own_15,0,0.0
1a_full,cross,60,DOGEUSDT,own_ret_30,0,0.0
1a_full,cross,60,DOGEUSDT,btc_ret_30,0,0.0
1a_full,cross,60,DOGEUSDT,eth_ret_30,0,0.0
1a_full,cross,60,DOGEUSDT,mkt_ret_30,0,0.0
1a_full,cross,60,DOGEUSDT,breadth_30,0,0.0
1a_full,cross,60,DOGEUSDT,disp_30,0,0.0
1a_full,cross,60,DOGEUSDT,relstr_30,0,0.0
1a_full,cross,60,DOGEUSDT,rank_30,0,0.0
1a_full,cross,60,DOGEUSDT,btc_minus_own_30,0,0.0
1a_full,cross,60,DOGEUSDT,eth_minus_own_30,0,0.0
1a_full,cross,60,DOGEUSDT,own_ret_60,0,0.0
1a_full,cross,60,DOGEUSDT,btc_ret_60,0,0.0
1a_full,cross,60,DOGEUSDT,eth_ret_60,0,0.0
1a_full,cross,60,DOGEUSDT,mkt_ret_60,0,0.0
1a_full,cross,60,DOGEUSDT,breadth_60,0,0.0
1a_full,cross,60,DOGEUSDT,disp_60,0,0.0
1a_full,cross,60,DOGEUSDT,relstr_60,0,0.0
1a_full,cross,60,DOGEUSDT,rank_60,0,0.0
1a_full,cross,60,DOGEUSDT,btc_minus_own_60,0,0.0
1a_full,cross,60,DOGEUSDT,eth_minus_own_60,0,0.0
1a_full,cross,60,DOGEUSDT,own_ret_180,0,0.0
1a_full,cross,60,DOGEUSDT,btc_ret_180,0,0.0
1a_full,cross,60,DOGEUSDT,eth_ret_180,0,0.0
1a_full,cross,60,DOGEUSDT,mkt_ret_180,0,0.0
1a_full,cross,60,DOGEUSDT,breadth_180,0,0.0
1a_full,cross,60,DOGEUSDT,disp_180,0,0.0
1a_full,cross,60,DOGEUSDT,relstr_180,0,0.0
1a_full,cross,60,DOGEUSDT,rank_180,0,0.0
1a_full,cross,60,DOGEUSDT,btc_minus_own_180,0,0.0
1a_full,cross,60,DOGEUSDT,eth_minus_own_180,0,0.0
1a_full,cross,60,DOGEUSDT,own_ret_360,0,0.0
1a_full,cross,60,DOGEUSDT,btc_ret_360,0,0.0
1a_full,cross,60,DOGEUSDT,eth_ret_360,0,0.0
1a_full,cross,60,DOGEUSDT,mkt_ret_360,0,0.0
1a_full,cross,60,DOGEUSDT,breadth_360,0,0.0
1a_full,cross,60,DOGEUSDT,disp_360,0,0.0
1a_full,cross,60,DOGEUSDT,relstr_360,0,0.0
1a_full,cross,60,DOGEUSDT,rank_360,0,0.0
1a_full,cross,60,DOGEUSDT,btc_minus_own_360,0,0.0
1a_full,cross,60,DOGEUSDT,eth_minus_own_360,0,0.0
1a_full,cross,60,DOGEUSDT,own_ret_720,0,0.0
1a_full,cross,60,DOGEUSDT,btc_ret_720,0,0.0
1a_full,cross,60,DOGEUSDT,eth_ret_720,0,0.0
1a_full,cross,60,DOGEUSDT,mkt_ret_720,0,0.0
1a_full,cross,60,DOGEUSDT,breadth_720,0,0.0
1a_full,cross,60,DOGEUSDT,disp_720,0,0.0
1a_full,cross,60,DOGEUSDT,relstr_720,0,0.0
1a_full,cross,60,DOGEUSDT,rank_720,0,0.0
1a_full,cross,60,DOGEUSDT,btc_minus_own_720,0,0.0
1a_full,cross,60,DOGEUSDT,eth_minus_own_720,0,0.0
1a_full,cross,60,DOGEUSDT,own_ret_1440,0,0.0
1a_full,cross,60,DOGEUSDT,btc_ret_1440,0,0.0
1a_full,cross,60,DOGEUSDT,eth_ret_1440,0,0.0
1a_full,cross,60,DOGEUSDT,mkt_ret_1440,0,0.0
1a_full,cross,60,DOGEUSDT,breadth_1440,0,0.0
1a_full,cross,60,DOGEUSDT,disp_1440,0,0.0
1a_full,cross,60,DOGEUSDT,relstr_1440,0,0.0
1a_full,cross,60,DOGEUSDT,rank_1440,0,0.0
1a_full,cross,60,DOGEUSDT,btc_minus_own_1440,0,0.0
1a_full,cross,60,DOGEUSDT,eth_minus_own_1440,0,0.0
1a_full,micro,60,DOTUSDT,rskew_30,0,9.831784275604605e-10
1a_full,micro,60,DOTUSDT,rskew_30_xrank,0,0.0
1a_full,micro,60,DOTUSDT,rkurt_30,0,1.7342703131362214e-06
1a_full,micro,60,DOTUSDT,rkurt_30_xrank,0,0.0
1a_full,micro,60,DOTUSDT,roll_30,0,0.0
1a_full,micro,60,DOTUSDT,roll_30_xrank,0,0.0
1a_full,micro,60,DOTUSDT,amihud_30,0,0.0
1a_full,micro,60,DOTUSDT,amihud_30_xrank,0,0.0
1a_full,micro,60,DOTUSDT,kyle_30,0,6.075189418197624e-08
1a_full,micro,60,DOTUSDT,kyle_30_xrank,0,0.0
1a_full,micro,60,DOTUSDT,vpin_30,0,0.0
1a_full,micro,60,DOTUSDT,vpin_30_xrank,0,0.0
1a_full,micro,60,DOTUSDT,jump_30,0,3.098433865034167e-08
1a_full,micro,60,DOTUSDT,jump_30_xrank,0,0.0
1a_full,micro,60,DOTUSDT,vratio_30,0,0.0
1a_full,micro,60,DOTUSDT,vratio_30_xrank,0,0.0
1a_full,micro,60,DOTUSDT,cvd_slope_30,0,0.0
1a_full,micro,60,DOTUSDT,cvd_slope_30_xrank,0,0.0
1a_full,micro,60,DOTUSDT,signac_30,0,0.0
1a_full,micro,60,DOTUSDT,signac_30_xrank,0,0.0
1a_full,micro,60,DOTUSDT,sflow_30,0,0.0
1a_full,micro,60,DOTUSDT,sflow_30_xrank,0,0.0
1a_full,micro,60,DOTUSDT,rskew_120,0,3.3002094390610637e-09
1a_full,micro,60,DOTUSDT,rskew_120_xrank,0,0.0
1a_full,micro,60,DOTUSDT,rkurt_120,0,8.279086216589349e-08
1a_full,micro,60,DOTUSDT,rkurt_120_xrank,0,0.0
1a_full,micro,60,DOTUSDT,roll_120,0,0.0
1a_full,micro,60,DOTUSDT,roll_120_xrank,0,0.0
1a_full,micro,60,DOTUSDT,amihud_120,0,0.0
1a_full,micro,60,DOTUSDT,amihud_120_xrank,0,0.0
1a_full,micro,60,DOTUSDT,kyle_120,0,9.171212411729357e-08
1a_full,micro,60,DOTUSDT,kyle_120_xrank,0,0.0
1a_full,micro,60,DOTUSDT,vpin_120,0,0.0
1a_full,micro,60,DOTUSDT,vpin_120_xrank,0,0.0
1a_full,micro,60,DOTUSDT,jump_120,0,2.760648598609805e-08
1a_full,micro,60,DOTUSDT,jump_120_xrank,0,0.0
1a_full,micro,60,DOTUSDT,vratio_120,0,0.0
1a_full,micro,60,DOTUSDT,vratio_120_xrank,0,0.0
1a_full,micro,60,DOTUSDT,cvd_slope_120,0,0.0
1a_full,micro,60,DOTUSDT,cvd_slope_120_xrank,0,0.0
1a_full,micro,60,DOTUSDT,signac_120,0,0.0
1a_full,micro,60,DOTUSDT,signac_120_xrank,0,0.0
1a_full,micro,60,DOTUSDT,sflow_120,0,0.0
1a_full,micro,60,DOTUSDT,sflow_120_xrank,0,0.0
1a_full,micro,60,DOTUSDT,rskew_480,0,3.015425409369499e-10
1a_full,micro,60,DOTUSDT,rskew_480_xrank,0,0.0
1a_full,micro,60,DOTUSDT,rkurt_480,0,3.2512183167909825e-08
1a_full,micro,60,DOTUSDT,rkurt_480_xrank,0,0.0
1a_full,micro,60,DOTUSDT,roll_480,0,0.0
1a_full,micro,60,DOTUSDT,roll_480_xrank,0,0.0
1a_full,micro,60,DOTUSDT,amihud_480,0,0.0
1a_full,micro,60,DOTUSDT,amihud_480_xrank,0,0.0
1a_full,micro,60,DOTUSDT,kyle_480,0,6.958741494145215e-08
1a_full,micro,60,DOTUSDT,kyle_480_xrank,0,0.0
1a_full,micro,60,DOTUSDT,vpin_480,0,0.0
1a_full,micro,60,DOTUSDT,vpin_480_xrank,0,0.0
1a_full,micro,60,DOTUSDT,jump_480,0,2.0393349231540014e-08
1a_full,micro,60,DOTUSDT,jump_480_xrank,0,0.0
1a_full,micro,60,DOTUSDT,vratio_480,0,0.0
1a_full,micro,60,DOTUSDT,vratio_480_xrank,0,0.0
1a_full,micro,60,DOTUSDT,cvd_slope_480,0,0.0
1a_full,micro,60,DOTUSDT,cvd_slope_480_xrank,0,0.0
1a_full,micro,60,DOTUSDT,signac_480,0,0.0
1a_full,micro,60,DOTUSDT,signac_480_xrank,0,0.0
1a_full,micro,60,DOTUSDT,sflow_480,0,0.0
1a_full,micro,60,DOTUSDT,sflow_480_xrank,0,0.0
1a_full,cross,60,DOTUSDT,own_ret_1,0,0.0
1a_full,cross,60,DOTUSDT,btc_ret_1,0,0.0
1a_full,cross,60,DOTUSDT,eth_ret_1,0,0.0
1a_full,cross,60,DOTUSDT,mkt_ret_1,0,0.0
1a_full,cross,60,DOTUSDT,breadth_1,0,0.0
1a_full,cross,60,DOTUSDT,disp_1,0,0.0
1a_full,cross,60,DOTUSDT,relstr_1,0,0.0
1a_full,cross,60,DOTUSDT,rank_1,0,0.0
1a_full,cross,60,DOTUSDT,btc_minus_own_1,0,0.0
1a_full,cross,60,DOTUSDT,eth_minus_own_1,0,0.0
1a_full,cross,60,DOTUSDT,own_ret_5,0,0.0
1a_full,cross,60,DOTUSDT,btc_ret_5,0,0.0
1a_full,cross,60,DOTUSDT,eth_ret_5,0,0.0
1a_full,cross,60,DOTUSDT,mkt_ret_5,0,0.0
1a_full,cross,60,DOTUSDT,breadth_5,0,0.0
1a_full,cross,60,DOTUSDT,disp_5,0,0.0
1a_full,cross,60,DOTUSDT,relstr_5,0,0.0
1a_full,cross,60,DOTUSDT,rank_5,0,0.0
1a_full,cross,60,DOTUSDT,btc_minus_own_5,0,0.0
1a_full,cross,60,DOTUSDT,eth_minus_own_5,0,0.0
1a_full,cross,60,DOTUSDT,own_ret_15,0,0.0
1a_full,cross,60,DOTUSDT,btc_ret_15,0,0.0
1a_full,cross,60,DOTUSDT,eth_ret_15,0,0.0
1a_full,cross,60,DOTUSDT,mkt_ret_15,0,0.0
1a_full,cross,60,DOTUSDT,breadth_15,0,0.0
1a_full,cross,60,DOTUSDT,disp_15,0,0.0
1a_full,cross,60,DOTUSDT,relstr_15,0,0.0
1a_full,cross,60,DOTUSDT,rank_15,0,0.0
1a_full,cross,60,DOTUSDT,btc_minus_own_15,0,0.0
1a_full,cross,60,DOTUSDT,eth_minus_own_15,0,0.0
1a_full,cross,60,DOTUSDT,own_ret_30,0,0.0
1a_full,cross,60,DOTUSDT,btc_ret_30,0,0.0
1a_full,cross,60,DOTUSDT,eth_ret_30,0,0.0
1a_full,cross,60,DOTUSDT,mkt_ret_30,0,0.0
1a_full,cross,60,DOTUSDT,breadth_30,0,0.0
1a_full,cross,60,DOTUSDT,disp_30,0,0.0
1a_full,cross,60,DOTUSDT,relstr_30,0,0.0
1a_full,cross,60,DOTUSDT,rank_30,0,0.0
1a_full,cross,60,DOTUSDT,btc_minus_own_30,0,0.0
1a_full,cross,60,DOTUSDT,eth_minus_own_30,0,0.0
1a_full,cross,60,DOTUSDT,own_ret_60,0,0.0
1a_full,cross,60,DOTUSDT,btc_ret_60,0,0.0
1a_full,cross,60,DOTUSDT,eth_ret_60,0,0.0
1a_full,cross,60,DOTUSDT,mkt_ret_60,0,0.0
1a_full,cross,60,DOTUSDT,breadth_60,0,0.0
1a_full,cross,60,DOTUSDT,disp_60,0,0.0
1a_full,cross,60,DOTUSDT,relstr_60,0,0.0
1a_full,cross,60,DOTUSDT,rank_60,0,0.0
1a_full,cross,60,DOTUSDT,btc_minus_own_60,0,0.0
1a_full,cross,60,DOTUSDT,eth_minus_own_60,0,0.0
1a_full,cross,60,DOTUSDT,own_ret_180,0,0.0
1a_full,cross,60,DOTUSDT,btc_ret_180,0,0.0
1a_full,cross,60,DOTUSDT,eth_ret_180,0,0.0
1a_full,cross,60,DOTUSDT,mkt_ret_180,0,0.0
1a_full,cross,60,DOTUSDT,breadth_180,0,0.0
1a_full,cross,60,DOTUSDT,disp_180,0,0.0
1a_full,cross,60,DOTUSDT,relstr_180,0,0.0
1a_full,cross,60,DOTUSDT,rank_180,0,0.0
1a_full,cross,60,DOTUSDT,btc_minus_own_180,0,0.0
1a_full,cross,60,DOTUSDT,eth_minus_own_180,0,0.0
1a_full,cross,60,DOTUSDT,own_ret_360,0,0.0
1a_full,cross,60,DOTUSDT,btc_ret_360,0,0.0
1a_full,cross,60,DOTUSDT,eth_ret_360,0,0.0
1a_full,cross,60,DOTUSDT,mkt_ret_360,0,0.0
1a_full,cross,60,DOTUSDT,breadth_360,0,0.0
1a_full,cross,60,DOTUSDT,disp_360,0,0.0
1a_full,cross,60,DOTUSDT,relstr_360,0,0.0
1a_full,cross,60,DOTUSDT,rank_360,0,0.0
1a_full,cross,60,DOTUSDT,btc_minus_own_360,0,0.0
1a_full,cross,60,DOTUSDT,eth_minus_own_360,0,0.0
1a_full,cross,60,DOTUSDT,own_ret_720,0,0.0
1a_full,cross,60,DOTUSDT,btc_ret_720,0,0.0
1a_full,cross,60,DOTUSDT,eth_ret_720,0,0.0
1a_full,cross,60,DOTUSDT,mkt_ret_720,0,0.0
1a_full,cross,60,DOTUSDT,breadth_720,0,0.0
1a_full,cross,60,DOTUSDT,disp_720,0,0.0
1a_full,cross,60,DOTUSDT,relstr_720,0,0.0
1a_full,cross,60,DOTUSDT,rank_720,0,0.0
1a_full,cross,60,DOTUSDT,btc_minus_own_720,0,0.0
1a_full,cross,60,DOTUSDT,eth_minus_own_720,0,0.0
1a_full,cross,60,DOTUSDT,own_ret_1440,0,0.0
1a_full,cross,60,DOTUSDT,btc_ret_1440,0,0.0
1a_full,cross,60,DOTUSDT,eth_ret_1440,0,0.0
1a_full,cross,60,DOTUSDT,mkt_ret_1440,0,0.0
1a_full,cross,60,DOTUSDT,breadth_1440,0,0.0
1a_full,cross,60,DOTUSDT,disp_1440,0,0.0
1a_full,cross,60,DOTUSDT,relstr_1440,0,0.0
1a_full,cross,60,DOTUSDT,rank_1440,0,0.0
1a_full,cross,60,DOTUSDT,btc_minus_own_1440,0,0.0
1a_full,cross,60,DOTUSDT,eth_minus_own_1440,0,0.0
1a_full,micro,60,ETHUSDT,rskew_30,0,1.9667128370315368e-08
1a_full,micro,60,ETHUSDT,rskew_30_xrank,0,0.0
1a_full,micro,60,ETHUSDT,rkurt_30,0,2.126478420905187e-06
1a_full,micro,60,ETHUSDT,rkurt_30_xrank,0,0.0
1a_full,micro,60,ETHUSDT,roll_30,0,0.0
1a_full,micro,60,ETHUSDT,roll_30_xrank,0,0.0
1a_full,micro,60,ETHUSDT,amihud_30,0,0.0
1a_full,micro,60,ETHUSDT,amihud_30_xrank,0,0.0
1a_full,micro,60,ETHUSDT,kyle_30,0,0.0
1a_full,micro,60,ETHUSDT,kyle_30_xrank,0,0.0
1a_full,micro,60,ETHUSDT,vpin_30,0,0.0
1a_full,micro,60,ETHUSDT,vpin_30_xrank,0,0.0
1a_full,micro,60,ETHUSDT,jump_30,0,0.0
1a_full,micro,60,ETHUSDT,jump_30_xrank,0,0.0
1a_full,micro,60,ETHUSDT,vratio_30,0,0.0
1a_full,micro,60,ETHUSDT,vratio_30_xrank,0,0.0
1a_full,micro,60,ETHUSDT,cvd_slope_30,0,0.0
1a_full,micro,60,ETHUSDT,cvd_slope_30_xrank,0,0.0
1a_full,micro,60,ETHUSDT,signac_30,0,0.0
1a_full,micro,60,ETHUSDT,signac_30_xrank,0,0.0
1a_full,micro,60,ETHUSDT,sflow_30,0,0.0
1a_full,micro,60,ETHUSDT,sflow_30_xrank,0,0.0
1a_full,micro,60,ETHUSDT,rskew_120,0,2.0102873532490406e-10
1a_full,micro,60,ETHUSDT,rskew_120_xrank,0,0.0
1a_full,micro,60,ETHUSDT,rkurt_120,0,1.065345927031558e-07
1a_full,micro,60,ETHUSDT,rkurt_120_xrank,0,0.0
1a_full,micro,60,ETHUSDT,roll_120,0,0.0
1a_full,micro,60,ETHUSDT,roll_120_xrank,0,0.0
1a_full,micro,60,ETHUSDT,amihud_120,0,0.0
1a_full,micro,60,ETHUSDT,amihud_120_xrank,0,0.0
1a_full,micro,60,ETHUSDT,kyle_120,0,0.0
1a_full,micro,60,ETHUSDT,kyle_120_xrank,0,0.0
1a_full,micro,60,ETHUSDT,vpin_120,0,0.0
1a_full,micro,60,ETHUSDT,vpin_120_xrank,0,0.0
1a_full,micro,60,ETHUSDT,jump_120,0,1.548838746145975e-08
1a_full,micro,60,ETHUSDT,jump_120_xrank,0,0.0
1a_full,micro,60,ETHUSDT,vratio_120,0,0.0
1a_full,micro,60,ETHUSDT,vratio_120_xrank,0,0.0
1a_full,micro,60,ETHUSDT,cvd_slope_120,0,0.0
1a_full,micro,60,ETHUSDT,cvd_slope_120_xrank,0,0.0
1a_full,micro,60,ETHUSDT,signac_120,0,0.0
1a_full,micro,60,ETHUSDT,signac_120_xrank,0,0.0
1a_full,micro,60,ETHUSDT,sflow_120,0,0.0
1a_full,micro,60,ETHUSDT,sflow_120_xrank,0,0.0
1a_full,micro,60,ETHUSDT,rskew_480,0,4.12061718080281e-09
1a_full,micro,60,ETHUSDT,rskew_480_xrank,0,0.0
1a_full,micro,60,ETHUSDT,rkurt_480,0,5.25919965355115e-08
1a_full,micro,60,ETHUSDT,rkurt_480_xrank,0,0.0
1a_full,micro,60,ETHUSDT,roll_480,0,0.0
1a_full,micro,60,ETHUSDT,roll_480_xrank,0,0.0
1a_full,micro,60,ETHUSDT,amihud_480,0,0.0
1a_full,micro,60,ETHUSDT,amihud_480_xrank,0,0.0
1a_full,micro,60,ETHUSDT,kyle_480,0,0.0
1a_full,micro,60,ETHUSDT,kyle_480_xrank,0,0.0
1a_full,micro,60,ETHUSDT,vpin_480,0,0.0
1a_full,micro,60,ETHUSDT,vpin_480_xrank,0,0.0
1a_full,micro,60,ETHUSDT,jump_480,0,3.627751710144622e-10
1a_full,micro,60,ETHUSDT,jump_480_xrank,0,0.0
1a_full,micro,60,ETHUSDT,vratio_480,0,0.0
1a_full,micro,60,ETHUSDT,vratio_480_xrank,0,0.0
1a_full,micro,60,ETHUSDT,cvd_slope_480,0,0.0
1a_full,micro,60,ETHUSDT,cvd_slope_480_xrank,0,0.0
1a_full,micro,60,ETHUSDT,signac_480,0,0.0
1a_full,micro,60,ETHUSDT,signac_480_xrank,0,0.0
1a_full,micro,60,ETHUSDT,sflow_480,0,0.0
1a_full,micro,60,ETHUSDT,sflow_480_xrank,0,0.0
1a_full,cross,60,ETHUSDT,own_ret_1,0,0.0
1a_full,cross,60,ETHUSDT,btc_ret_1,0,0.0
1a_full,cross,60,ETHUSDT,eth_ret_1,0,0.0
1a_full,cross,60,ETHUSDT,mkt_ret_1,0,0.0
1a_full,cross,60,ETHUSDT,breadth_1,0,0.0
1a_full,cross,60,ETHUSDT,disp_1,0,0.0
1a_full,cross,60,ETHUSDT,relstr_1,0,0.0
1a_full,cross,60,ETHUSDT,rank_1,0,0.0
1a_full,cross,60,ETHUSDT,btc_minus_own_1,0,0.0
1a_full,cross,60,ETHUSDT,eth_minus_own_1,0,0.0
1a_full,cross,60,ETHUSDT,own_ret_5,0,0.0
1a_full,cross,60,ETHUSDT,btc_ret_5,0,0.0
1a_full,cross,60,ETHUSDT,eth_ret_5,0,0.0
1a_full,cross,60,ETHUSDT,mkt_ret_5,0,0.0
1a_full,cross,60,ETHUSDT,breadth_5,0,0.0
1a_full,cross,60,ETHUSDT,disp_5,0,0.0
1a_full,cross,60,ETHUSDT,relstr_5,0,0.0
1a_full,cross,60,ETHUSDT,rank_5,0,0.0
1a_full,cross,60,ETHUSDT,btc_minus_own_5,0,0.0
1a_full,cross,60,ETHUSDT,eth_minus_own_5,0,0.0
1a_full,cross,60,ETHUSDT,own_ret_15,0,0.0
1a_full,cross,60,ETHUSDT,btc_ret_15,0,0.0
1a_full,cross,60,ETHUSDT,eth_ret_15,0,0.0
1a_full,cross,60,ETHUSDT,mkt_ret_15,0,0.0
1a_full,cross,60,ETHUSDT,breadth_15,0,0.0
1a_full,cross,60,ETHUSDT,disp_15,0,0.0
1a_full,cross,60,ETHUSDT,relstr_15,0,0.0
1a_full,cross,60,ETHUSDT,rank_15,0,0.0
1a_full,cross,60,ETHUSDT,btc_minus_own_15,0,0.0
1a_full,cross,60,ETHUSDT,eth_minus_own_15,0,0.0
1a_full,cross,60,ETHUSDT,own_ret_30,0,0.0
1a_full,cross,60,ETHUSDT,btc_ret_30,0,0.0
1a_full,cross,60,ETHUSDT,eth_ret_30,0,0.0
1a_full,cross,60,ETHUSDT,mkt_ret_30,0,0.0
1a_full,cross,60,ETHUSDT,breadth_30,0,0.0
1a_full,cross,60,ETHUSDT,disp_30,0,0.0
1a_full,cross,60,ETHUSDT,relstr_30,0,0.0
1a_full,cross,60,ETHUSDT,rank_30,0,0.0
1a_full,cross,60,ETHUSDT,btc_minus_own_30,0,0.0
1a_full,cross,60,ETHUSDT,eth_minus_own_30,0,0.0
1a_full,cross,60,ETHUSDT,own_ret_60,0,0.0
1a_full,cross,60,ETHUSDT,btc_ret_60,0,0.0
1a_full,cross,60,ETHUSDT,eth_ret_60,0,0.0
1a_full,cross,60,ETHUSDT,mkt_ret_60,0,0.0
1a_full,cross,60,ETHUSDT,breadth_60,0,0.0
1a_full,cross,60,ETHUSDT,disp_60,0,0.0
1a_full,cross,60,ETHUSDT,relstr_60,0,0.0
1a_full,cross,60,ETHUSDT,rank_60,0,0.0
1a_full,cross,60,ETHUSDT,btc_minus_own_60,0,0.0
1a_full,cross,60,ETHUSDT,eth_minus_own_60,0,0.0
1a_full,cross,60,ETHUSDT,own_ret_180,0,0.0
1a_full,cross,60,ETHUSDT,btc_ret_180,0,0.0
1a_full,cross,60,ETHUSDT,eth_ret_180,0,0.0
1a_full,cross,60,ETHUSDT,mkt_ret_180,0,0.0
1a_full,cross,60,ETHUSDT,breadth_180,0,0.0
1a_full,cross,60,ETHUSDT,disp_180,0,0.0
1a_full,cross,60,ETHUSDT,relstr_180,0,0.0
1a_full,cross,60,ETHUSDT,rank_180,0,0.0
1a_full,cross,60,ETHUSDT,btc_minus_own_180,0,0.0
1a_full,cross,60,ETHUSDT,eth_minus_own_180,0,0.0
1a_full,cross,60,ETHUSDT,own_ret_360,0,0.0
1a_full,cross,60,ETHUSDT,btc_ret_360,0,0.0
1a_full,cross,60,ETHUSDT,eth_ret_360,0,0.0
1a_full,cross,60,ETHUSDT,mkt_ret_360,0,0.0
1a_full,cross,60,ETHUSDT,breadth_360,0,0.0
1a_full,cross,60,ETHUSDT,disp_360,0,0.0
1a_full,cross,60,ETHUSDT,relstr_360,0,0.0
1a_full,cross,60,ETHUSDT,rank_360,0,0.0
1a_full,cross,60,ETHUSDT,btc_minus_own_360,0,0.0
1a_full,cross,60,ETHUSDT,eth_minus_own_360,0,0.0
1a_full,cross,60,ETHUSDT,own_ret_720,0,0.0
1a_full,cross,60,ETHUSDT,btc_ret_720,0,0.0
1a_full,cross,60,ETHUSDT,eth_ret_720,0,0.0
1a_full,cross,60,ETHUSDT,mkt_ret_720,0,0.0
1a_full,cross,60,ETHUSDT,breadth_720,0,0.0
1a_full,cross,60,ETHUSDT,disp_720,0,0.0
1a_full,cross,60,ETHUSDT,relstr_720,0,0.0
1a_full,cross,60,ETHUSDT,rank_720,0,0.0
1a_full,cross,60,ETHUSDT,btc_minus_own_720,0,0.0
1a_full,cross,60,ETHUSDT,eth_minus_own_720,0,0.0
1a_full,cross,60,ETHUSDT,own_ret_1440,0,0.0
1a_full,cross,60,ETHUSDT,btc_ret_1440,0,0.0
1a_full,cross,60,ETHUSDT,eth_ret_1440,0,0.0
1a_full,cross,60,ETHUSDT,mkt_ret_1440,0,0.0
1a_full,cross,60,ETHUSDT,breadth_1440,0,0.0
1a_full,cross,60,ETHUSDT,disp_1440,0,0.0
1a_full,cross,60,ETHUSDT,relstr_1440,0,0.0
1a_full,cross,60,ETHUSDT,rank_1440,0,0.0
1a_full,cross,60,ETHUSDT,btc_minus_own_1440,0,0.0
1a_full,cross,60,ETHUSDT,eth_minus_own_1440,0,0.0
1a_full,micro,60,LINKUSDT,rskew_30,0,0.0
1a_full,micro,60,LINKUSDT,rskew_30_xrank,0,0.0
1a_full,micro,60,LINKUSDT,rkurt_30,0,6.187548819980293e-07
1a_full,micro,60,LINKUSDT,rkurt_30_xrank,0,0.0
1a_full,micro,60,LINKUSDT,roll_30,0,0.0
1a_full,micro,60,LINKUSDT,roll_30_xrank,0,0.0
1a_full,micro,60,LINKUSDT,amihud_30,0,0.0
1a_full,micro,60,LINKUSDT,amihud_30_xrank,0,0.0
1a_full,micro,60,LINKUSDT,kyle_30,0,4.2054910665001444e-08
1a_full,micro,60,LINKUSDT,kyle_30_xrank,0,0.0
1a_full,micro,60,LINKUSDT,vpin_30,0,0.0
1a_full,micro,60,LINKUSDT,vpin_30_xrank,0,0.0
1a_full,micro,60,LINKUSDT,jump_30,0,0.0
1a_full,micro,60,LINKUSDT,jump_30_xrank,0,0.0
1a_full,micro,60,LINKUSDT,vratio_30,0,0.0
1a_full,micro,60,LINKUSDT,vratio_30_xrank,0,0.0
1a_full,micro,60,LINKUSDT,cvd_slope_30,0,0.0
1a_full,micro,60,LINKUSDT,cvd_slope_30_xrank,0,0.0
1a_full,micro,60,LINKUSDT,signac_30,0,0.0
1a_full,micro,60,LINKUSDT,signac_30_xrank,0,0.0
1a_full,micro,60,LINKUSDT,sflow_30,0,0.0
1a_full,micro,60,LINKUSDT,sflow_30_xrank,0,0.0
1a_full,micro,60,LINKUSDT,rskew_120,0,1.2056773981972135e-11
1a_full,micro,60,LINKUSDT,rskew_120_xrank,0,0.0
1a_full,micro,60,LINKUSDT,rkurt_120,0,2.3148770011971465e-08
1a_full,micro,60,LINKUSDT,rkurt_120_xrank,0,0.0
1a_full,micro,60,LINKUSDT,roll_120,0,0.0
1a_full,micro,60,LINKUSDT,roll_120_xrank,0,0.0
1a_full,micro,60,LINKUSDT,amihud_120,0,0.0
1a_full,micro,60,LINKUSDT,amihud_120_xrank,0,0.0
1a_full,micro,60,LINKUSDT,kyle_120,0,0.0
1a_full,micro,60,LINKUSDT,kyle_120_xrank,0,0.0
1a_full,micro,60,LINKUSDT,vpin_120,0,0.0
1a_full,micro,60,LINKUSDT,vpin_120_xrank,0,0.0
1a_full,micro,60,LINKUSDT,jump_120,0,3.811639359696528e-08
1a_full,micro,60,LINKUSDT,jump_120_xrank,0,0.0
1a_full,micro,60,LINKUSDT,vratio_120,0,0.0
1a_full,micro,60,LINKUSDT,vratio_120_xrank,0,0.0
1a_full,micro,60,LINKUSDT,cvd_slope_120,0,8.909871240803113e-08
1a_full,micro,60,LINKUSDT,cvd_slope_120_xrank,0,0.0
1a_full,micro,60,LINKUSDT,signac_120,0,0.0
1a_full,micro,60,LINKUSDT,signac_120_xrank,0,0.0
1a_full,micro,60,LINKUSDT,sflow_120,0,1.3839164481055377e-08
1a_full,micro,60,LINKUSDT,sflow_120_xrank,0,0.0
1a_full,micro,60,LINKUSDT,rskew_480,0,0.0
1a_full,micro,60,LINKUSDT,rskew_480_xrank,0,0.0
1a_full,micro,60,LINKUSDT,rkurt_480,0,2.8048200206853835e-08
1a_full,micro,60,LINKUSDT,rkurt_480_xrank,0,0.0
1a_full,micro,60,LINKUSDT,roll_480,0,0.0
1a_full,micro,60,LINKUSDT,roll_480_xrank,0,0.0
1a_full,micro,60,LINKUSDT,amihud_480,0,0.0
1a_full,micro,60,LINKUSDT,amihud_480_xrank,0,0.0
1a_full,micro,60,LINKUSDT,kyle_480,0,0.0
1a_full,micro,60,LINKUSDT,kyle_480_xrank,0,0.0
1a_full,micro,60,LINKUSDT,vpin_480,0,0.0
1a_full,micro,60,LINKUSDT,vpin_480_xrank,0,0.0
1a_full,micro,60,LINKUSDT,jump_480,0,1.7065547197603337e-08
1a_full,micro,60,LINKUSDT,jump_480_xrank,0,0.0
1a_full,micro,60,LINKUSDT,vratio_480,0,0.0
1a_full,micro,60,LINKUSDT,vratio_480_xrank,0,0.0
1a_full,micro,60,LINKUSDT,cvd_slope_480,0,9.613481921633138e-08
1a_full,micro,60,LINKUSDT,cvd_slope_480_xrank,0,0.0
1a_full,micro,60,LINKUSDT,signac_480,0,0.0
1a_full,micro,60,LINKUSDT,signac_480_xrank,0,0.0
1a_full,micro,60,LINKUSDT,sflow_480,0,0.0
1a_full,micro,60,LINKUSDT,sflow_480_xrank,0,0.0
1a_full,cross,60,LINKUSDT,own_ret_1,0,0.0
1a_full,cross,60,LINKUSDT,btc_ret_1,0,0.0
1a_full,cross,60,LINKUSDT,eth_ret_1,0,0.0
1a_full,cross,60,LINKUSDT,mkt_ret_1,0,0.0
1a_full,cross,60,LINKUSDT,breadth_1,0,0.0
1a_full,cross,60,LINKUSDT,disp_1,0,0.0
1a_full,cross,60,LINKUSDT,relstr_1,0,0.0
1a_full,cross,60,LINKUSDT,rank_1,0,0.0
1a_full,cross,60,LINKUSDT,btc_minus_own_1,0,0.0
1a_full,cross,60,LINKUSDT,eth_minus_own_1,0,0.0
1a_full,cross,60,LINKUSDT,own_ret_5,0,0.0
1a_full,cross,60,LINKUSDT,btc_ret_5,0,0.0
1a_full,cross,60,LINKUSDT,eth_ret_5,0,0.0
1a_full,cross,60,LINKUSDT,mkt_ret_5,0,0.0
1a_full,cross,60,LINKUSDT,breadth_5,0,0.0
1a_full,cross,60,LINKUSDT,disp_5,0,0.0
1a_full,cross,60,LINKUSDT,relstr_5,0,0.0
1a_full,cross,60,LINKUSDT,rank_5,0,0.0
1a_full,cross,60,LINKUSDT,btc_minus_own_5,0,0.0
1a_full,cross,60,LINKUSDT,eth_minus_own_5,0,0.0
1a_full,cross,60,LINKUSDT,own_ret_15,0,0.0
1a_full,cross,60,LINKUSDT,btc_ret_15,0,0.0
1a_full,cross,60,LINKUSDT,eth_ret_15,0,0.0
1a_full,cross,60,LINKUSDT,mkt_ret_15,0,0.0
1a_full,cross,60,LINKUSDT,breadth_15,0,0.0
1a_full,cross,60,LINKUSDT,disp_15,0,0.0
1a_full,cross,60,LINKUSDT,relstr_15,0,0.0
1a_full,cross,60,LINKUSDT,rank_15,0,0.0
1a_full,cross,60,LINKUSDT,btc_minus_own_15,0,0.0
1a_full,cross,60,LINKUSDT,eth_minus_own_15,0,0.0
1a_full,cross,60,LINKUSDT,own_ret_30,0,0.0
1a_full,cross,60,LINKUSDT,btc_ret_30,0,0.0
1a_full,cross,60,LINKUSDT,eth_ret_30,0,0.0
1a_full,cross,60,LINKUSDT,mkt_ret_30,0,0.0
1a_full,cross,60,LINKUSDT,breadth_30,0,0.0
1a_full,cross,60,LINKUSDT,disp_30,0,0.0
1a_full,cross,60,LINKUSDT,relstr_30,0,0.0
1a_full,cross,60,LINKUSDT,rank_30,0,0.0
1a_full,cross,60,LINKUSDT,btc_minus_own_30,0,0.0
1a_full,cross,60,LINKUSDT,eth_minus_own_30,0,0.0
1a_full,cross,60,LINKUSDT,own_ret_60,0,0.0
1a_full,cross,60,LINKUSDT,btc_ret_60,0,0.0
1a_full,cross,60,LINKUSDT,eth_ret_60,0,0.0
1a_full,cross,60,LINKUSDT,mkt_ret_60,0,0.0
1a_full,cross,60,LINKUSDT,breadth_60,0,0.0
1a_full,cross,60,LINKUSDT,disp_60,0,0.0
1a_full,cross,60,LINKUSDT,relstr_60,0,0.0
1a_full,cross,60,LINKUSDT,rank_60,0,0.0
1a_full,cross,60,LINKUSDT,btc_minus_own_60,0,0.0
1a_full,cross,60,LINKUSDT,eth_minus_own_60,0,0.0
1a_full,cross,60,LINKUSDT,own_ret_180,0,0.0
1a_full,cross,60,LINKUSDT,btc_ret_180,0,0.0
1a_full,cross,60,LINKUSDT,eth_ret_180,0,0.0
1a_full,cross,60,LINKUSDT,mkt_ret_180,0,0.0
1a_full,cross,60,LINKUSDT,breadth_180,0,0.0
1a_full,cross,60,LINKUSDT,disp_180,0,0.0
1a_full,cross,60,LINKUSDT,relstr_180,0,0.0
1a_full,cross,60,LINKUSDT,rank_180,0,0.0
1a_full,cross,60,LINKUSDT,btc_minus_own_180,0,0.0
1a_full,cross,60,LINKUSDT,eth_minus_own_180,0,0.0
1a_full,cross,60,LINKUSDT,own_ret_360,0,0.0
1a_full,cross,60,LINKUSDT,btc_ret_360,0,0.0
1a_full,cross,60,LINKUSDT,eth_ret_360,0,0.0
1a_full,cross,60,LINKUSDT,mkt_ret_360,0,0.0
1a_full,cross,60,LINKUSDT,breadth_360,0,0.0
1a_full,cross,60,LINKUSDT,disp_360,0,0.0
1a_full,cross,60,LINKUSDT,relstr_360,0,0.0
1a_full,cross,60,LINKUSDT,rank_360,0,0.0
1a_full,cross,60,LINKUSDT,btc_minus_own_360,0,0.0
1a_full,cross,60,LINKUSDT,eth_minus_own_360,0,0.0
1a_full,cross,60,LINKUSDT,own_ret_720,0,0.0
1a_full,cross,60,LINKUSDT,btc_ret_720,0,0.0
1a_full,cross,60,LINKUSDT,eth_ret_720,0,0.0
1a_full,cross,60,LINKUSDT,mkt_ret_720,0,0.0
1a_full,cross,60,LINKUSDT,breadth_720,0,0.0
1a_full,cross,60,LINKUSDT,disp_720,0,0.0
1a_full,cross,60,LINKUSDT,relstr_720,0,0.0
1a_full,cross,60,LINKUSDT,rank_720,0,0.0
1a_full,cross,60,LINKUSDT,btc_minus_own_720,0,0.0
1a_full,cross,60,LINKUSDT,eth_minus_own_720,0,0.0
1a_full,cross,60,LINKUSDT,own_ret_1440,0,0.0
1a_full,cross,60,LINKUSDT,btc_ret_1440,0,0.0
1a_full,cross,60,LINKUSDT,eth_ret_1440,0,0.0
1a_full,cross,60,LINKUSDT,mkt_ret_1440,0,0.0
1a_full,cross,60,LINKUSDT,breadth_1440,0,0.0
1a_full,cross,60,LINKUSDT,disp_1440,0,0.0
1a_full,cross,60,LINKUSDT,relstr_1440,0,0.0
1a_full,cross,60,LINKUSDT,rank_1440,0,0.0
1a_full,cross,60,LINKUSDT,btc_minus_own_1440,0,0.0
1a_full,cross,60,LINKUSDT,eth_minus_own_1440,0,0.0
1a_full,micro,60,SOLUSDT,rskew_30,0,6.627159376826341e-10
1a_full,micro,60,SOLUSDT,rskew_30_xrank,0,0.0
1a_full,micro,60,SOLUSDT,rkurt_30,0,2.3973004203980963e-07
1a_full,micro,60,SOLUSDT,rkurt_30_xrank,0,0.0
1a_full,micro,60,SOLUSDT,roll_30,0,0.0
1a_full,micro,60,SOLUSDT,roll_30_xrank,0,0.0
1a_full,micro,60,SOLUSDT,amihud_30,0,0.0
1a_full,micro,60,SOLUSDT,amihud_30_xrank,0,0.0
1a_full,micro,60,SOLUSDT,kyle_30,0,0.0
1a_full,micro,60,SOLUSDT,kyle_30_xrank,0,0.0
1a_full,micro,60,SOLUSDT,vpin_30,0,0.0
1a_full,micro,60,SOLUSDT,vpin_30_xrank,0,0.0
1a_full,micro,60,SOLUSDT,jump_30,0,1.247349890043381e-09
1a_full,micro,60,SOLUSDT,jump_30_xrank,0,0.0
1a_full,micro,60,SOLUSDT,vratio_30,0,3.100131351629898e-08
1a_full,micro,60,SOLUSDT,vratio_30_xrank,0,0.0
1a_full,micro,60,SOLUSDT,cvd_slope_30,0,0.0
1a_full,micro,60,SOLUSDT,cvd_slope_30_xrank,0,0.0
1a_full,micro,60,SOLUSDT,signac_30,0,0.0
1a_full,micro,60,SOLUSDT,signac_30_xrank,0,0.0
1a_full,micro,60,SOLUSDT,sflow_30,0,0.0
1a_full,micro,60,SOLUSDT,sflow_30_xrank,0,0.0
1a_full,micro,60,SOLUSDT,rskew_120,0,0.0
1a_full,micro,60,SOLUSDT,rskew_120_xrank,0,0.0
1a_full,micro,60,SOLUSDT,rkurt_120,0,1.3276984844878825e-08
1a_full,micro,60,SOLUSDT,rkurt_120_xrank,0,0.0
1a_full,micro,60,SOLUSDT,roll_120,0,0.0
1a_full,micro,60,SOLUSDT,roll_120_xrank,0,0.0
1a_full,micro,60,SOLUSDT,amihud_120,0,0.0
1a_full,micro,60,SOLUSDT,amihud_120_xrank,0,0.0
1a_full,micro,60,SOLUSDT,kyle_120,0,0.0
1a_full,micro,60,SOLUSDT,kyle_120_xrank,0,0.0
1a_full,micro,60,SOLUSDT,vpin_120,0,0.0
1a_full,micro,60,SOLUSDT,vpin_120_xrank,0,0.0
1a_full,micro,60,SOLUSDT,jump_120,0,0.0
1a_full,micro,60,SOLUSDT,jump_120_xrank,0,0.0
1a_full,micro,60,SOLUSDT,vratio_120,0,0.0
1a_full,micro,60,SOLUSDT,vratio_120_xrank,0,0.0
1a_full,micro,60,SOLUSDT,cvd_slope_120,0,0.0
1a_full,micro,60,SOLUSDT,cvd_slope_120_xrank,0,0.0
1a_full,micro,60,SOLUSDT,signac_120,0,0.0
1a_full,micro,60,SOLUSDT,signac_120_xrank,0,0.0
1a_full,micro,60,SOLUSDT,sflow_120,0,0.0
1a_full,micro,60,SOLUSDT,sflow_120_xrank,0,0.0
1a_full,micro,60,SOLUSDT,rskew_480,0,0.0
1a_full,micro,60,SOLUSDT,rskew_480_xrank,0,0.0
1a_full,micro,60,SOLUSDT,rkurt_480,0,1.5029316458026187e-08
1a_full,micro,60,SOLUSDT,rkurt_480_xrank,0,0.0
1a_full,micro,60,SOLUSDT,roll_480,0,0.0
1a_full,micro,60,SOLUSDT,roll_480_xrank,0,0.0
1a_full,micro,60,SOLUSDT,amihud_480,0,0.0
1a_full,micro,60,SOLUSDT,amihud_480_xrank,0,0.0
1a_full,micro,60,SOLUSDT,kyle_480,0,0.0
1a_full,micro,60,SOLUSDT,kyle_480_xrank,0,0.0
1a_full,micro,60,SOLUSDT,vpin_480,0,0.0
1a_full,micro,60,SOLUSDT,vpin_480_xrank,0,0.0
1a_full,micro,60,SOLUSDT,jump_480,0,1.1437133906611052e-08
1a_full,micro,60,SOLUSDT,jump_480_xrank,0,0.0
1a_full,micro,60,SOLUSDT,vratio_480,0,0.0
1a_full,micro,60,SOLUSDT,vratio_480_xrank,0,0.0
1a_full,micro,60,SOLUSDT,cvd_slope_480,0,0.0
1a_full,micro,60,SOLUSDT,cvd_slope_480_xrank,0,0.0
1a_full,micro,60,SOLUSDT,signac_480,0,0.0
1a_full,micro,60,SOLUSDT,signac_480_xrank,0,0.0
1a_full,micro,60,SOLUSDT,sflow_480,0,0.0
1a_full,micro,60,SOLUSDT,sflow_480_xrank,0,0.0
1a_full,cross,60,SOLUSDT,own_ret_1,0,0.0
1a_full,cross,60,SOLUSDT,btc_ret_1,0,0.0
1a_full,cross,60,SOLUSDT,eth_ret_1,0,0.0
1a_full,cross,60,SOLUSDT,mkt_ret_1,0,0.0
1a_full,cross,60,SOLUSDT,breadth_1,0,0.0
1a_full,cross,60,SOLUSDT,disp_1,0,0.0
1a_full,cross,60,SOLUSDT,relstr_1,0,0.0
1a_full,cross,60,SOLUSDT,rank_1,0,0.0
1a_full,cross,60,SOLUSDT,btc_minus_own_1,0,0.0
1a_full,cross,60,SOLUSDT,eth_minus_own_1,0,0.0
1a_full,cross,60,SOLUSDT,own_ret_5,0,0.0
1a_full,cross,60,SOLUSDT,btc_ret_5,0,0.0
1a_full,cross,60,SOLUSDT,eth_ret_5,0,0.0
1a_full,cross,60,SOLUSDT,mkt_ret_5,0,0.0
1a_full,cross,60,SOLUSDT,breadth_5,0,0.0
1a_full,cross,60,SOLUSDT,disp_5,0,0.0
1a_full,cross,60,SOLUSDT,relstr_5,0,0.0
1a_full,cross,60,SOLUSDT,rank_5,0,0.0
1a_full,cross,60,SOLUSDT,btc_minus_own_5,0,0.0
1a_full,cross,60,SOLUSDT,eth_minus_own_5,0,0.0
1a_full,cross,60,SOLUSDT,own_ret_15,0,0.0
1a_full,cross,60,SOLUSDT,btc_ret_15,0,0.0
1a_full,cross,60,SOLUSDT,eth_ret_15,0,0.0
1a_full,cross,60,SOLUSDT,mkt_ret_15,0,0.0
1a_full,cross,60,SOLUSDT,breadth_15,0,0.0
1a_full,cross,60,SOLUSDT,disp_15,0,0.0
1a_full,cross,60,SOLUSDT,relstr_15,0,0.0
1a_full,cross,60,SOLUSDT,rank_15,0,0.0
1a_full,cross,60,SOLUSDT,btc_minus_own_15,0,0.0
1a_full,cross,60,SOLUSDT,eth_minus_own_15,0,0.0
1a_full,cross,60,SOLUSDT,own_ret_30,0,0.0
1a_full,cross,60,SOLUSDT,btc_ret_30,0,0.0
1a_full,cross,60,SOLUSDT,eth_ret_30,0,0.0
1a_full,cross,60,SOLUSDT,mkt_ret_30,0,0.0
1a_full,cross,60,SOLUSDT,breadth_30,0,0.0
1a_full,cross,60,SOLUSDT,disp_30,0,0.0
1a_full,cross,60,SOLUSDT,relstr_30,0,0.0
1a_full,cross,60,SOLUSDT,rank_30,0,0.0
1a_full,cross,60,SOLUSDT,btc_minus_own_30,0,0.0
1a_full,cross,60,SOLUSDT,eth_minus_own_30,0,0.0
1a_full,cross,60,SOLUSDT,own_ret_60,0,0.0
1a_full,cross,60,SOLUSDT,btc_ret_60,0,0.0
1a_full,cross,60,SOLUSDT,eth_ret_60,0,0.0
1a_full,cross,60,SOLUSDT,mkt_ret_60,0,0.0
1a_full,cross,60,SOLUSDT,breadth_60,0,0.0
1a_full,cross,60,SOLUSDT,disp_60,0,0.0
1a_full,cross,60,SOLUSDT,relstr_60,0,0.0
1a_full,cross,60,SOLUSDT,rank_60,0,0.0
1a_full,cross,60,SOLUSDT,btc_minus_own_60,0,0.0
1a_full,cross,60,SOLUSDT,eth_minus_own_60,0,0.0
1a_full,cross,60,SOLUSDT,own_ret_180,0,0.0
1a_full,cross,60,SOLUSDT,btc_ret_180,0,0.0
1a_full,cross,60,SOLUSDT,eth_ret_180,0,0.0
1a_full,cross,60,SOLUSDT,mkt_ret_180,0,0.0
1a_full,cross,60,SOLUSDT,breadth_180,0,0.0
1a_full,cross,60,SOLUSDT,disp_180,0,0.0
1a_full,cross,60,SOLUSDT,relstr_180,0,0.0
1a_full,cross,60,SOLUSDT,rank_180,0,0.0
1a_full,cross,60,SOLUSDT,btc_minus_own_180,0,0.0
1a_full,cross,60,SOLUSDT,eth_minus_own_180,0,0.0
1a_full,cross,60,SOLUSDT,own_ret_360,0,0.0
1a_full,cross,60,SOLUSDT,btc_ret_360,0,0.0
1a_full,cross,60,SOLUSDT,eth_ret_360,0,0.0
1a_full,cross,60,SOLUSDT,mkt_ret_360,0,0.0
1a_full,cross,60,SOLUSDT,breadth_360,0,0.0
1a_full,cross,60,SOLUSDT,disp_360,0,0.0
1a_full,cross,60,SOLUSDT,relstr_360,0,0.0
1a_full,cross,60,SOLUSDT,rank_360,0,0.0
1a_full,cross,60,SOLUSDT,btc_minus_own_360,0,0.0
1a_full,cross,60,SOLUSDT,eth_minus_own_360,0,0.0
1a_full,cross,60,SOLUSDT,own_ret_720,0,0.0
1a_full,cross,60,SOLUSDT,btc_ret_720,0,0.0
1a_full,cross,60,SOLUSDT,eth_ret_720,0,0.0
1a_full,cross,60,SOLUSDT,mkt_ret_720,0,0.0
1a_full,cross,60,SOLUSDT,breadth_720,0,0.0
1a_full,cross,60,SOLUSDT,disp_720,0,0.0
1a_full,cross,60,SOLUSDT,relstr_720,0,0.0
1a_full,cross,60,SOLUSDT,rank_720,0,0.0
1a_full,cross,60,SOLUSDT,btc_minus_own_720,0,0.0
1a_full,cross,60,SOLUSDT,eth_minus_own_720,0,0.0
1a_full,cross,60,SOLUSDT,own_ret_1440,0,0.0
1a_full,cross,60,SOLUSDT,btc_ret_1440,0,0.0
1a_full,cross,60,SOLUSDT,eth_ret_1440,0,0.0
1a_full,cross,60,SOLUSDT,mkt_ret_1440,0,0.0
1a_full,cross,60,SOLUSDT,breadth_1440,0,0.0
1a_full,cross,60,SOLUSDT,disp_1440,0,0.0
1a_full,cross,60,SOLUSDT,relstr_1440,0,0.0
1a_full,cross,60,SOLUSDT,rank_1440,0,0.0
1a_full,cross,60,SOLUSDT,btc_minus_own_1440,0,0.0
1a_full,cross,60,SOLUSDT,eth_minus_own_1440,0,0.0
1a_full,micro,60,XRPUSDT,rskew_30,0,6.5312772967729416e-09
1a_full,micro,60,XRPUSDT,rskew_30_xrank,0,0.0
1a_full,micro,60,XRPUSDT,rkurt_30,0,2.0671065215083217e-07
1a_full,micro,60,XRPUSDT,rkurt_30_xrank,0,0.0
1a_full,micro,60,XRPUSDT,roll_30,0,0.0
1a_full,micro,60,XRPUSDT,roll_30_xrank,0,0.0
1a_full,micro,60,XRPUSDT,amihud_30,0,0.0
1a_full,micro,60,XRPUSDT,amihud_30_xrank,0,0.0
1a_full,micro,60,XRPUSDT,kyle_30,0,0.0
1a_full,micro,60,XRPUSDT,kyle_30_xrank,0,0.0
1a_full,micro,60,XRPUSDT,vpin_30,0,0.0
1a_full,micro,60,XRPUSDT,vpin_30_xrank,0,0.0
1a_full,micro,60,XRPUSDT,jump_30,0,1.0086933066588699e-08
1a_full,micro,60,XRPUSDT,jump_30_xrank,0,0.0
1a_full,micro,60,XRPUSDT,vratio_30,0,0.0
1a_full,micro,60,XRPUSDT,vratio_30_xrank,0,0.0
1a_full,micro,60,XRPUSDT,cvd_slope_30,0,0.0
1a_full,micro,60,XRPUSDT,cvd_slope_30_xrank,0,0.0
1a_full,micro,60,XRPUSDT,signac_30,0,0.0
1a_full,micro,60,XRPUSDT,signac_30_xrank,0,0.0
1a_full,micro,60,XRPUSDT,sflow_30,0,0.0
1a_full,micro,60,XRPUSDT,sflow_30_xrank,0,0.0
1a_full,micro,60,XRPUSDT,rskew_120,0,0.0
1a_full,micro,60,XRPUSDT,rskew_120_xrank,0,0.0
1a_full,micro,60,XRPUSDT,rkurt_120,0,9.315538562759684e-09
1a_full,micro,60,XRPUSDT,rkurt_120_xrank,0,0.0
1a_full,micro,60,XRPUSDT,roll_120,0,0.0
1a_full,micro,60,XRPUSDT,roll_120_xrank,0,0.0
1a_full,micro,60,XRPUSDT,amihud_120,0,0.0
1a_full,micro,60,XRPUSDT,amihud_120_xrank,0,0.0
1a_full,micro,60,XRPUSDT,kyle_120,0,0.0
1a_full,micro,60,XRPUSDT,kyle_120_xrank,0,0.0
1a_full,micro,60,XRPUSDT,vpin_120,0,0.0
1a_full,micro,60,XRPUSDT,vpin_120_xrank,0,0.0
1a_full,micro,60,XRPUSDT,jump_120,0,4.806744446916866e-10
1a_full,micro,60,XRPUSDT,jump_120_xrank,0,0.0
1a_full,micro,60,XRPUSDT,vratio_120,0,0.0
1a_full,micro,60,XRPUSDT,vratio_120_xrank,0,0.0
1a_full,micro,60,XRPUSDT,cvd_slope_120,0,0.0
1a_full,micro,60,XRPUSDT,cvd_slope_120_xrank,0,0.0
1a_full,micro,60,XRPUSDT,signac_120,0,0.0
1a_full,micro,60,XRPUSDT,signac_120_xrank,0,0.0
1a_full,micro,60,XRPUSDT,sflow_120,0,0.0
1a_full,micro,60,XRPUSDT,sflow_120_xrank,0,0.0
1a_full,micro,60,XRPUSDT,rskew_480,0,0.0
1a_full,micro,60,XRPUSDT,rskew_480_xrank,0,0.0
1a_full,micro,60,XRPUSDT,rkurt_480,0,0.0
1a_full,micro,60,XRPUSDT,rkurt_480_xrank,0,0.0
1a_full,micro,60,XRPUSDT,roll_480,0,0.0
1a_full,micro,60,XRPUSDT,roll_480_xrank,0,0.0
1a_full,micro,60,XRPUSDT,amihud_480,0,0.0
1a_full,micro,60,XRPUSDT,amihud_480_xrank,0,0.0
1a_full,micro,60,XRPUSDT,kyle_480,0,0.0
1a_full,micro,60,XRPUSDT,kyle_480_xrank,0,0.0
1a_full,micro,60,XRPUSDT,vpin_480,0,0.0
1a_full,micro,60,XRPUSDT,vpin_480_xrank,0,0.0
1a_full,micro,60,XRPUSDT,jump_480,0,2.69441052802577e-10
1a_full,micro,60,XRPUSDT,jump_480_xrank,0,0.0
1a_full,micro,60,XRPUSDT,vratio_480,0,0.0
1a_full,micro,60,XRPUSDT,vratio_480_xrank,0,0.0
1a_full,micro,60,XRPUSDT,cvd_slope_480,0,0.0
1a_full,micro,60,XRPUSDT,cvd_slope_480_xrank,0,0.0
1a_full,micro,60,XRPUSDT,signac_480,0,0.0
1a_full,micro,60,XRPUSDT,signac_480_xrank,0,0.0
1a_full,micro,60,XRPUSDT,sflow_480,0,0.0
1a_full,micro,60,XRPUSDT,sflow_480_xrank,0,0.0
1a_full,cross,60,XRPUSDT,own_ret_1,0,0.0
1a_full,cross,60,XRPUSDT,btc_ret_1,0,0.0
1a_full,cross,60,XRPUSDT,eth_ret_1,0,0.0
1a_full,cross,60,XRPUSDT,mkt_ret_1,0,0.0
1a_full,cross,60,XRPUSDT,breadth_1,0,0.0
1a_full,cross,60,XRPUSDT,disp_1,0,0.0
1a_full,cross,60,XRPUSDT,relstr_1,0,0.0
1a_full,cross,60,XRPUSDT,rank_1,0,0.0
1a_full,cross,60,XRPUSDT,btc_minus_own_1,0,0.0
1a_full,cross,60,XRPUSDT,eth_minus_own_1,0,0.0
1a_full,cross,60,XRPUSDT,own_ret_5,0,0.0
1a_full,cross,60,XRPUSDT,btc_ret_5,0,0.0
1a_full,cross,60,XRPUSDT,eth_ret_5,0,0.0
1a_full,cross,60,XRPUSDT,mkt_ret_5,0,0.0
1a_full,cross,60,XRPUSDT,breadth_5,0,0.0
1a_full,cross,60,XRPUSDT,disp_5,0,0.0
1a_full,cross,60,XRPUSDT,relstr_5,0,0.0
1a_full,cross,60,XRPUSDT,rank_5,0,0.0
1a_full,cross,60,XRPUSDT,btc_minus_own_5,0,0.0
1a_full,cross,60,XRPUSDT,eth_minus_own_5,0,0.0
1a_full,cross,60,XRPUSDT,own_ret_15,0,0.0
1a_full,cross,60,XRPUSDT,btc_ret_15,0,0.0
1a_full,cross,60,XRPUSDT,eth_ret_15,0,0.0
1a_full,cross,60,XRPUSDT,mkt_ret_15,0,0.0
1a_full,cross,60,XRPUSDT,breadth_15,0,0.0
1a_full,cross,60,XRPUSDT,disp_15,0,0.0
1a_full,cross,60,XRPUSDT,relstr_15,0,0.0
1a_full,cross,60,XRPUSDT,rank_15,0,0.0
1a_full,cross,60,XRPUSDT,btc_minus_own_15,0,0.0
1a_full,cross,60,XRPUSDT,eth_minus_own_15,0,0.0
1a_full,cross,60,XRPUSDT,own_ret_30,0,0.0
1a_full,cross,60,XRPUSDT,btc_ret_30,0,0.0
1a_full,cross,60,XRPUSDT,eth_ret_30,0,0.0
1a_full,cross,60,XRPUSDT,mkt_ret_30,0,0.0
1a_full,cross,60,XRPUSDT,breadth_30,0,0.0
1a_full,cross,60,XRPUSDT,disp_30,0,0.0
1a_full,cross,60,XRPUSDT,relstr_30,0,0.0
1a_full,cross,60,XRPUSDT,rank_30,0,0.0
1a_full,cross,60,XRPUSDT,btc_minus_own_30,0,0.0
1a_full,cross,60,XRPUSDT,eth_minus_own_30,0,0.0
1a_full,cross,60,XRPUSDT,own_ret_60,0,0.0
1a_full,cross,60,XRPUSDT,btc_ret_60,0,0.0
1a_full,cross,60,XRPUSDT,eth_ret_60,0,0.0
1a_full,cross,60,XRPUSDT,mkt_ret_60,0,0.0
1a_full,cross,60,XRPUSDT,breadth_60,0,0.0
1a_full,cross,60,XRPUSDT,disp_60,0,0.0
1a_full,cross,60,XRPUSDT,relstr_60,0,0.0
1a_full,cross,60,XRPUSDT,rank_60,0,0.0
1a_full,cross,60,XRPUSDT,btc_minus_own_60,0,0.0
1a_full,cross,60,XRPUSDT,eth_minus_own_60,0,0.0
1a_full,cross,60,XRPUSDT,own_ret_180,0,0.0
1a_full,cross,60,XRPUSDT,btc_ret_180,0,0.0
1a_full,cross,60,XRPUSDT,eth_ret_180,0,0.0
1a_full,cross,60,XRPUSDT,mkt_ret_180,0,0.0
1a_full,cross,60,XRPUSDT,breadth_180,0,0.0
1a_full,cross,60,XRPUSDT,disp_180,0,0.0
1a_full,cross,60,XRPUSDT,relstr_180,0,0.0
1a_full,cross,60,XRPUSDT,rank_180,0,0.0
1a_full,cross,60,XRPUSDT,btc_minus_own_180,0,0.0
1a_full,cross,60,XRPUSDT,eth_minus_own_180,0,0.0
1a_full,cross,60,XRPUSDT,own_ret_360,0,0.0
1a_full,cross,60,XRPUSDT,btc_ret_360,0,0.0
1a_full,cross,60,XRPUSDT,eth_ret_360,0,0.0
1a_full,cross,60,XRPUSDT,mkt_ret_360,0,0.0
1a_full,cross,60,XRPUSDT,breadth_360,0,0.0
1a_full,cross,60,XRPUSDT,disp_360,0,0.0
1a_full,cross,60,XRPUSDT,relstr_360,0,0.0
1a_full,cross,60,XRPUSDT,rank_360,0,0.0
1a_full,cross,60,XRPUSDT,btc_minus_own_360,0,0.0
1a_full,cross,60,XRPUSDT,eth_minus_own_360,0,0.0
1a_full,cross,60,XRPUSDT,own_ret_720,0,0.0
1a_full,cross,60,XRPUSDT,btc_ret_720,0,0.0
1a_full,cross,60,XRPUSDT,eth_ret_720,0,0.0
1a_full,cross,60,XRPUSDT,mkt_ret_720,0,0.0
1a_full,cross,60,XRPUSDT,breadth_720,0,0.0
1a_full,cross,60,XRPUSDT,disp_720,0,0.0
1a_full,cross,60,XRPUSDT,relstr_720,0,0.0
1a_full,cross,60,XRPUSDT,rank_720,0,0.0
1a_full,cross,60,XRPUSDT,btc_minus_own_720,0,0.0
1a_full,cross,60,XRPUSDT,eth_minus_own_720,0,0.0
1a_full,cross,60,XRPUSDT,own_ret_1440,0,0.0
1a_full,cross,60,XRPUSDT,btc_ret_1440,0,0.0
1a_full,cross,60,XRPUSDT,eth_ret_1440,0,0.0
1a_full,cross,60,XRPUSDT,mkt_ret_1440,0,0.0
1a_full,cross,60,XRPUSDT,breadth_1440,0,0.0
1a_full,cross,60,XRPUSDT,disp_1440,0,0.0
1a_full,cross,60,XRPUSDT,relstr_1440,0,0.0
1a_full,cross,60,XRPUSDT,rank_1440,0,0.0
1a_full,cross,60,XRPUSDT,btc_minus_own_1440,0,0.0
1a_full,cross,60,XRPUSDT,eth_minus_own_1440,0,0.0
1a_full,micro,120,ADAUSDT,rskew_30,0,0.0
1a_full,micro,120,ADAUSDT,rskew_30_xrank,0,0.0
1a_full,micro,120,ADAUSDT,rkurt_30,0,1.1447409775655615e-07
1a_full,micro,120,ADAUSDT,rkurt_30_xrank,0,0.0
1a_full,micro,120,ADAUSDT,roll_30,0,0.0
1a_full,micro,120,ADAUSDT,roll_30_xrank,0,0.0
1a_full,micro,120,ADAUSDT,amihud_30,0,0.0
1a_full,micro,120,ADAUSDT,amihud_30_xrank,0,0.0
1a_full,micro,120,ADAUSDT,kyle_30,0,4.780965845441187e-09
1a_full,micro,120,ADAUSDT,kyle_30_xrank,0,0.0
1a_full,micro,120,ADAUSDT,vpin_30,0,5.5590145819905956e-08
1a_full,micro,120,ADAUSDT,vpin_30_xrank,0,0.0
1a_full,micro,120,ADAUSDT,jump_30,0,6.493354742787005e-10
1a_full,micro,120,ADAUSDT,jump_30_xrank,0,0.0
1a_full,micro,120,ADAUSDT,vratio_30,0,0.0
1a_full,micro,120,ADAUSDT,vratio_30_xrank,0,0.0
1a_full,micro,120,ADAUSDT,cvd_slope_30,0,0.0
1a_full,micro,120,ADAUSDT,cvd_slope_30_xrank,0,0.0
1a_full,micro,120,ADAUSDT,signac_30,0,0.0
1a_full,micro,120,ADAUSDT,signac_30_xrank,0,0.0
1a_full,micro,120,ADAUSDT,sflow_30,0,2.8133997354018447e-09
1a_full,micro,120,ADAUSDT,sflow_30_xrank,0,0.0
1a_full,micro,120,ADAUSDT,rskew_120,0,1.4795961789104695e-08
1a_full,micro,120,ADAUSDT,rskew_120_xrank,0,0.0
1a_full,micro,120,ADAUSDT,rkurt_120,0,1.540771421559839e-08
1a_full,micro,120,ADAUSDT,rkurt_120_xrank,0,0.0
1a_full,micro,120,ADAUSDT,roll_120,0,0.0
1a_full,micro,120,ADAUSDT,roll_120_xrank,0,0.0
1a_full,micro,120,ADAUSDT,amihud_120,0,0.0
1a_full,micro,120,ADAUSDT,amihud_120_xrank,0,0.0
1a_full,micro,120,ADAUSDT,kyle_120,0,0.0
1a_full,micro,120,ADAUSDT,kyle_120_xrank,0,0.0
1a_full,micro,120,ADAUSDT,vpin_120,0,0.0
1a_full,micro,120,ADAUSDT,vpin_120_xrank,0,0.0
1a_full,micro,120,ADAUSDT,jump_120,0,1.6634859045794315e-09
1a_full,micro,120,ADAUSDT,jump_120_xrank,0,0.0
1a_full,micro,120,ADAUSDT,vratio_120,0,0.0
1a_full,micro,120,ADAUSDT,vratio_120_xrank,0,0.0
1a_full,micro,120,ADAUSDT,cvd_slope_120,0,0.0
1a_full,micro,120,ADAUSDT,cvd_slope_120_xrank,0,0.0
1a_full,micro,120,ADAUSDT,signac_120,0,0.0
1a_full,micro,120,ADAUSDT,signac_120_xrank,0,0.0
1a_full,micro,120,ADAUSDT,sflow_120,0,0.0
1a_full,micro,120,ADAUSDT,sflow_120_xrank,0,0.0
1a_full,micro,120,ADAUSDT,rskew_480,0,0.0
1a_full,micro,120,ADAUSDT,rskew_480_xrank,0,0.0
1a_full,micro,120,ADAUSDT,rkurt_480,0,4.886517146474034e-08
1a_full,micro,120,ADAUSDT,rkurt_480_xrank,0,0.0
1a_full,micro,120,ADAUSDT,roll_480,0,0.0
1a_full,micro,120,ADAUSDT,roll_480_xrank,0,0.0
1a_full,micro,120,ADAUSDT,amihud_480,0,0.0
1a_full,micro,120,ADAUSDT,amihud_480_xrank,0,0.0
1a_full,micro,120,ADAUSDT,kyle_480,0,0.0
1a_full,micro,120,ADAUSDT,kyle_480_xrank,0,0.0
1a_full,micro,120,ADAUSDT,vpin_480,0,0.0
1a_full,micro,120,ADAUSDT,vpin_480_xrank,0,0.0
1a_full,micro,120,ADAUSDT,jump_480,0,0.0
1a_full,micro,120,ADAUSDT,jump_480_xrank,0,0.0
1a_full,micro,120,ADAUSDT,vratio_480,0,0.0
1a_full,micro,120,ADAUSDT,vratio_480_xrank,0,0.0
1a_full,micro,120,ADAUSDT,cvd_slope_480,0,0.0
1a_full,micro,120,ADAUSDT,cvd_slope_480_xrank,0,0.0
1a_full,micro,120,ADAUSDT,signac_480,0,0.0
1a_full,micro,120,ADAUSDT,signac_480_xrank,0,0.0
1a_full,micro,120,ADAUSDT,sflow_480,0,0.0
1a_full,micro,120,ADAUSDT,sflow_480_xrank,0,0.0
1a_full,cross,120,ADAUSDT,own_ret_1,0,0.0
1a_full,cross,120,ADAUSDT,btc_ret_1,0,0.0
1a_full,cross,120,ADAUSDT,eth_ret_1,0,0.0
1a_full,cross,120,ADAUSDT,mkt_ret_1,0,0.0
1a_full,cross,120,ADAUSDT,breadth_1,0,0.0
1a_full,cross,120,ADAUSDT,disp_1,0,0.0
1a_full,cross,120,ADAUSDT,relstr_1,0,0.0
1a_full,cross,120,ADAUSDT,rank_1,0,0.0
1a_full,cross,120,ADAUSDT,btc_minus_own_1,0,0.0
1a_full,cross,120,ADAUSDT,eth_minus_own_1,0,0.0
1a_full,cross,120,ADAUSDT,own_ret_5,0,0.0
1a_full,cross,120,ADAUSDT,btc_ret_5,0,0.0
1a_full,cross,120,ADAUSDT,eth_ret_5,0,0.0
1a_full,cross,120,ADAUSDT,mkt_ret_5,0,0.0
1a_full,cross,120,ADAUSDT,breadth_5,0,0.0
1a_full,cross,120,ADAUSDT,disp_5,0,0.0
1a_full,cross,120,ADAUSDT,relstr_5,0,0.0
1a_full,cross,120,ADAUSDT,rank_5,0,0.0
1a_full,cross,120,ADAUSDT,btc_minus_own_5,0,0.0
1a_full,cross,120,ADAUSDT,eth_minus_own_5,0,0.0
1a_full,cross,120,ADAUSDT,own_ret_15,0,0.0
1a_full,cross,120,ADAUSDT,btc_ret_15,0,0.0
1a_full,cross,120,ADAUSDT,eth_ret_15,0,0.0
1a_full,cross,120,ADAUSDT,mkt_ret_15,0,0.0
1a_full,cross,120,ADAUSDT,breadth_15,0,0.0
1a_full,cross,120,ADAUSDT,disp_15,0,0.0
1a_full,cross,120,ADAUSDT,relstr_15,0,0.0
1a_full,cross,120,ADAUSDT,rank_15,0,0.0
1a_full,cross,120,ADAUSDT,btc_minus_own_15,0,0.0
1a_full,cross,120,ADAUSDT,eth_minus_own_15,0,0.0
1a_full,cross,120,ADAUSDT,own_ret_30,0,0.0
1a_full,cross,120,ADAUSDT,btc_ret_30,0,0.0
1a_full,cross,120,ADAUSDT,eth_ret_30,0,0.0
1a_full,cross,120,ADAUSDT,mkt_ret_30,0,0.0
1a_full,cross,120,ADAUSDT,breadth_30,0,0.0
1a_full,cross,120,ADAUSDT,disp_30,0,0.0
1a_full,cross,120,ADAUSDT,relstr_30,0,0.0
1a_full,cross,120,ADAUSDT,rank_30,0,0.0
1a_full,cross,120,ADAUSDT,btc_minus_own_30,0,0.0
1a_full,cross,120,ADAUSDT,eth_minus_own_30,0,0.0
1a_full,cross,120,ADAUSDT,own_ret_60,0,0.0
1a_full,cross,120,ADAUSDT,btc_ret_60,0,0.0
1a_full,cross,120,ADAUSDT,eth_ret_60,0,0.0
1a_full,cross,120,ADAUSDT,mkt_ret_60,0,0.0
1a_full,cross,120,ADAUSDT,breadth_60,0,0.0
1a_full,cross,120,ADAUSDT,disp_60,0,0.0
1a_full,cross,120,ADAUSDT,relstr_60,0,0.0
1a_full,cross,120,ADAUSDT,rank_60,0,0.0
1a_full,cross,120,ADAUSDT,btc_minus_own_60,0,0.0
1a_full,cross,120,ADAUSDT,eth_minus_own_60,0,0.0
1a_full,cross,120,ADAUSDT,own_ret_180,0,0.0
1a_full,cross,120,ADAUSDT,btc_ret_180,0,0.0
1a_full,cross,120,ADAUSDT,eth_ret_180,0,0.0
1a_full,cross,120,ADAUSDT,mkt_ret_180,0,0.0
1a_full,cross,120,ADAUSDT,breadth_180,0,0.0
1a_full,cross,120,ADAUSDT,disp_180,0,0.0
1a_full,cross,120,ADAUSDT,relstr_180,0,0.0
1a_full,cross,120,ADAUSDT,rank_180,0,0.0
1a_full,cross,120,ADAUSDT,btc_minus_own_180,0,0.0
1a_full,cross,120,ADAUSDT,eth_minus_own_180,0,0.0
1a_full,cross,120,ADAUSDT,own_ret_360,0,0.0
1a_full,cross,120,ADAUSDT,btc_ret_360,0,0.0
1a_full,cross,120,ADAUSDT,eth_ret_360,0,0.0
1a_full,cross,120,ADAUSDT,mkt_ret_360,0,0.0
1a_full,cross,120,ADAUSDT,breadth_360,0,0.0
1a_full,cross,120,ADAUSDT,disp_360,0,0.0
1a_full,cross,120,ADAUSDT,relstr_360,0,0.0
1a_full,cross,120,ADAUSDT,rank_360,0,0.0
1a_full,cross,120,ADAUSDT,btc_minus_own_360,0,0.0
1a_full,cross,120,ADAUSDT,eth_minus_own_360,0,0.0
1a_full,cross,120,ADAUSDT,own_ret_720,0,0.0
1a_full,cross,120,ADAUSDT,btc_ret_720,0,0.0
1a_full,cross,120,ADAUSDT,eth_ret_720,0,0.0
1a_full,cross,120,ADAUSDT,mkt_ret_720,0,0.0
1a_full,cross,120,ADAUSDT,breadth_720,0,0.0
1a_full,cross,120,ADAUSDT,disp_720,0,0.0
1a_full,cross,120,ADAUSDT,relstr_720,0,0.0
1a_full,cross,120,ADAUSDT,rank_720,0,0.0
1a_full,cross,120,ADAUSDT,btc_minus_own_720,0,0.0
1a_full,cross,120,ADAUSDT,eth_minus_own_720,0,0.0
1a_full,cross,120,ADAUSDT,own_ret_1440,0,0.0
1a_full,cross,120,ADAUSDT,btc_ret_1440,0,0.0
1a_full,cross,120,ADAUSDT,eth_ret_1440,0,0.0
1a_full,cross,120,ADAUSDT,mkt_ret_1440,0,0.0
1a_full,cross,120,ADAUSDT,breadth_1440,0,0.0
1a_full,cross,120,ADAUSDT,disp_1440,0,0.0
1a_full,cross,120,ADAUSDT,relstr_1440,0,0.0
1a_full,cross,120,ADAUSDT,rank_1440,0,0.0
1a_full,cross,120,ADAUSDT,btc_minus_own_1440,0,0.0
1a_full,cross,120,ADAUSDT,eth_minus_own_1440,0,0.0
1a_full,micro,120,AVAXUSDT,rskew_30,0,4.332222403036212e-08
1a_full,micro,120,AVAXUSDT,rskew_30_xrank,0,0.0
1a_full,micro,120,AVAXUSDT,rkurt_30,0,1.0234914952889085e-05
1a_full,micro,120,AVAXUSDT,rkurt_30_xrank,0,0.0
1a_full,micro,120,AVAXUSDT,roll_30,0,0.0
1a_full,micro,120,AVAXUSDT,roll_30_xrank,0,0.0
1a_full,micro,120,AVAXUSDT,amihud_30,0,0.0
1a_full,micro,120,AVAXUSDT,amihud_30_xrank,0,0.0
1a_full,micro,120,AVAXUSDT,kyle_30,0,4.69148009329956e-09
1a_full,micro,120,AVAXUSDT,kyle_30_xrank,0,0.0
1a_full,micro,120,AVAXUSDT,vpin_30,0,0.0
1a_full,micro,120,AVAXUSDT,vpin_30_xrank,0,0.0
1a_full,micro,120,AVAXUSDT,jump_30,0,1.0897232005646629e-09
1a_full,micro,120,AVAXUSDT,jump_30_xrank,0,0.0
1a_full,micro,120,AVAXUSDT,vratio_30,0,0.0
1a_full,micro,120,AVAXUSDT,vratio_30_xrank,0,0.0
1a_full,micro,120,AVAXUSDT,cvd_slope_30,0,0.0
1a_full,micro,120,AVAXUSDT,cvd_slope_30_xrank,0,0.0
1a_full,micro,120,AVAXUSDT,signac_30,0,0.0
1a_full,micro,120,AVAXUSDT,signac_30_xrank,0,0.0
1a_full,micro,120,AVAXUSDT,sflow_30,0,0.0
1a_full,micro,120,AVAXUSDT,sflow_30_xrank,0,0.0
1a_full,micro,120,AVAXUSDT,rskew_120,0,1.0541858053159103e-08
1a_full,micro,120,AVAXUSDT,rskew_120_xrank,0,0.0
1a_full,micro,120,AVAXUSDT,rkurt_120,0,2.9184886329858273e-07
1a_full,micro,120,AVAXUSDT,rkurt_120_xrank,0,0.0
1a_full,micro,120,AVAXUSDT,roll_120,0,0.0
1a_full,micro,120,AVAXUSDT,roll_120_xrank,0,0.0
1a_full,micro,120,AVAXUSDT,amihud_120,0,0.0
1a_full,micro,120,AVAXUSDT,amihud_120_xrank,0,0.0
1a_full,micro,120,AVAXUSDT,kyle_120,0,0.0
1a_full,micro,120,AVAXUSDT,kyle_120_xrank,0,0.0
1a_full,micro,120,AVAXUSDT,vpin_120,0,0.0
1a_full,micro,120,AVAXUSDT,vpin_120_xrank,0,0.0
1a_full,micro,120,AVAXUSDT,jump_120,0,7.965868853432312e-09
1a_full,micro,120,AVAXUSDT,jump_120_xrank,0,0.0
1a_full,micro,120,AVAXUSDT,vratio_120,0,0.0
1a_full,micro,120,AVAXUSDT,vratio_120_xrank,0,0.0
1a_full,micro,120,AVAXUSDT,cvd_slope_120,0,0.0
1a_full,micro,120,AVAXUSDT,cvd_slope_120_xrank,0,0.0
1a_full,micro,120,AVAXUSDT,signac_120,0,2.6047505485848887e-08
1a_full,micro,120,AVAXUSDT,signac_120_xrank,0,0.0
1a_full,micro,120,AVAXUSDT,sflow_120,0,0.0
1a_full,micro,120,AVAXUSDT,sflow_120_xrank,0,0.0
1a_full,micro,120,AVAXUSDT,rskew_480,0,1.572794339210759e-08
1a_full,micro,120,AVAXUSDT,rskew_480_xrank,0,0.0
1a_full,micro,120,AVAXUSDT,rkurt_480,0,7.423936665418296e-08
1a_full,micro,120,AVAXUSDT,rkurt_480_xrank,0,0.0
1a_full,micro,120,AVAXUSDT,roll_480,0,0.0
1a_full,micro,120,AVAXUSDT,roll_480_xrank,0,0.0
1a_full,micro,120,AVAXUSDT,amihud_480,0,0.0
1a_full,micro,120,AVAXUSDT,amihud_480_xrank,0,0.0
1a_full,micro,120,AVAXUSDT,kyle_480,0,0.0
1a_full,micro,120,AVAXUSDT,kyle_480_xrank,0,0.0
1a_full,micro,120,AVAXUSDT,vpin_480,0,0.0
1a_full,micro,120,AVAXUSDT,vpin_480_xrank,0,0.0
1a_full,micro,120,AVAXUSDT,jump_480,0,0.0
1a_full,micro,120,AVAXUSDT,jump_480_xrank,0,0.0
1a_full,micro,120,AVAXUSDT,vratio_480,0,0.0
1a_full,micro,120,AVAXUSDT,vratio_480_xrank,0,0.0
1a_full,micro,120,AVAXUSDT,cvd_slope_480,0,0.0
1a_full,micro,120,AVAXUSDT,cvd_slope_480_xrank,0,0.0
1a_full,micro,120,AVAXUSDT,signac_480,0,0.0
1a_full,micro,120,AVAXUSDT,signac_480_xrank,0,0.0
1a_full,micro,120,AVAXUSDT,sflow_480,0,0.0
1a_full,micro,120,AVAXUSDT,sflow_480_xrank,0,0.0
1a_full,cross,120,AVAXUSDT,own_ret_1,0,0.0
1a_full,cross,120,AVAXUSDT,btc_ret_1,0,0.0
1a_full,cross,120,AVAXUSDT,eth_ret_1,0,0.0
1a_full,cross,120,AVAXUSDT,mkt_ret_1,0,0.0
1a_full,cross,120,AVAXUSDT,breadth_1,0,0.0
1a_full,cross,120,AVAXUSDT,disp_1,0,0.0
1a_full,cross,120,AVAXUSDT,relstr_1,0,0.0
1a_full,cross,120,AVAXUSDT,rank_1,0,0.0
1a_full,cross,120,AVAXUSDT,btc_minus_own_1,0,0.0
1a_full,cross,120,AVAXUSDT,eth_minus_own_1,0,0.0
1a_full,cross,120,AVAXUSDT,own_ret_5,0,0.0
1a_full,cross,120,AVAXUSDT,btc_ret_5,0,0.0
1a_full,cross,120,AVAXUSDT,eth_ret_5,0,0.0
1a_full,cross,120,AVAXUSDT,mkt_ret_5,0,0.0
1a_full,cross,120,AVAXUSDT,breadth_5,0,0.0
1a_full,cross,120,AVAXUSDT,disp_5,0,0.0
1a_full,cross,120,AVAXUSDT,relstr_5,0,0.0
1a_full,cross,120,AVAXUSDT,rank_5,0,0.0
1a_full,cross,120,AVAXUSDT,btc_minus_own_5,0,0.0
1a_full,cross,120,AVAXUSDT,eth_minus_own_5,0,0.0
1a_full,cross,120,AVAXUSDT,own_ret_15,0,0.0
1a_full,cross,120,AVAXUSDT,btc_ret_15,0,0.0
1a_full,cross,120,AVAXUSDT,eth_ret_15,0,0.0
1a_full,cross,120,AVAXUSDT,mkt_ret_15,0,0.0
1a_full,cross,120,AVAXUSDT,breadth_15,0,0.0
1a_full,cross,120,AVAXUSDT,disp_15,0,0.0
1a_full,cross,120,AVAXUSDT,relstr_15,0,0.0
1a_full,cross,120,AVAXUSDT,rank_15,0,0.0
1a_full,cross,120,AVAXUSDT,btc_minus_own_15,0,0.0
1a_full,cross,120,AVAXUSDT,eth_minus_own_15,0,0.0
1a_full,cross,120,AVAXUSDT,own_ret_30,0,0.0
1a_full,cross,120,AVAXUSDT,btc_ret_30,0,0.0
1a_full,cross,120,AVAXUSDT,eth_ret_30,0,0.0
1a_full,cross,120,AVAXUSDT,mkt_ret_30,0,0.0
1a_full,cross,120,AVAXUSDT,breadth_30,0,0.0
1a_full,cross,120,AVAXUSDT,disp_30,0,0.0
1a_full,cross,120,AVAXUSDT,relstr_30,0,0.0
1a_full,cross,120,AVAXUSDT,rank_30,0,0.0
1a_full,cross,120,AVAXUSDT,btc_minus_own_30,0,0.0
1a_full,cross,120,AVAXUSDT,eth_minus_own_30,0,0.0
1a_full,cross,120,AVAXUSDT,own_ret_60,0,0.0
1a_full,cross,120,AVAXUSDT,btc_ret_60,0,0.0
1a_full,cross,120,AVAXUSDT,eth_ret_60,0,0.0
1a_full,cross,120,AVAXUSDT,mkt_ret_60,0,0.0
1a_full,cross,120,AVAXUSDT,breadth_60,0,0.0
1a_full,cross,120,AVAXUSDT,disp_60,0,0.0
1a_full,cross,120,AVAXUSDT,relstr_60,0,0.0
1a_full,cross,120,AVAXUSDT,rank_60,0,0.0
1a_full,cross,120,AVAXUSDT,btc_minus_own_60,0,0.0
1a_full,cross,120,AVAXUSDT,eth_minus_own_60,0,0.0
1a_full,cross,120,AVAXUSDT,own_ret_180,0,0.0
1a_full,cross,120,AVAXUSDT,btc_ret_180,0,0.0
1a_full,cross,120,AVAXUSDT,eth_ret_180,0,0.0
1a_full,cross,120,AVAXUSDT,mkt_ret_180,0,0.0
1a_full,cross,120,AVAXUSDT,breadth_180,0,0.0
1a_full,cross,120,AVAXUSDT,disp_180,0,0.0
1a_full,cross,120,AVAXUSDT,relstr_180,0,0.0
1a_full,cross,120,AVAXUSDT,rank_180,0,0.0
1a_full,cross,120,AVAXUSDT,btc_minus_own_180,0,0.0
1a_full,cross,120,AVAXUSDT,eth_minus_own_180,0,0.0
1a_full,cross,120,AVAXUSDT,own_ret_360,0,0.0
1a_full,cross,120,AVAXUSDT,btc_ret_360,0,0.0
1a_full,cross,120,AVAXUSDT,eth_ret_360,0,0.0
1a_full,cross,120,AVAXUSDT,mkt_ret_360,0,0.0
1a_full,cross,120,AVAXUSDT,breadth_360,0,0.0
1a_full,cross,120,AVAXUSDT,disp_360,0,0.0
1a_full,cross,120,AVAXUSDT,relstr_360,0,0.0
1a_full,cross,120,AVAXUSDT,rank_360,0,0.0
1a_full,cross,120,AVAXUSDT,btc_minus_own_360,0,0.0
1a_full,cross,120,AVAXUSDT,eth_minus_own_360,0,0.0
1a_full,cross,120,AVAXUSDT,own_ret_720,0,0.0
1a_full,cross,120,AVAXUSDT,btc_ret_720,0,0.0
1a_full,cross,120,AVAXUSDT,eth_ret_720,0,0.0
1a_full,cross,120,AVAXUSDT,mkt_ret_720,0,0.0
1a_full,cross,120,AVAXUSDT,breadth_720,0,0.0
1a_full,cross,120,AVAXUSDT,disp_720,0,0.0
1a_full,cross,120,AVAXUSDT,relstr_720,0,0.0
1a_full,cross,120,AVAXUSDT,rank_720,0,0.0
1a_full,cross,120,AVAXUSDT,btc_minus_own_720,0,0.0
1a_full,cross,120,AVAXUSDT,eth_minus_own_720,0,0.0
1a_full,cross,120,AVAXUSDT,own_ret_1440,0,0.0
1a_full,cross,120,AVAXUSDT,btc_ret_1440,0,0.0
1a_full,cross,120,AVAXUSDT,eth_ret_1440,0,0.0
1a_full,cross,120,AVAXUSDT,mkt_ret_1440,0,0.0
1a_full,cross,120,AVAXUSDT,breadth_1440,0,0.0
1a_full,cross,120,AVAXUSDT,disp_1440,0,0.0
1a_full,cross,120,AVAXUSDT,relstr_1440,0,0.0
1a_full,cross,120,AVAXUSDT,rank_1440,0,0.0
1a_full,cross,120,AVAXUSDT,btc_minus_own_1440,0,0.0
1a_full,cross,120,AVAXUSDT,eth_minus_own_1440,0,0.0
1a_full,micro,120,BNBUSDT,rskew_30,0,9.145680657240973e-09
1a_full,micro,120,BNBUSDT,rskew_30_xrank,0,0.0
1a_full,micro,120,BNBUSDT,rkurt_30,0,3.029580739166704e-06
1a_full,micro,120,BNBUSDT,rkurt_30_xrank,0,0.0
1a_full,micro,120,BNBUSDT,roll_30,0,0.0
1a_full,micro,120,BNBUSDT,roll_30_xrank,0,0.0
1a_full,micro,120,BNBUSDT,amihud_30,0,0.0
1a_full,micro,120,BNBUSDT,amihud_30_xrank,0,0.0
1a_full,micro,120,BNBUSDT,kyle_30,0,1.0967905694769797e-07
1a_full,micro,120,BNBUSDT,kyle_30_xrank,0,0.0
1a_full,micro,120,BNBUSDT,vpin_30,0,0.0
1a_full,micro,120,BNBUSDT,vpin_30_xrank,0,0.0
1a_full,micro,120,BNBUSDT,jump_30,0,1.4931111902427574e-09
1a_full,micro,120,BNBUSDT,jump_30_xrank,0,0.0
1a_full,micro,120,BNBUSDT,vratio_30,0,0.0
1a_full,micro,120,BNBUSDT,vratio_30_xrank,0,0.0
1a_full,micro,120,BNBUSDT,cvd_slope_30,0,0.0
1a_full,micro,120,BNBUSDT,cvd_slope_30_xrank,0,0.0
1a_full,micro,120,BNBUSDT,signac_30,0,0.0
1a_full,micro,120,BNBUSDT,signac_30_xrank,0,0.0
1a_full,micro,120,BNBUSDT,sflow_30,0,0.0
1a_full,micro,120,BNBUSDT,sflow_30_xrank,0,0.0
1a_full,micro,120,BNBUSDT,rskew_120,0,1.6558077131634263e-09
1a_full,micro,120,BNBUSDT,rskew_120_xrank,0,0.0
1a_full,micro,120,BNBUSDT,rkurt_120,0,8.28935213803561e-08
1a_full,micro,120,BNBUSDT,rkurt_120_xrank,0,0.0
1a_full,micro,120,BNBUSDT,roll_120,0,0.0
1a_full,micro,120,BNBUSDT,roll_120_xrank,0,0.0
1a_full,micro,120,BNBUSDT,amihud_120,0,0.0
1a_full,micro,120,BNBUSDT,amihud_120_xrank,0,0.0
1a_full,micro,120,BNBUSDT,kyle_120,0,0.0
1a_full,micro,120,BNBUSDT,kyle_120_xrank,0,0.0
1a_full,micro,120,BNBUSDT,vpin_120,0,0.0
1a_full,micro,120,BNBUSDT,vpin_120_xrank,0,0.0
1a_full,micro,120,BNBUSDT,jump_120,0,7.628832676687125e-09
1a_full,micro,120,BNBUSDT,jump_120_xrank,0,0.0
1a_full,micro,120,BNBUSDT,vratio_120,0,0.0
1a_full,micro,120,BNBUSDT,vratio_120_xrank,0,0.0
1a_full,micro,120,BNBUSDT,cvd_slope_120,0,0.0
1a_full,micro,120,BNBUSDT,cvd_slope_120_xrank,0,0.0
1a_full,micro,120,BNBUSDT,signac_120,0,0.0
1a_full,micro,120,BNBUSDT,signac_120_xrank,0,0.0
1a_full,micro,120,BNBUSDT,sflow_120,0,0.0
1a_full,micro,120,BNBUSDT,sflow_120_xrank,0,0.0
1a_full,micro,120,BNBUSDT,rskew_480,0,0.0
1a_full,micro,120,BNBUSDT,rskew_480_xrank,0,0.0
1a_full,micro,120,BNBUSDT,rkurt_480,0,3.69226675900336e-08
1a_full,micro,120,BNBUSDT,rkurt_480_xrank,0,0.0
1a_full,micro,120,BNBUSDT,roll_480,0,0.0
1a_full,micro,120,BNBUSDT,roll_480_xrank,0,0.0
1a_full,micro,120,BNBUSDT,amihud_480,0,0.0
1a_full,micro,120,BNBUSDT,amihud_480_xrank,0,0.0
1a_full,micro,120,BNBUSDT,kyle_480,0,0.0
1a_full,micro,120,BNBUSDT,kyle_480_xrank,0,0.0
1a_full,micro,120,BNBUSDT,vpin_480,0,0.0
1a_full,micro,120,BNBUSDT,vpin_480_xrank,0,0.0
1a_full,micro,120,BNBUSDT,jump_480,0,1.8577028804145357e-09
1a_full,micro,120,BNBUSDT,jump_480_xrank,0,0.0
1a_full,micro,120,BNBUSDT,vratio_480,0,0.0
1a_full,micro,120,BNBUSDT,vratio_480_xrank,0,0.0
1a_full,micro,120,BNBUSDT,cvd_slope_480,0,0.0
1a_full,micro,120,BNBUSDT,cvd_slope_480_xrank,0,0.0
1a_full,micro,120,BNBUSDT,signac_480,0,0.0
1a_full,micro,120,BNBUSDT,signac_480_xrank,0,0.0
1a_full,micro,120,BNBUSDT,sflow_480,0,0.0
1a_full,micro,120,BNBUSDT,sflow_480_xrank,0,0.0
1a_full,cross,120,BNBUSDT,own_ret_1,0,0.0
1a_full,cross,120,BNBUSDT,btc_ret_1,0,0.0
1a_full,cross,120,BNBUSDT,eth_ret_1,0,0.0
1a_full,cross,120,BNBUSDT,mkt_ret_1,0,0.0
1a_full,cross,120,BNBUSDT,breadth_1,0,0.0
1a_full,cross,120,BNBUSDT,disp_1,0,0.0
1a_full,cross,120,BNBUSDT,relstr_1,0,0.0
1a_full,cross,120,BNBUSDT,rank_1,0,0.0
1a_full,cross,120,BNBUSDT,btc_minus_own_1,0,0.0
1a_full,cross,120,BNBUSDT,eth_minus_own_1,0,0.0
1a_full,cross,120,BNBUSDT,own_ret_5,0,0.0
1a_full,cross,120,BNBUSDT,btc_ret_5,0,0.0
1a_full,cross,120,BNBUSDT,eth_ret_5,0,0.0
1a_full,cross,120,BNBUSDT,mkt_ret_5,0,0.0
1a_full,cross,120,BNBUSDT,breadth_5,0,0.0
1a_full,cross,120,BNBUSDT,disp_5,0,0.0
1a_full,cross,120,BNBUSDT,relstr_5,0,0.0
1a_full,cross,120,BNBUSDT,rank_5,0,0.0
1a_full,cross,120,BNBUSDT,btc_minus_own_5,0,0.0
1a_full,cross,120,BNBUSDT,eth_minus_own_5,0,0.0
1a_full,cross,120,BNBUSDT,own_ret_15,0,0.0
1a_full,cross,120,BNBUSDT,btc_ret_15,0,0.0
1a_full,cross,120,BNBUSDT,eth_ret_15,0,0.0
1a_full,cross,120,BNBUSDT,mkt_ret_15,0,0.0
1a_full,cross,120,BNBUSDT,breadth_15,0,0.0
1a_full,cross,120,BNBUSDT,disp_15,0,0.0
1a_full,cross,120,BNBUSDT,relstr_15,0,0.0
1a_full,cross,120,BNBUSDT,rank_15,0,0.0
1a_full,cross,120,BNBUSDT,btc_minus_own_15,0,0.0
1a_full,cross,120,BNBUSDT,eth_minus_own_15,0,0.0
1a_full,cross,120,BNBUSDT,own_ret_30,0,0.0
1a_full,cross,120,BNBUSDT,btc_ret_30,0,0.0
1a_full,cross,120,BNBUSDT,eth_ret_30,0,0.0
1a_full,cross,120,BNBUSDT,mkt_ret_30,0,0.0
1a_full,cross,120,BNBUSDT,breadth_30,0,0.0
1a_full,cross,120,BNBUSDT,disp_30,0,0.0
1a_full,cross,120,BNBUSDT,relstr_30,0,0.0
1a_full,cross,120,BNBUSDT,rank_30,0,0.0
1a_full,cross,120,BNBUSDT,btc_minus_own_30,0,0.0
1a_full,cross,120,BNBUSDT,eth_minus_own_30,0,0.0
1a_full,cross,120,BNBUSDT,own_ret_60,0,0.0
1a_full,cross,120,BNBUSDT,btc_ret_60,0,0.0
1a_full,cross,120,BNBUSDT,eth_ret_60,0,0.0
1a_full,cross,120,BNBUSDT,mkt_ret_60,0,0.0
1a_full,cross,120,BNBUSDT,breadth_60,0,0.0
1a_full,cross,120,BNBUSDT,disp_60,0,0.0
1a_full,cross,120,BNBUSDT,relstr_60,0,0.0
1a_full,cross,120,BNBUSDT,rank_60,0,0.0
1a_full,cross,120,BNBUSDT,btc_minus_own_60,0,0.0
1a_full,cross,120,BNBUSDT,eth_minus_own_60,0,0.0
1a_full,cross,120,BNBUSDT,own_ret_180,0,0.0
1a_full,cross,120,BNBUSDT,btc_ret_180,0,0.0
1a_full,cross,120,BNBUSDT,eth_ret_180,0,0.0
1a_full,cross,120,BNBUSDT,mkt_ret_180,0,0.0
1a_full,cross,120,BNBUSDT,breadth_180,0,0.0
1a_full,cross,120,BNBUSDT,disp_180,0,0.0
1a_full,cross,120,BNBUSDT,relstr_180,0,0.0
1a_full,cross,120,BNBUSDT,rank_180,0,0.0
1a_full,cross,120,BNBUSDT,btc_minus_own_180,0,0.0
1a_full,cross,120,BNBUSDT,eth_minus_own_180,0,0.0
1a_full,cross,120,BNBUSDT,own_ret_360,0,0.0
1a_full,cross,120,BNBUSDT,btc_ret_360,0,0.0
1a_full,cross,120,BNBUSDT,eth_ret_360,0,0.0
1a_full,cross,120,BNBUSDT,mkt_ret_360,0,0.0
1a_full,cross,120,BNBUSDT,breadth_360,0,0.0
1a_full,cross,120,BNBUSDT,disp_360,0,0.0
1a_full,cross,120,BNBUSDT,relstr_360,0,0.0
1a_full,cross,120,BNBUSDT,rank_360,0,0.0
1a_full,cross,120,BNBUSDT,btc_minus_own_360,0,0.0
1a_full,cross,120,BNBUSDT,eth_minus_own_360,0,0.0
1a_full,cross,120,BNBUSDT,own_ret_720,0,0.0
1a_full,cross,120,BNBUSDT,btc_ret_720,0,0.0
1a_full,cross,120,BNBUSDT,eth_ret_720,0,0.0
1a_full,cross,120,BNBUSDT,mkt_ret_720,0,0.0
1a_full,cross,120,BNBUSDT,breadth_720,0,0.0
1a_full,cross,120,BNBUSDT,disp_720,0,0.0
1a_full,cross,120,BNBUSDT,relstr_720,0,0.0
1a_full,cross,120,BNBUSDT,rank_720,0,0.0
1a_full,cross,120,BNBUSDT,btc_minus_own_720,0,0.0
1a_full,cross,120,BNBUSDT,eth_minus_own_720,0,0.0
1a_full,cross,120,BNBUSDT,own_ret_1440,0,0.0
1a_full,cross,120,BNBUSDT,btc_ret_1440,0,0.0
1a_full,cross,120,BNBUSDT,eth_ret_1440,0,0.0
1a_full,cross,120,BNBUSDT,mkt_ret_1440,0,0.0
1a_full,cross,120,BNBUSDT,breadth_1440,0,0.0
1a_full,cross,120,BNBUSDT,disp_1440,0,0.0
1a_full,cross,120,BNBUSDT,relstr_1440,0,0.0
1a_full,cross,120,BNBUSDT,rank_1440,0,0.0
1a_full,cross,120,BNBUSDT,btc_minus_own_1440,0,0.0
1a_full,cross,120,BNBUSDT,eth_minus_own_1440,0,0.0
1a_full,micro,120,BTCUSDT,rskew_30,0,6.09874789558873e-11
1a_full,micro,120,BTCUSDT,rskew_30_xrank,0,0.0
1a_full,micro,120,BTCUSDT,rkurt_30,0,7.755464253023092e-07
1a_full,micro,120,BTCUSDT,rkurt_30_xrank,0,0.0
1a_full,micro,120,BTCUSDT,roll_30,0,0.0
1a_full,micro,120,BTCUSDT,roll_30_xrank,0,0.0
1a_full,micro,120,BTCUSDT,amihud_30,0,0.0
1a_full,micro,120,BTCUSDT,amihud_30_xrank,0,0.0
1a_full,micro,120,BTCUSDT,kyle_30,0,0.0
1a_full,micro,120,BTCUSDT,kyle_30_xrank,0,0.0
1a_full,micro,120,BTCUSDT,vpin_30,0,0.0
1a_full,micro,120,BTCUSDT,vpin_30_xrank,0,0.0
1a_full,micro,120,BTCUSDT,jump_30,0,8.471840118318141e-09
1a_full,micro,120,BTCUSDT,jump_30_xrank,0,0.0
1a_full,micro,120,BTCUSDT,vratio_30,0,0.0
1a_full,micro,120,BTCUSDT,vratio_30_xrank,0,0.0
1a_full,micro,120,BTCUSDT,cvd_slope_30,0,0.0
1a_full,micro,120,BTCUSDT,cvd_slope_30_xrank,0,0.0
1a_full,micro,120,BTCUSDT,signac_30,0,0.0
1a_full,micro,120,BTCUSDT,signac_30_xrank,0,0.0
1a_full,micro,120,BTCUSDT,sflow_30,0,0.0
1a_full,micro,120,BTCUSDT,sflow_30_xrank,0,0.0
1a_full,micro,120,BTCUSDT,rskew_120,0,0.0
1a_full,micro,120,BTCUSDT,rskew_120_xrank,0,0.0
1a_full,micro,120,BTCUSDT,rkurt_120,0,4.34491642664625e-09
1a_full,micro,120,BTCUSDT,rkurt_120_xrank,0,0.0
1a_full,micro,120,BTCUSDT,roll_120,0,0.0
1a_full,micro,120,BTCUSDT,roll_120_xrank,0,0.0
1a_full,micro,120,BTCUSDT,amihud_120,0,5.386616308555858e-08
1a_full,micro,120,BTCUSDT,amihud_120_xrank,0,0.0
1a_full,micro,120,BTCUSDT,kyle_120,0,0.0
1a_full,micro,120,BTCUSDT,kyle_120_xrank,0,0.0
1a_full,micro,120,BTCUSDT,vpin_120,0,0.0
1a_full,micro,120,BTCUSDT,vpin_120_xrank,0,0.0
1a_full,micro,120,BTCUSDT,jump_120,0,7.26527449312897e-10
1a_full,micro,120,BTCUSDT,jump_120_xrank,0,0.0
1a_full,micro,120,BTCUSDT,vratio_120,0,0.0
1a_full,micro,120,BTCUSDT,vratio_120_xrank,0,0.0
1a_full,micro,120,BTCUSDT,cvd_slope_120,0,0.0
1a_full,micro,120,BTCUSDT,cvd_slope_120_xrank,0,0.0
1a_full,micro,120,BTCUSDT,signac_120,0,0.0
1a_full,micro,120,BTCUSDT,signac_120_xrank,0,0.0
1a_full,micro,120,BTCUSDT,sflow_120,0,0.0
1a_full,micro,120,BTCUSDT,sflow_120_xrank,0,0.0
1a_full,micro,120,BTCUSDT,rskew_480,0,0.0
1a_full,micro,120,BTCUSDT,rskew_480_xrank,0,0.0
1a_full,micro,120,BTCUSDT,rkurt_480,0,0.0
1a_full,micro,120,BTCUSDT,rkurt_480_xrank,0,0.0
1a_full,micro,120,BTCUSDT,roll_480,0,0.0
1a_full,micro,120,BTCUSDT,roll_480_xrank,0,0.0
1a_full,micro,120,BTCUSDT,amihud_480,0,0.0
1a_full,micro,120,BTCUSDT,amihud_480_xrank,0,0.0
1a_full,micro,120,BTCUSDT,kyle_480,0,0.0
1a_full,micro,120,BTCUSDT,kyle_480_xrank,0,0.0
1a_full,micro,120,BTCUSDT,vpin_480,0,0.0
1a_full,micro,120,BTCUSDT,vpin_480_xrank,0,0.0
1a_full,micro,120,BTCUSDT,jump_480,0,0.0
1a_full,micro,120,BTCUSDT,jump_480_xrank,0,0.0
1a_full,micro,120,BTCUSDT,vratio_480,0,0.0
1a_full,micro,120,BTCUSDT,vratio_480_xrank,0,0.0
1a_full,micro,120,BTCUSDT,cvd_slope_480,0,0.0
1a_full,micro,120,BTCUSDT,cvd_slope_480_xrank,0,0.0
1a_full,micro,120,BTCUSDT,signac_480,0,0.0
1a_full,micro,120,BTCUSDT,signac_480_xrank,0,0.0
1a_full,micro,120,BTCUSDT,sflow_480,0,0.0
1a_full,micro,120,BTCUSDT,sflow_480_xrank,0,0.0
1a_full,cross,120,BTCUSDT,own_ret_1,0,0.0
1a_full,cross,120,BTCUSDT,btc_ret_1,0,0.0
1a_full,cross,120,BTCUSDT,eth_ret_1,0,0.0
1a_full,cross,120,BTCUSDT,mkt_ret_1,0,0.0
1a_full,cross,120,BTCUSDT,breadth_1,0,0.0
1a_full,cross,120,BTCUSDT,disp_1,0,0.0
1a_full,cross,120,BTCUSDT,relstr_1,0,0.0
1a_full,cross,120,BTCUSDT,rank_1,0,0.0
1a_full,cross,120,BTCUSDT,btc_minus_own_1,0,0.0
1a_full,cross,120,BTCUSDT,eth_minus_own_1,0,0.0
1a_full,cross,120,BTCUSDT,own_ret_5,0,0.0
1a_full,cross,120,BTCUSDT,btc_ret_5,0,0.0
1a_full,cross,120,BTCUSDT,eth_ret_5,0,0.0
1a_full,cross,120,BTCUSDT,mkt_ret_5,0,0.0
1a_full,cross,120,BTCUSDT,breadth_5,0,0.0
1a_full,cross,120,BTCUSDT,disp_5,0,0.0
1a_full,cross,120,BTCUSDT,relstr_5,0,0.0
1a_full,cross,120,BTCUSDT,rank_5,0,0.0
1a_full,cross,120,BTCUSDT,btc_minus_own_5,0,0.0
1a_full,cross,120,BTCUSDT,eth_minus_own_5,0,0.0
1a_full,cross,120,BTCUSDT,own_ret_15,0,0.0
1a_full,cross,120,BTCUSDT,btc_ret_15,0,0.0
1a_full,cross,120,BTCUSDT,eth_ret_15,0,0.0
1a_full,cross,120,BTCUSDT,mkt_ret_15,0,0.0
1a_full,cross,120,BTCUSDT,breadth_15,0,0.0
1a_full,cross,120,BTCUSDT,disp_15,0,0.0
1a_full,cross,120,BTCUSDT,relstr_15,0,0.0
1a_full,cross,120,BTCUSDT,rank_15,0,0.0
1a_full,cross,120,BTCUSDT,btc_minus_own_15,0,0.0
1a_full,cross,120,BTCUSDT,eth_minus_own_15,0,0.0
1a_full,cross,120,BTCUSDT,own_ret_30,0,0.0
1a_full,cross,120,BTCUSDT,btc_ret_30,0,0.0
1a_full,cross,120,BTCUSDT,eth_ret_30,0,0.0
1a_full,cross,120,BTCUSDT,mkt_ret_30,0,0.0
1a_full,cross,120,BTCUSDT,breadth_30,0,0.0
1a_full,cross,120,BTCUSDT,disp_30,0,0.0
1a_full,cross,120,BTCUSDT,relstr_30,0,0.0
1a_full,cross,120,BTCUSDT,rank_30,0,0.0
1a_full,cross,120,BTCUSDT,btc_minus_own_30,0,0.0
1a_full,cross,120,BTCUSDT,eth_minus_own_30,0,0.0
1a_full,cross,120,BTCUSDT,own_ret_60,0,0.0
1a_full,cross,120,BTCUSDT,btc_ret_60,0,0.0
1a_full,cross,120,BTCUSDT,eth_ret_60,0,0.0
1a_full,cross,120,BTCUSDT,mkt_ret_60,0,0.0
1a_full,cross,120,BTCUSDT,breadth_60,0,0.0
1a_full,cross,120,BTCUSDT,disp_60,0,0.0
1a_full,cross,120,BTCUSDT,relstr_60,0,0.0
1a_full,cross,120,BTCUSDT,rank_60,0,0.0
1a_full,cross,120,BTCUSDT,btc_minus_own_60,0,0.0
1a_full,cross,120,BTCUSDT,eth_minus_own_60,0,0.0
1a_full,cross,120,BTCUSDT,own_ret_180,0,0.0
1a_full,cross,120,BTCUSDT,btc_ret_180,0,0.0
1a_full,cross,120,BTCUSDT,eth_ret_180,0,0.0
1a_full,cross,120,BTCUSDT,mkt_ret_180,0,0.0
1a_full,cross,120,BTCUSDT,breadth_180,0,0.0
1a_full,cross,120,BTCUSDT,disp_180,0,0.0
1a_full,cross,120,BTCUSDT,relstr_180,0,0.0
1a_full,cross,120,BTCUSDT,rank_180,0,0.0
1a_full,cross,120,BTCUSDT,btc_minus_own_180,0,0.0
1a_full,cross,120,BTCUSDT,eth_minus_own_180,0,0.0
1a_full,cross,120,BTCUSDT,own_ret_360,0,0.0
1a_full,cross,120,BTCUSDT,btc_ret_360,0,0.0
1a_full,cross,120,BTCUSDT,eth_ret_360,0,0.0
1a_full,cross,120,BTCUSDT,mkt_ret_360,0,0.0
1a_full,cross,120,BTCUSDT,breadth_360,0,0.0
1a_full,cross,120,BTCUSDT,disp_360,0,0.0
1a_full,cross,120,BTCUSDT,relstr_360,0,0.0
1a_full,cross,120,BTCUSDT,rank_360,0,0.0
1a_full,cross,120,BTCUSDT,btc_minus_own_360,0,0.0
1a_full,cross,120,BTCUSDT,eth_minus_own_360,0,0.0
1a_full,cross,120,BTCUSDT,own_ret_720,0,0.0
1a_full,cross,120,BTCUSDT,btc_ret_720,0,0.0
1a_full,cross,120,BTCUSDT,eth_ret_720,0,0.0
1a_full,cross,120,BTCUSDT,mkt_ret_720,0,0.0
1a_full,cross,120,BTCUSDT,breadth_720,0,0.0
1a_full,cross,120,BTCUSDT,disp_720,0,0.0
1a_full,cross,120,BTCUSDT,relstr_720,0,0.0
1a_full,cross,120,BTCUSDT,rank_720,0,0.0
1a_full,cross,120,BTCUSDT,btc_minus_own_720,0,0.0
1a_full,cross,120,BTCUSDT,eth_minus_own_720,0,0.0
1a_full,cross,120,BTCUSDT,own_ret_1440,0,0.0
1a_full,cross,120,BTCUSDT,btc_ret_1440,0,0.0
1a_full,cross,120,BTCUSDT,eth_ret_1440,0,0.0
1a_full,cross,120,BTCUSDT,mkt_ret_1440,0,0.0
1a_full,cross,120,BTCUSDT,breadth_1440,0,0.0
1a_full,cross,120,BTCUSDT,disp_1440,0,0.0
1a_full,cross,120,BTCUSDT,relstr_1440,0,0.0
1a_full,cross,120,BTCUSDT,rank_1440,0,0.0
1a_full,cross,120,BTCUSDT,btc_minus_own_1440,0,0.0
1a_full,cross,120,BTCUSDT,eth_minus_own_1440,0,0.0
1a_full,micro,120,DOGEUSDT,rskew_30,0,8.122739814098168e-09
1a_full,micro,120,DOGEUSDT,rskew_30_xrank,0,0.0
1a_full,micro,120,DOGEUSDT,rkurt_30,0,1.6043906043705647e-06
1a_full,micro,120,DOGEUSDT,rkurt_30_xrank,0,0.0
1a_full,micro,120,DOGEUSDT,roll_30,0,0.0
1a_full,micro,120,DOGEUSDT,roll_30_xrank,0,0.0
1a_full,micro,120,DOGEUSDT,amihud_30,0,0.0
1a_full,micro,120,DOGEUSDT,amihud_30_xrank,0,0.0
1a_full,micro,120,DOGEUSDT,kyle_30,0,1.9613523249972786e-08
1a_full,micro,120,DOGEUSDT,kyle_30_xrank,0,0.0
1a_full,micro,120,DOGEUSDT,vpin_30,0,5.069060549089954e-08
1a_full,micro,120,DOGEUSDT,vpin_30_xrank,0,0.0
1a_full,micro,120,DOGEUSDT,jump_30,0,7.73671704479284e-09
1a_full,micro,120,DOGEUSDT,jump_30_xrank,0,0.0
1a_full,micro,120,DOGEUSDT,vratio_30,0,6.692965826005093e-08
1a_full,micro,120,DOGEUSDT,vratio_30_xrank,0,0.0
1a_full,micro,120,DOGEUSDT,cvd_slope_30,0,0.0
1a_full,micro,120,DOGEUSDT,cvd_slope_30_xrank,0,0.0
1a_full,micro,120,DOGEUSDT,signac_30,0,0.0
1a_full,micro,120,DOGEUSDT,signac_30_xrank,0,0.0
1a_full,micro,120,DOGEUSDT,sflow_30,0,0.0
1a_full,micro,120,DOGEUSDT,sflow_30_xrank,0,0.0
1a_full,micro,120,DOGEUSDT,rskew_120,0,5.6442357454500325e-09
1a_full,micro,120,DOGEUSDT,rskew_120_xrank,0,0.0
1a_full,micro,120,DOGEUSDT,rkurt_120,0,8.440552790034417e-08
1a_full,micro,120,DOGEUSDT,rkurt_120_xrank,0,0.0
1a_full,micro,120,DOGEUSDT,roll_120,0,0.0
1a_full,micro,120,DOGEUSDT,roll_120_xrank,0,0.0
1a_full,micro,120,DOGEUSDT,amihud_120,0,0.0
1a_full,micro,120,DOGEUSDT,amihud_120_xrank,0,0.0
1a_full,micro,120,DOGEUSDT,kyle_120,0,0.0
1a_full,micro,120,DOGEUSDT,kyle_120_xrank,0,0.0
1a_full,micro,120,DOGEUSDT,vpin_120,0,0.0
1a_full,micro,120,DOGEUSDT,vpin_120_xrank,0,0.0
1a_full,micro,120,DOGEUSDT,jump_120,0,1.4853458463193192e-09
1a_full,micro,120,DOGEUSDT,jump_120_xrank,0,0.0
1a_full,micro,120,DOGEUSDT,vratio_120,0,0.0
1a_full,micro,120,DOGEUSDT,vratio_120_xrank,0,0.0
1a_full,micro,120,DOGEUSDT,cvd_slope_120,0,0.0
1a_full,micro,120,DOGEUSDT,cvd_slope_120_xrank,0,0.0
1a_full,micro,120,DOGEUSDT,signac_120,0,0.0
1a_full,micro,120,DOGEUSDT,signac_120_xrank,0,0.0
1a_full,micro,120,DOGEUSDT,sflow_120,0,0.0
1a_full,micro,120,DOGEUSDT,sflow_120_xrank,0,0.0
1a_full,micro,120,DOGEUSDT,rskew_480,0,0.0
1a_full,micro,120,DOGEUSDT,rskew_480_xrank,0,0.0
1a_full,micro,120,DOGEUSDT,rkurt_480,0,5.670656477718694e-08
1a_full,micro,120,DOGEUSDT,rkurt_480_xrank,0,0.0
1a_full,micro,120,DOGEUSDT,roll_480,0,0.0
1a_full,micro,120,DOGEUSDT,roll_480_xrank,0,0.0
1a_full,micro,120,DOGEUSDT,amihud_480,0,0.0
1a_full,micro,120,DOGEUSDT,amihud_480_xrank,0,0.0
1a_full,micro,120,DOGEUSDT,kyle_480,0,0.0
1a_full,micro,120,DOGEUSDT,kyle_480_xrank,0,0.0
1a_full,micro,120,DOGEUSDT,vpin_480,0,0.0
1a_full,micro,120,DOGEUSDT,vpin_480_xrank,0,0.0
1a_full,micro,120,DOGEUSDT,jump_480,0,2.0712819903678792e-08
1a_full,micro,120,DOGEUSDT,jump_480_xrank,0,0.0
1a_full,micro,120,DOGEUSDT,vratio_480,0,0.0
1a_full,micro,120,DOGEUSDT,vratio_480_xrank,0,0.0
1a_full,micro,120,DOGEUSDT,cvd_slope_480,0,0.0
1a_full,micro,120,DOGEUSDT,cvd_slope_480_xrank,0,0.0
1a_full,micro,120,DOGEUSDT,signac_480,0,0.0
1a_full,micro,120,DOGEUSDT,signac_480_xrank,0,0.0
1a_full,micro,120,DOGEUSDT,sflow_480,0,0.0
1a_full,micro,120,DOGEUSDT,sflow_480_xrank,0,0.0
1a_full,cross,120,DOGEUSDT,own_ret_1,0,0.0
1a_full,cross,120,DOGEUSDT,btc_ret_1,0,0.0
1a_full,cross,120,DOGEUSDT,eth_ret_1,0,0.0
1a_full,cross,120,DOGEUSDT,mkt_ret_1,0,0.0
1a_full,cross,120,DOGEUSDT,breadth_1,0,0.0
1a_full,cross,120,DOGEUSDT,disp_1,0,0.0
1a_full,cross,120,DOGEUSDT,relstr_1,0,0.0
1a_full,cross,120,DOGEUSDT,rank_1,0,0.0
1a_full,cross,120,DOGEUSDT,btc_minus_own_1,0,0.0
1a_full,cross,120,DOGEUSDT,eth_minus_own_1,0,0.0
1a_full,cross,120,DOGEUSDT,own_ret_5,0,0.0
1a_full,cross,120,DOGEUSDT,btc_ret_5,0,0.0
1a_full,cross,120,DOGEUSDT,eth_ret_5,0,0.0
1a_full,cross,120,DOGEUSDT,mkt_ret_5,0,0.0
1a_full,cross,120,DOGEUSDT,breadth_5,0,0.0
1a_full,cross,120,DOGEUSDT,disp_5,0,0.0
1a_full,cross,120,DOGEUSDT,relstr_5,0,0.0
1a_full,cross,120,DOGEUSDT,rank_5,0,0.0
1a_full,cross,120,DOGEUSDT,btc_minus_own_5,0,0.0
1a_full,cross,120,DOGEUSDT,eth_minus_own_5,0,0.0
1a_full,cross,120,DOGEUSDT,own_ret_15,0,0.0
1a_full,cross,120,DOGEUSDT,btc_ret_15,0,0.0
1a_full,cross,120,DOGEUSDT,eth_ret_15,0,0.0
1a_full,cross,120,DOGEUSDT,mkt_ret_15,0,0.0
1a_full,cross,120,DOGEUSDT,breadth_15,0,0.0
1a_full,cross,120,DOGEUSDT,disp_15,0,0.0
1a_full,cross,120,DOGEUSDT,relstr_15,0,0.0
1a_full,cross,120,DOGEUSDT,rank_15,0,0.0
1a_full,cross,120,DOGEUSDT,btc_minus_own_15,0,0.0
1a_full,cross,120,DOGEUSDT,eth_minus_own_15,0,0.0
1a_full,cross,120,DOGEUSDT,own_ret_30,0,0.0
1a_full,cross,120,DOGEUSDT,btc_ret_30,0,0.0
1a_full,cross,120,DOGEUSDT,eth_ret_30,0,0.0
1a_full,cross,120,DOGEUSDT,mkt_ret_30,0,0.0
1a_full,cross,120,DOGEUSDT,breadth_30,0,0.0
1a_full,cross,120,DOGEUSDT,disp_30,0,0.0
1a_full,cross,120,DOGEUSDT,relstr_30,0,0.0
1a_full,cross,120,DOGEUSDT,rank_30,0,0.0
1a_full,cross,120,DOGEUSDT,btc_minus_own_30,0,0.0
1a_full,cross,120,DOGEUSDT,eth_minus_own_30,0,0.0
1a_full,cross,120,DOGEUSDT,own_ret_60,0,0.0
1a_full,cross,120,DOGEUSDT,btc_ret_60,0,0.0
1a_full,cross,120,DOGEUSDT,eth_ret_60,0,0.0
1a_full,cross,120,DOGEUSDT,mkt_ret_60,0,0.0
1a_full,cross,120,DOGEUSDT,breadth_60,0,0.0
1a_full,cross,120,DOGEUSDT,disp_60,0,0.0
1a_full,cross,120,DOGEUSDT,relstr_60,0,0.0
1a_full,cross,120,DOGEUSDT,rank_60,0,0.0
1a_full,cross,120,DOGEUSDT,btc_minus_own_60,0,0.0
1a_full,cross,120,DOGEUSDT,eth_minus_own_60,0,0.0
1a_full,cross,120,DOGEUSDT,own_ret_180,0,0.0
1a_full,cross,120,DOGEUSDT,btc_ret_180,0,0.0
1a_full,cross,120,DOGEUSDT,eth_ret_180,0,0.0
1a_full,cross,120,DOGEUSDT,mkt_ret_180,0,0.0
1a_full,cross,120,DOGEUSDT,breadth_180,0,0.0
1a_full,cross,120,DOGEUSDT,disp_180,0,0.0
1a_full,cross,120,DOGEUSDT,relstr_180,0,0.0
1a_full,cross,120,DOGEUSDT,rank_180,0,0.0
1a_full,cross,120,DOGEUSDT,btc_minus_own_180,0,0.0
1a_full,cross,120,DOGEUSDT,eth_minus_own_180,0,0.0
1a_full,cross,120,DOGEUSDT,own_ret_360,0,0.0
1a_full,cross,120,DOGEUSDT,btc_ret_360,0,0.0
1a_full,cross,120,DOGEUSDT,eth_ret_360,0,0.0
1a_full,cross,120,DOGEUSDT,mkt_ret_360,0,0.0
1a_full,cross,120,DOGEUSDT,breadth_360,0,0.0
1a_full,cross,120,DOGEUSDT,disp_360,0,0.0
1a_full,cross,120,DOGEUSDT,relstr_360,0,0.0
1a_full,cross,120,DOGEUSDT,rank_360,0,0.0
1a_full,cross,120,DOGEUSDT,btc_minus_own_360,0,0.0
1a_full,cross,120,DOGEUSDT,eth_minus_own_360,0,0.0
1a_full,cross,120,DOGEUSDT,own_ret_720,0,0.0
1a_full,cross,120,DOGEUSDT,btc_ret_720,0,0.0
1a_full,cross,120,DOGEUSDT,eth_ret_720,0,0.0
1a_full,cross,120,DOGEUSDT,mkt_ret_720,0,0.0
1a_full,cross,120,DOGEUSDT,breadth_720,0,0.0
1a_full,cross,120,DOGEUSDT,disp_720,0,0.0
1a_full,cross,120,DOGEUSDT,relstr_720,0,0.0
1a_full,cross,120,DOGEUSDT,rank_720,0,0.0
1a_full,cross,120,DOGEUSDT,btc_minus_own_720,0,0.0
1a_full,cross,120,DOGEUSDT,eth_minus_own_720,0,0.0
1a_full,cross,120,DOGEUSDT,own_ret_1440,0,0.0
1a_full,cross,120,DOGEUSDT,btc_ret_1440,0,0.0
1a_full,cross,120,DOGEUSDT,eth_ret_1440,0,0.0
1a_full,cross,120,DOGEUSDT,mkt_ret_1440,0,0.0
1a_full,cross,120,DOGEUSDT,breadth_1440,0,0.0
1a_full,cross,120,DOGEUSDT,disp_1440,0,0.0
1a_full,cross,120,DOGEUSDT,relstr_1440,0,0.0
1a_full,cross,120,DOGEUSDT,rank_1440,0,0.0
1a_full,cross,120,DOGEUSDT,btc_minus_own_1440,0,0.0
1a_full,cross,120,DOGEUSDT,eth_minus_own_1440,0,0.0
1a_full,micro,120,DOTUSDT,rskew_30,0,9.831784275604605e-10
1a_full,micro,120,DOTUSDT,rskew_30_xrank,0,0.0
1a_full,micro,120,DOTUSDT,rkurt_30,0,1.7342703131362214e-06
1a_full,micro,120,DOTUSDT,rkurt_30_xrank,0,0.0
1a_full,micro,120,DOTUSDT,roll_30,0,0.0
1a_full,micro,120,DOTUSDT,roll_30_xrank,0,0.0
1a_full,micro,120,DOTUSDT,amihud_30,0,0.0
1a_full,micro,120,DOTUSDT,amihud_30_xrank,0,0.0
1a_full,micro,120,DOTUSDT,kyle_30,0,6.075189418197624e-08
1a_full,micro,120,DOTUSDT,kyle_30_xrank,0,0.0
1a_full,micro,120,DOTUSDT,vpin_30,0,0.0
1a_full,micro,120,DOTUSDT,vpin_30_xrank,0,0.0
1a_full,micro,120,DOTUSDT,jump_30,0,3.098433865034167e-08
1a_full,micro,120,DOTUSDT,jump_30_xrank,0,0.0
1a_full,micro,120,DOTUSDT,vratio_30,0,0.0
1a_full,micro,120,DOTUSDT,vratio_30_xrank,0,0.0
1a_full,micro,120,DOTUSDT,cvd_slope_30,0,0.0
1a_full,micro,120,DOTUSDT,cvd_slope_30_xrank,0,0.0
1a_full,micro,120,DOTUSDT,signac_30,0,0.0
1a_full,micro,120,DOTUSDT,signac_30_xrank,0,0.0
1a_full,micro,120,DOTUSDT,sflow_30,0,0.0
1a_full,micro,120,DOTUSDT,sflow_30_xrank,0,0.0
1a_full,micro,120,DOTUSDT,rskew_120,0,3.3002094390610637e-09
1a_full,micro,120,DOTUSDT,rskew_120_xrank,0,0.0
1a_full,micro,120,DOTUSDT,rkurt_120,0,8.279086216589349e-08
1a_full,micro,120,DOTUSDT,rkurt_120_xrank,0,0.0
1a_full,micro,120,DOTUSDT,roll_120,0,0.0
1a_full,micro,120,DOTUSDT,roll_120_xrank,0,0.0
1a_full,micro,120,DOTUSDT,amihud_120,0,0.0
1a_full,micro,120,DOTUSDT,amihud_120_xrank,0,0.0
1a_full,micro,120,DOTUSDT,kyle_120,0,9.171212411729357e-08
1a_full,micro,120,DOTUSDT,kyle_120_xrank,0,0.0
1a_full,micro,120,DOTUSDT,vpin_120,0,0.0
1a_full,micro,120,DOTUSDT,vpin_120_xrank,0,0.0
1a_full,micro,120,DOTUSDT,jump_120,0,2.6929273033715617e-08
1a_full,micro,120,DOTUSDT,jump_120_xrank,0,0.0
1a_full,micro,120,DOTUSDT,vratio_120,0,0.0
1a_full,micro,120,DOTUSDT,vratio_120_xrank,0,0.0
1a_full,micro,120,DOTUSDT,cvd_slope_120,0,0.0
1a_full,micro,120,DOTUSDT,cvd_slope_120_xrank,0,0.0
1a_full,micro,120,DOTUSDT,signac_120,0,0.0
1a_full,micro,120,DOTUSDT,signac_120_xrank,0,0.0
1a_full,micro,120,DOTUSDT,sflow_120,0,0.0
1a_full,micro,120,DOTUSDT,sflow_120_xrank,0,0.0
1a_full,micro,120,DOTUSDT,rskew_480,0,3.015425409369499e-10
1a_full,micro,120,DOTUSDT,rskew_480_xrank,0,0.0
1a_full,micro,120,DOTUSDT,rkurt_480,0,3.2512183167909825e-08
1a_full,micro,120,DOTUSDT,rkurt_480_xrank,0,0.0
1a_full,micro,120,DOTUSDT,roll_480,0,0.0
1a_full,micro,120,DOTUSDT,roll_480_xrank,0,0.0
1a_full,micro,120,DOTUSDT,amihud_480,0,0.0
1a_full,micro,120,DOTUSDT,amihud_480_xrank,0,0.0
1a_full,micro,120,DOTUSDT,kyle_480,0,6.958741494145215e-08
1a_full,micro,120,DOTUSDT,kyle_480_xrank,0,0.0
1a_full,micro,120,DOTUSDT,vpin_480,0,0.0
1a_full,micro,120,DOTUSDT,vpin_480_xrank,0,0.0
1a_full,micro,120,DOTUSDT,jump_480,0,1.987012332449467e-08
1a_full,micro,120,DOTUSDT,jump_480_xrank,0,0.0
1a_full,micro,120,DOTUSDT,vratio_480,0,0.0
1a_full,micro,120,DOTUSDT,vratio_480_xrank,0,0.0
1a_full,micro,120,DOTUSDT,cvd_slope_480,0,0.0
1a_full,micro,120,DOTUSDT,cvd_slope_480_xrank,0,0.0
1a_full,micro,120,DOTUSDT,signac_480,0,0.0
1a_full,micro,120,DOTUSDT,signac_480_xrank,0,0.0
1a_full,micro,120,DOTUSDT,sflow_480,0,0.0
1a_full,micro,120,DOTUSDT,sflow_480_xrank,0,0.0
1a_full,cross,120,DOTUSDT,own_ret_1,0,0.0
1a_full,cross,120,DOTUSDT,btc_ret_1,0,0.0
1a_full,cross,120,DOTUSDT,eth_ret_1,0,0.0
1a_full,cross,120,DOTUSDT,mkt_ret_1,0,0.0
1a_full,cross,120,DOTUSDT,breadth_1,0,0.0
1a_full,cross,120,DOTUSDT,disp_1,0,0.0
1a_full,cross,120,DOTUSDT,relstr_1,0,0.0
1a_full,cross,120,DOTUSDT,rank_1,0,0.0
1a_full,cross,120,DOTUSDT,btc_minus_own_1,0,0.0
1a_full,cross,120,DOTUSDT,eth_minus_own_1,0,0.0
1a_full,cross,120,DOTUSDT,own_ret_5,0,0.0
1a_full,cross,120,DOTUSDT,btc_ret_5,0,0.0
1a_full,cross,120,DOTUSDT,eth_ret_5,0,0.0
1a_full,cross,120,DOTUSDT,mkt_ret_5,0,0.0
1a_full,cross,120,DOTUSDT,breadth_5,0,0.0
1a_full,cross,120,DOTUSDT,disp_5,0,0.0
1a_full,cross,120,DOTUSDT,relstr_5,0,0.0
1a_full,cross,120,DOTUSDT,rank_5,0,0.0
1a_full,cross,120,DOTUSDT,btc_minus_own_5,0,0.0
1a_full,cross,120,DOTUSDT,eth_minus_own_5,0,0.0
1a_full,cross,120,DOTUSDT,own_ret_15,0,0.0
1a_full,cross,120,DOTUSDT,btc_ret_15,0,0.0
1a_full,cross,120,DOTUSDT,eth_ret_15,0,0.0
1a_full,cross,120,DOTUSDT,mkt_ret_15,0,0.0
1a_full,cross,120,DOTUSDT,breadth_15,0,0.0
1a_full,cross,120,DOTUSDT,disp_15,0,0.0
1a_full,cross,120,DOTUSDT,relstr_15,0,0.0
1a_full,cross,120,DOTUSDT,rank_15,0,0.0
1a_full,cross,120,DOTUSDT,btc_minus_own_15,0,0.0
1a_full,cross,120,DOTUSDT,eth_minus_own_15,0,0.0
1a_full,cross,120,DOTUSDT,own_ret_30,0,0.0
1a_full,cross,120,DOTUSDT,btc_ret_30,0,0.0
1a_full,cross,120,DOTUSDT,eth_ret_30,0,0.0
1a_full,cross,120,DOTUSDT,mkt_ret_30,0,0.0
1a_full,cross,120,DOTUSDT,breadth_30,0,0.0
1a_full,cross,120,DOTUSDT,disp_30,0,0.0
1a_full,cross,120,DOTUSDT,relstr_30,0,0.0
1a_full,cross,120,DOTUSDT,rank_30,0,0.0
1a_full,cross,120,DOTUSDT,btc_minus_own_30,0,0.0
1a_full,cross,120,DOTUSDT,eth_minus_own_30,0,0.0
1a_full,cross,120,DOTUSDT,own_ret_60,0,0.0
1a_full,cross,120,DOTUSDT,btc_ret_60,0,0.0
1a_full,cross,120,DOTUSDT,eth_ret_60,0,0.0
1a_full,cross,120,DOTUSDT,mkt_ret_60,0,0.0
1a_full,cross,120,DOTUSDT,breadth_60,0,0.0
1a_full,cross,120,DOTUSDT,disp_60,0,0.0
1a_full,cross,120,DOTUSDT,relstr_60,0,0.0
1a_full,cross,120,DOTUSDT,rank_60,0,0.0
1a_full,cross,120,DOTUSDT,btc_minus_own_60,0,0.0
1a_full,cross,120,DOTUSDT,eth_minus_own_60,0,0.0
1a_full,cross,120,DOTUSDT,own_ret_180,0,0.0
1a_full,cross,120,DOTUSDT,btc_ret_180,0,0.0
1a_full,cross,120,DOTUSDT,eth_ret_180,0,0.0
1a_full,cross,120,DOTUSDT,mkt_ret_180,0,0.0
1a_full,cross,120,DOTUSDT,breadth_180,0,0.0
1a_full,cross,120,DOTUSDT,disp_180,0,0.0
1a_full,cross,120,DOTUSDT,relstr_180,0,0.0
1a_full,cross,120,DOTUSDT,rank_180,0,0.0
1a_full,cross,120,DOTUSDT,btc_minus_own_180,0,0.0
1a_full,cross,120,DOTUSDT,eth_minus_own_180,0,0.0
1a_full,cross,120,DOTUSDT,own_ret_360,0,0.0
1a_full,cross,120,DOTUSDT,btc_ret_360,0,0.0
1a_full,cross,120,DOTUSDT,eth_ret_360,0,0.0
1a_full,cross,120,DOTUSDT,mkt_ret_360,0,0.0
1a_full,cross,120,DOTUSDT,breadth_360,0,0.0
1a_full,cross,120,DOTUSDT,disp_360,0,0.0
1a_full,cross,120,DOTUSDT,relstr_360,0,0.0
1a_full,cross,120,DOTUSDT,rank_360,0,0.0
1a_full,cross,120,DOTUSDT,btc_minus_own_360,0,0.0
1a_full,cross,120,DOTUSDT,eth_minus_own_360,0,0.0
1a_full,cross,120,DOTUSDT,own_ret_720,0,0.0
1a_full,cross,120,DOTUSDT,btc_ret_720,0,0.0
1a_full,cross,120,DOTUSDT,eth_ret_720,0,0.0
1a_full,cross,120,DOTUSDT,mkt_ret_720,0,0.0
1a_full,cross,120,DOTUSDT,breadth_720,0,0.0
1a_full,cross,120,DOTUSDT,disp_720,0,0.0
1a_full,cross,120,DOTUSDT,relstr_720,0,0.0
1a_full,cross,120,DOTUSDT,rank_720,0,0.0
1a_full,cross,120,DOTUSDT,btc_minus_own_720,0,0.0
1a_full,cross,120,DOTUSDT,eth_minus_own_720,0,0.0
1a_full,cross,120,DOTUSDT,own_ret_1440,0,0.0
1a_full,cross,120,DOTUSDT,btc_ret_1440,0,0.0
1a_full,cross,120,DOTUSDT,eth_ret_1440,0,0.0
1a_full,cross,120,DOTUSDT,mkt_ret_1440,0,0.0
1a_full,cross,120,DOTUSDT,breadth_1440,0,0.0
1a_full,cross,120,DOTUSDT,disp_1440,0,0.0
1a_full,cross,120,DOTUSDT,relstr_1440,0,0.0
1a_full,cross,120,DOTUSDT,rank_1440,0,0.0
1a_full,cross,120,DOTUSDT,btc_minus_own_1440,0,0.0
1a_full,cross,120,DOTUSDT,eth_minus_own_1440,0,0.0
1a_full,micro,120,ETHUSDT,rskew_30,0,1.9667128370315368e-08
1a_full,micro,120,ETHUSDT,rskew_30_xrank,0,0.0
1a_full,micro,120,ETHUSDT,rkurt_30,0,2.126478420905187e-06
1a_full,micro,120,ETHUSDT,rkurt_30_xrank,0,0.0
1a_full,micro,120,ETHUSDT,roll_30,0,0.0
1a_full,micro,120,ETHUSDT,roll_30_xrank,0,0.0
1a_full,micro,120,ETHUSDT,amihud_30,0,0.0
1a_full,micro,120,ETHUSDT,amihud_30_xrank,0,0.0
1a_full,micro,120,ETHUSDT,kyle_30,0,0.0
1a_full,micro,120,ETHUSDT,kyle_30_xrank,0,0.0
1a_full,micro,120,ETHUSDT,vpin_30,0,0.0
1a_full,micro,120,ETHUSDT,vpin_30_xrank,0,0.0
1a_full,micro,120,ETHUSDT,jump_30,0,0.0
1a_full,micro,120,ETHUSDT,jump_30_xrank,0,0.0
1a_full,micro,120,ETHUSDT,vratio_30,0,0.0
1a_full,micro,120,ETHUSDT,vratio_30_xrank,0,0.0
1a_full,micro,120,ETHUSDT,cvd_slope_30,0,0.0
1a_full,micro,120,ETHUSDT,cvd_slope_30_xrank,0,0.0
1a_full,micro,120,ETHUSDT,signac_30,0,0.0
1a_full,micro,120,ETHUSDT,signac_30_xrank,0,0.0
1a_full,micro,120,ETHUSDT,sflow_30,0,0.0
1a_full,micro,120,ETHUSDT,sflow_30_xrank,0,0.0
1a_full,micro,120,ETHUSDT,rskew_120,0,2.0102873532490406e-10
1a_full,micro,120,ETHUSDT,rskew_120_xrank,0,0.0
1a_full,micro,120,ETHUSDT,rkurt_120,0,1.065345927031558e-07
1a_full,micro,120,ETHUSDT,rkurt_120_xrank,0,0.0
1a_full,micro,120,ETHUSDT,roll_120,0,0.0
1a_full,micro,120,ETHUSDT,roll_120_xrank,0,0.0
1a_full,micro,120,ETHUSDT,amihud_120,0,0.0
1a_full,micro,120,ETHUSDT,amihud_120_xrank,0,0.0
1a_full,micro,120,ETHUSDT,kyle_120,0,0.0
1a_full,micro,120,ETHUSDT,kyle_120_xrank,0,0.0
1a_full,micro,120,ETHUSDT,vpin_120,0,0.0
1a_full,micro,120,ETHUSDT,vpin_120_xrank,0,0.0
1a_full,micro,120,ETHUSDT,jump_120,0,1.548838746145975e-08
1a_full,micro,120,ETHUSDT,jump_120_xrank,0,0.0
1a_full,micro,120,ETHUSDT,vratio_120,0,0.0
1a_full,micro,120,ETHUSDT,vratio_120_xrank,0,0.0
1a_full,micro,120,ETHUSDT,cvd_slope_120,0,0.0
1a_full,micro,120,ETHUSDT,cvd_slope_120_xrank,0,0.0
1a_full,micro,120,ETHUSDT,signac_120,0,0.0
1a_full,micro,120,ETHUSDT,signac_120_xrank,0,0.0
1a_full,micro,120,ETHUSDT,sflow_120,0,0.0
1a_full,micro,120,ETHUSDT,sflow_120_xrank,0,0.0
1a_full,micro,120,ETHUSDT,rskew_480,0,4.12061718080281e-09
1a_full,micro,120,ETHUSDT,rskew_480_xrank,0,0.0
1a_full,micro,120,ETHUSDT,rkurt_480,0,5.25919965355115e-08
1a_full,micro,120,ETHUSDT,rkurt_480_xrank,0,0.0
1a_full,micro,120,ETHUSDT,roll_480,0,0.0
1a_full,micro,120,ETHUSDT,roll_480_xrank,0,0.0
1a_full,micro,120,ETHUSDT,amihud_480,0,0.0
1a_full,micro,120,ETHUSDT,amihud_480_xrank,0,0.0
1a_full,micro,120,ETHUSDT,kyle_480,0,0.0
1a_full,micro,120,ETHUSDT,kyle_480_xrank,0,0.0
1a_full,micro,120,ETHUSDT,vpin_480,0,0.0
1a_full,micro,120,ETHUSDT,vpin_480_xrank,0,0.0
1a_full,micro,120,ETHUSDT,jump_480,0,3.627751710144622e-10
1a_full,micro,120,ETHUSDT,jump_480_xrank,0,0.0
1a_full,micro,120,ETHUSDT,vratio_480,0,0.0
1a_full,micro,120,ETHUSDT,vratio_480_xrank,0,0.0
1a_full,micro,120,ETHUSDT,cvd_slope_480,0,0.0
1a_full,micro,120,ETHUSDT,cvd_slope_480_xrank,0,0.0
1a_full,micro,120,ETHUSDT,signac_480,0,0.0
1a_full,micro,120,ETHUSDT,signac_480_xrank,0,0.0
1a_full,micro,120,ETHUSDT,sflow_480,0,0.0
1a_full,micro,120,ETHUSDT,sflow_480_xrank,0,0.0
1a_full,cross,120,ETHUSDT,own_ret_1,0,0.0
1a_full,cross,120,ETHUSDT,btc_ret_1,0,0.0
1a_full,cross,120,ETHUSDT,eth_ret_1,0,0.0
1a_full,cross,120,ETHUSDT,mkt_ret_1,0,0.0
1a_full,cross,120,ETHUSDT,breadth_1,0,0.0
1a_full,cross,120,ETHUSDT,disp_1,0,0.0
1a_full,cross,120,ETHUSDT,relstr_1,0,0.0
1a_full,cross,120,ETHUSDT,rank_1,0,0.0
1a_full,cross,120,ETHUSDT,btc_minus_own_1,0,0.0
1a_full,cross,120,ETHUSDT,eth_minus_own_1,0,0.0
1a_full,cross,120,ETHUSDT,own_ret_5,0,0.0
1a_full,cross,120,ETHUSDT,btc_ret_5,0,0.0
1a_full,cross,120,ETHUSDT,eth_ret_5,0,0.0
1a_full,cross,120,ETHUSDT,mkt_ret_5,0,0.0
1a_full,cross,120,ETHUSDT,breadth_5,0,0.0
1a_full,cross,120,ETHUSDT,disp_5,0,0.0
1a_full,cross,120,ETHUSDT,relstr_5,0,0.0
1a_full,cross,120,ETHUSDT,rank_5,0,0.0
1a_full,cross,120,ETHUSDT,btc_minus_own_5,0,0.0
1a_full,cross,120,ETHUSDT,eth_minus_own_5,0,0.0
1a_full,cross,120,ETHUSDT,own_ret_15,0,0.0
1a_full,cross,120,ETHUSDT,btc_ret_15,0,0.0
1a_full,cross,120,ETHUSDT,eth_ret_15,0,0.0
1a_full,cross,120,ETHUSDT,mkt_ret_15,0,0.0
1a_full,cross,120,ETHUSDT,breadth_15,0,0.0
1a_full,cross,120,ETHUSDT,disp_15,0,0.0
1a_full,cross,120,ETHUSDT,relstr_15,0,0.0
1a_full,cross,120,ETHUSDT,rank_15,0,0.0
1a_full,cross,120,ETHUSDT,btc_minus_own_15,0,0.0
1a_full,cross,120,ETHUSDT,eth_minus_own_15,0,0.0
1a_full,cross,120,ETHUSDT,own_ret_30,0,0.0
1a_full,cross,120,ETHUSDT,btc_ret_30,0,0.0
1a_full,cross,120,ETHUSDT,eth_ret_30,0,0.0
1a_full,cross,120,ETHUSDT,mkt_ret_30,0,0.0
1a_full,cross,120,ETHUSDT,breadth_30,0,0.0
1a_full,cross,120,ETHUSDT,disp_30,0,0.0
1a_full,cross,120,ETHUSDT,relstr_30,0,0.0
1a_full,cross,120,ETHUSDT,rank_30,0,0.0
1a_full,cross,120,ETHUSDT,btc_minus_own_30,0,0.0
1a_full,cross,120,ETHUSDT,eth_minus_own_30,0,0.0
1a_full,cross,120,ETHUSDT,own_ret_60,0,0.0
1a_full,cross,120,ETHUSDT,btc_ret_60,0,0.0
1a_full,cross,120,ETHUSDT,eth_ret_60,0,0.0
1a_full,cross,120,ETHUSDT,mkt_ret_60,0,0.0
1a_full,cross,120,ETHUSDT,breadth_60,0,0.0
1a_full,cross,120,ETHUSDT,disp_60,0,0.0
1a_full,cross,120,ETHUSDT,relstr_60,0,0.0
1a_full,cross,120,ETHUSDT,rank_60,0,0.0
1a_full,cross,120,ETHUSDT,btc_minus_own_60,0,0.0
1a_full,cross,120,ETHUSDT,eth_minus_own_60,0,0.0
1a_full,cross,120,ETHUSDT,own_ret_180,0,0.0
1a_full,cross,120,ETHUSDT,btc_ret_180,0,0.0
1a_full,cross,120,ETHUSDT,eth_ret_180,0,0.0
1a_full,cross,120,ETHUSDT,mkt_ret_180,0,0.0
1a_full,cross,120,ETHUSDT,breadth_180,0,0.0
1a_full,cross,120,ETHUSDT,disp_180,0,0.0
1a_full,cross,120,ETHUSDT,relstr_180,0,0.0
1a_full,cross,120,ETHUSDT,rank_180,0,0.0
1a_full,cross,120,ETHUSDT,btc_minus_own_180,0,0.0
1a_full,cross,120,ETHUSDT,eth_minus_own_180,0,0.0
1a_full,cross,120,ETHUSDT,own_ret_360,0,0.0
1a_full,cross,120,ETHUSDT,btc_ret_360,0,0.0
1a_full,cross,120,ETHUSDT,eth_ret_360,0,0.0
1a_full,cross,120,ETHUSDT,mkt_ret_360,0,0.0
1a_full,cross,120,ETHUSDT,breadth_360,0,0.0
1a_full,cross,120,ETHUSDT,disp_360,0,0.0
1a_full,cross,120,ETHUSDT,relstr_360,0,0.0
1a_full,cross,120,ETHUSDT,rank_360,0,0.0
1a_full,cross,120,ETHUSDT,btc_minus_own_360,0,0.0
1a_full,cross,120,ETHUSDT,eth_minus_own_360,0,0.0
1a_full,cross,120,ETHUSDT,own_ret_720,0,0.0
1a_full,cross,120,ETHUSDT,btc_ret_720,0,0.0
1a_full,cross,120,ETHUSDT,eth_ret_720,0,0.0
1a_full,cross,120,ETHUSDT,mkt_ret_720,0,0.0
1a_full,cross,120,ETHUSDT,breadth_720,0,0.0
1a_full,cross,120,ETHUSDT,disp_720,0,0.0
1a_full,cross,120,ETHUSDT,relstr_720,0,0.0
1a_full,cross,120,ETHUSDT,rank_720,0,0.0
1a_full,cross,120,ETHUSDT,btc_minus_own_720,0,0.0
1a_full,cross,120,ETHUSDT,eth_minus_own_720,0,0.0
1a_full,cross,120,ETHUSDT,own_ret_1440,0,0.0
1a_full,cross,120,ETHUSDT,btc_ret_1440,0,0.0
1a_full,cross,120,ETHUSDT,eth_ret_1440,0,0.0
1a_full,cross,120,ETHUSDT,mkt_ret_1440,0,0.0
1a_full,cross,120,ETHUSDT,breadth_1440,0,0.0
1a_full,cross,120,ETHUSDT,disp_1440,0,0.0
1a_full,cross,120,ETHUSDT,relstr_1440,0,0.0
1a_full,cross,120,ETHUSDT,rank_1440,0,0.0
1a_full,cross,120,ETHUSDT,btc_minus_own_1440,0,0.0
1a_full,cross,120,ETHUSDT,eth_minus_own_1440,0,0.0
1a_full,micro,120,LINKUSDT,rskew_30,0,0.0
1a_full,micro,120,LINKUSDT,rskew_30_xrank,0,0.0
1a_full,micro,120,LINKUSDT,rkurt_30,0,6.187548819980293e-07
1a_full,micro,120,LINKUSDT,rkurt_30_xrank,0,0.0
1a_full,micro,120,LINKUSDT,roll_30,0,0.0
1a_full,micro,120,LINKUSDT,roll_30_xrank,0,0.0
1a_full,micro,120,LINKUSDT,amihud_30,0,0.0
1a_full,micro,120,LINKUSDT,amihud_30_xrank,0,0.0
1a_full,micro,120,LINKUSDT,kyle_30,0,4.2054910665001444e-08
1a_full,micro,120,LINKUSDT,kyle_30_xrank,0,0.0
1a_full,micro,120,LINKUSDT,vpin_30,0,0.0
1a_full,micro,120,LINKUSDT,vpin_30_xrank,0,0.0
1a_full,micro,120,LINKUSDT,jump_30,0,0.0
1a_full,micro,120,LINKUSDT,jump_30_xrank,0,0.0
1a_full,micro,120,LINKUSDT,vratio_30,0,0.0
1a_full,micro,120,LINKUSDT,vratio_30_xrank,0,0.0
1a_full,micro,120,LINKUSDT,cvd_slope_30,0,0.0
1a_full,micro,120,LINKUSDT,cvd_slope_30_xrank,0,0.0
1a_full,micro,120,LINKUSDT,signac_30,0,0.0
1a_full,micro,120,LINKUSDT,signac_30_xrank,0,0.0
1a_full,micro,120,LINKUSDT,sflow_30,0,0.0
1a_full,micro,120,LINKUSDT,sflow_30_xrank,0,0.0
1a_full,micro,120,LINKUSDT,rskew_120,0,1.2056773981972135e-11
1a_full,micro,120,LINKUSDT,rskew_120_xrank,0,0.0
1a_full,micro,120,LINKUSDT,rkurt_120,0,2.3148770011971465e-08
1a_full,micro,120,LINKUSDT,rkurt_120_xrank,0,0.0
1a_full,micro,120,LINKUSDT,roll_120,0,0.0
1a_full,micro,120,LINKUSDT,roll_120_xrank,0,0.0
1a_full,micro,120,LINKUSDT,amihud_120,0,0.0
1a_full,micro,120,LINKUSDT,amihud_120_xrank,0,0.0
1a_full,micro,120,LINKUSDT,kyle_120,0,0.0
1a_full,micro,120,LINKUSDT,kyle_120_xrank,0,0.0
1a_full,micro,120,LINKUSDT,vpin_120,0,0.0
1a_full,micro,120,LINKUSDT,vpin_120_xrank,0,0.0
1a_full,micro,120,LINKUSDT,jump_120,0,3.811639359696528e-08
1a_full,micro,120,LINKUSDT,jump_120_xrank,0,0.0
1a_full,micro,120,LINKUSDT,vratio_120,0,0.0
1a_full,micro,120,LINKUSDT,vratio_120_xrank,0,0.0
1a_full,micro,120,LINKUSDT,cvd_slope_120,0,8.909871240803113e-08
1a_full,micro,120,LINKUSDT,cvd_slope_120_xrank,0,0.0
1a_full,micro,120,LINKUSDT,signac_120,0,0.0
1a_full,micro,120,LINKUSDT,signac_120_xrank,0,0.0
1a_full,micro,120,LINKUSDT,sflow_120,0,1.3839164481055377e-08
1a_full,micro,120,LINKUSDT,sflow_120_xrank,0,0.0
1a_full,micro,120,LINKUSDT,rskew_480,0,0.0
1a_full,micro,120,LINKUSDT,rskew_480_xrank,0,0.0
1a_full,micro,120,LINKUSDT,rkurt_480,0,2.8048200206853835e-08
1a_full,micro,120,LINKUSDT,rkurt_480_xrank,0,0.0
1a_full,micro,120,LINKUSDT,roll_480,0,0.0
1a_full,micro,120,LINKUSDT,roll_480_xrank,0,0.0
1a_full,micro,120,LINKUSDT,amihud_480,0,0.0
1a_full,micro,120,LINKUSDT,amihud_480_xrank,0,0.0
1a_full,micro,120,LINKUSDT,kyle_480,0,0.0
1a_full,micro,120,LINKUSDT,kyle_480_xrank,0,0.0
1a_full,micro,120,LINKUSDT,vpin_480,0,0.0
1a_full,micro,120,LINKUSDT,vpin_480_xrank,0,0.0
1a_full,micro,120,LINKUSDT,jump_480,0,1.7065547197603337e-08
1a_full,micro,120,LINKUSDT,jump_480_xrank,0,0.0
1a_full,micro,120,LINKUSDT,vratio_480,0,0.0
1a_full,micro,120,LINKUSDT,vratio_480_xrank,0,0.0
1a_full,micro,120,LINKUSDT,cvd_slope_480,0,9.613481921633138e-08
1a_full,micro,120,LINKUSDT,cvd_slope_480_xrank,0,0.0
1a_full,micro,120,LINKUSDT,signac_480,0,0.0
1a_full,micro,120,LINKUSDT,signac_480_xrank,0,0.0
1a_full,micro,120,LINKUSDT,sflow_480,0,0.0
1a_full,micro,120,LINKUSDT,sflow_480_xrank,0,0.0
1a_full,cross,120,LINKUSDT,own_ret_1,0,0.0
1a_full,cross,120,LINKUSDT,btc_ret_1,0,0.0
1a_full,cross,120,LINKUSDT,eth_ret_1,0,0.0
1a_full,cross,120,LINKUSDT,mkt_ret_1,0,0.0
1a_full,cross,120,LINKUSDT,breadth_1,0,0.0
1a_full,cross,120,LINKUSDT,disp_1,0,0.0
1a_full,cross,120,LINKUSDT,relstr_1,0,0.0
1a_full,cross,120,LINKUSDT,rank_1,0,0.0
1a_full,cross,120,LINKUSDT,btc_minus_own_1,0,0.0
1a_full,cross,120,LINKUSDT,eth_minus_own_1,0,0.0
1a_full,cross,120,LINKUSDT,own_ret_5,0,0.0
1a_full,cross,120,LINKUSDT,btc_ret_5,0,0.0
1a_full,cross,120,LINKUSDT,eth_ret_5,0,0.0
1a_full,cross,120,LINKUSDT,mkt_ret_5,0,0.0
1a_full,cross,120,LINKUSDT,breadth_5,0,0.0
1a_full,cross,120,LINKUSDT,disp_5,0,0.0
1a_full,cross,120,LINKUSDT,relstr_5,0,0.0
1a_full,cross,120,LINKUSDT,rank_5,0,0.0
1a_full,cross,120,LINKUSDT,btc_minus_own_5,0,0.0
1a_full,cross,120,LINKUSDT,eth_minus_own_5,0,0.0
1a_full,cross,120,LINKUSDT,own_ret_15,0,0.0
1a_full,cross,120,LINKUSDT,btc_ret_15,0,0.0
1a_full,cross,120,LINKUSDT,eth_ret_15,0,0.0
1a_full,cross,120,LINKUSDT,mkt_ret_15,0,0.0
1a_full,cross,120,LINKUSDT,breadth_15,0,0.0
1a_full,cross,120,LINKUSDT,disp_15,0,0.0
1a_full,cross,120,LINKUSDT,relstr_15,0,0.0
1a_full,cross,120,LINKUSDT,rank_15,0,0.0
1a_full,cross,120,LINKUSDT,btc_minus_own_15,0,0.0
1a_full,cross,120,LINKUSDT,eth_minus_own_15,0,0.0
1a_full,cross,120,LINKUSDT,own_ret_30,0,0.0
1a_full,cross,120,LINKUSDT,btc_ret_30,0,0.0
1a_full,cross,120,LINKUSDT,eth_ret_30,0,0.0
1a_full,cross,120,LINKUSDT,mkt_ret_30,0,0.0
1a_full,cross,120,LINKUSDT,breadth_30,0,0.0
1a_full,cross,120,LINKUSDT,disp_30,0,0.0
1a_full,cross,120,LINKUSDT,relstr_30,0,0.0
1a_full,cross,120,LINKUSDT,rank_30,0,0.0
1a_full,cross,120,LINKUSDT,btc_minus_own_30,0,0.0
1a_full,cross,120,LINKUSDT,eth_minus_own_30,0,0.0
1a_full,cross,120,LINKUSDT,own_ret_60,0,0.0
1a_full,cross,120,LINKUSDT,btc_ret_60,0,0.0
1a_full,cross,120,LINKUSDT,eth_ret_60,0,0.0
1a_full,cross,120,LINKUSDT,mkt_ret_60,0,0.0
1a_full,cross,120,LINKUSDT,breadth_60,0,0.0
1a_full,cross,120,LINKUSDT,disp_60,0,0.0
1a_full,cross,120,LINKUSDT,relstr_60,0,0.0
1a_full,cross,120,LINKUSDT,rank_60,0,0.0
1a_full,cross,120,LINKUSDT,btc_minus_own_60,0,0.0
1a_full,cross,120,LINKUSDT,eth_minus_own_60,0,0.0
1a_full,cross,120,LINKUSDT,own_ret_180,0,0.0
1a_full,cross,120,LINKUSDT,btc_ret_180,0,0.0
1a_full,cross,120,LINKUSDT,eth_ret_180,0,0.0
1a_full,cross,120,LINKUSDT,mkt_ret_180,0,0.0
1a_full,cross,120,LINKUSDT,breadth_180,0,0.0
1a_full,cross,120,LINKUSDT,disp_180,0,0.0
1a_full,cross,120,LINKUSDT,relstr_180,0,0.0
1a_full,cross,120,LINKUSDT,rank_180,0,0.0
1a_full,cross,120,LINKUSDT,btc_minus_own_180,0,0.0
1a_full,cross,120,LINKUSDT,eth_minus_own_180,0,0.0
1a_full,cross,120,LINKUSDT,own_ret_360,0,0.0
1a_full,cross,120,LINKUSDT,btc_ret_360,0,0.0
1a_full,cross,120,LINKUSDT,eth_ret_360,0,0.0
1a_full,cross,120,LINKUSDT,mkt_ret_360,0,0.0
1a_full,cross,120,LINKUSDT,breadth_360,0,0.0
1a_full,cross,120,LINKUSDT,disp_360,0,0.0
1a_full,cross,120,LINKUSDT,relstr_360,0,0.0
1a_full,cross,120,LINKUSDT,rank_360,0,0.0
1a_full,cross,120,LINKUSDT,btc_minus_own_360,0,0.0
1a_full,cross,120,LINKUSDT,eth_minus_own_360,0,0.0
1a_full,cross,120,LINKUSDT,own_ret_720,0,0.0
1a_full,cross,120,LINKUSDT,btc_ret_720,0,0.0
1a_full,cross,120,LINKUSDT,eth_ret_720,0,0.0
1a_full,cross,120,LINKUSDT,mkt_ret_720,0,0.0
1a_full,cross,120,LINKUSDT,breadth_720,0,0.0
1a_full,cross,120,LINKUSDT,disp_720,0,0.0
1a_full,cross,120,LINKUSDT,relstr_720,0,0.0
1a_full,cross,120,LINKUSDT,rank_720,0,0.0
1a_full,cross,120,LINKUSDT,btc_minus_own_720,0,0.0
1a_full,cross,120,LINKUSDT,eth_minus_own_720,0,0.0
1a_full,cross,120,LINKUSDT,own_ret_1440,0,0.0
1a_full,cross,120,LINKUSDT,btc_ret_1440,0,0.0
1a_full,cross,120,LINKUSDT,eth_ret_1440,0,0.0
1a_full,cross,120,LINKUSDT,mkt_ret_1440,0,0.0
1a_full,cross,120,LINKUSDT,breadth_1440,0,0.0
1a_full,cross,120,LINKUSDT,disp_1440,0,0.0
1a_full,cross,120,LINKUSDT,relstr_1440,0,0.0
1a_full,cross,120,LINKUSDT,rank_1440,0,0.0
1a_full,cross,120,LINKUSDT,btc_minus_own_1440,0,0.0
1a_full,cross,120,LINKUSDT,eth_minus_own_1440,0,0.0
1a_full,micro,120,SOLUSDT,rskew_30,0,6.627159376826341e-10
1a_full,micro,120,SOLUSDT,rskew_30_xrank,0,0.0
1a_full,micro,120,SOLUSDT,rkurt_30,0,2.3973004203980963e-07
1a_full,micro,120,SOLUSDT,rkurt_30_xrank,0,0.0
1a_full,micro,120,SOLUSDT,roll_30,0,0.0
1a_full,micro,120,SOLUSDT,roll_30_xrank,0,0.0
1a_full,micro,120,SOLUSDT,amihud_30,0,0.0
1a_full,micro,120,SOLUSDT,amihud_30_xrank,0,0.0
1a_full,micro,120,SOLUSDT,kyle_30,0,0.0
1a_full,micro,120,SOLUSDT,kyle_30_xrank,0,0.0
1a_full,micro,120,SOLUSDT,vpin_30,0,0.0
1a_full,micro,120,SOLUSDT,vpin_30_xrank,0,0.0
1a_full,micro,120,SOLUSDT,jump_30,0,0.0
1a_full,micro,120,SOLUSDT,jump_30_xrank,0,0.0
1a_full,micro,120,SOLUSDT,vratio_30,0,3.100131351629898e-08
1a_full,micro,120,SOLUSDT,vratio_30_xrank,0,0.0
1a_full,micro,120,SOLUSDT,cvd_slope_30,0,0.0
1a_full,micro,120,SOLUSDT,cvd_slope_30_xrank,0,0.0
1a_full,micro,120,SOLUSDT,signac_30,0,0.0
1a_full,micro,120,SOLUSDT,signac_30_xrank,0,0.0
1a_full,micro,120,SOLUSDT,sflow_30,0,0.0
1a_full,micro,120,SOLUSDT,sflow_30_xrank,0,0.0
1a_full,micro,120,SOLUSDT,rskew_120,0,0.0
1a_full,micro,120,SOLUSDT,rskew_120_xrank,0,0.0
1a_full,micro,120,SOLUSDT,rkurt_120,0,1.3361952433399438e-08
1a_full,micro,120,SOLUSDT,rkurt_120_xrank,0,0.0
1a_full,micro,120,SOLUSDT,roll_120,0,0.0
1a_full,micro,120,SOLUSDT,roll_120_xrank,0,0.0
1a_full,micro,120,SOLUSDT,amihud_120,0,0.0
1a_full,micro,120,SOLUSDT,amihud_120_xrank,0,0.0
1a_full,micro,120,SOLUSDT,kyle_120,0,0.0
1a_full,micro,120,SOLUSDT,kyle_120_xrank,0,0.0
1a_full,micro,120,SOLUSDT,vpin_120,0,0.0
1a_full,micro,120,SOLUSDT,vpin_120_xrank,0,0.0
1a_full,micro,120,SOLUSDT,jump_120,0,0.0
1a_full,micro,120,SOLUSDT,jump_120_xrank,0,0.0
1a_full,micro,120,SOLUSDT,vratio_120,0,0.0
1a_full,micro,120,SOLUSDT,vratio_120_xrank,0,0.0
1a_full,micro,120,SOLUSDT,cvd_slope_120,0,0.0
1a_full,micro,120,SOLUSDT,cvd_slope_120_xrank,0,0.0
1a_full,micro,120,SOLUSDT,signac_120,0,0.0
1a_full,micro,120,SOLUSDT,signac_120_xrank,0,0.0
1a_full,micro,120,SOLUSDT,sflow_120,0,0.0
1a_full,micro,120,SOLUSDT,sflow_120_xrank,0,0.0
1a_full,micro,120,SOLUSDT,rskew_480,0,0.0
1a_full,micro,120,SOLUSDT,rskew_480_xrank,0,0.0
1a_full,micro,120,SOLUSDT,rkurt_480,0,1.5029316458026187e-08
1a_full,micro,120,SOLUSDT,rkurt_480_xrank,0,0.0
1a_full,micro,120,SOLUSDT,roll_480,0,0.0
1a_full,micro,120,SOLUSDT,roll_480_xrank,0,0.0
1a_full,micro,120,SOLUSDT,amihud_480,0,0.0
1a_full,micro,120,SOLUSDT,amihud_480_xrank,0,0.0
1a_full,micro,120,SOLUSDT,kyle_480,0,0.0
1a_full,micro,120,SOLUSDT,kyle_480_xrank,0,0.0
1a_full,micro,120,SOLUSDT,vpin_480,0,0.0
1a_full,micro,120,SOLUSDT,vpin_480_xrank,0,0.0
1a_full,micro,120,SOLUSDT,jump_480,0,1.1437133906611052e-08
1a_full,micro,120,SOLUSDT,jump_480_xrank,0,0.0
1a_full,micro,120,SOLUSDT,vratio_480,0,0.0
1a_full,micro,120,SOLUSDT,vratio_480_xrank,0,0.0
1a_full,micro,120,SOLUSDT,cvd_slope_480,0,0.0
1a_full,micro,120,SOLUSDT,cvd_slope_480_xrank,0,0.0
1a_full,micro,120,SOLUSDT,signac_480,0,0.0
1a_full,micro,120,SOLUSDT,signac_480_xrank,0,0.0
1a_full,micro,120,SOLUSDT,sflow_480,0,0.0
1a_full,micro,120,SOLUSDT,sflow_480_xrank,0,0.0
1a_full,cross,120,SOLUSDT,own_ret_1,0,0.0
1a_full,cross,120,SOLUSDT,btc_ret_1,0,0.0
1a_full,cross,120,SOLUSDT,eth_ret_1,0,0.0
1a_full,cross,120,SOLUSDT,mkt_ret_1,0,0.0
1a_full,cross,120,SOLUSDT,breadth_1,0,0.0
1a_full,cross,120,SOLUSDT,disp_1,0,0.0
1a_full,cross,120,SOLUSDT,relstr_1,0,0.0
1a_full,cross,120,SOLUSDT,rank_1,0,0.0
1a_full,cross,120,SOLUSDT,btc_minus_own_1,0,0.0
1a_full,cross,120,SOLUSDT,eth_minus_own_1,0,0.0
1a_full,cross,120,SOLUSDT,own_ret_5,0,0.0
1a_full,cross,120,SOLUSDT,btc_ret_5,0,0.0
1a_full,cross,120,SOLUSDT,eth_ret_5,0,0.0
1a_full,cross,120,SOLUSDT,mkt_ret_5,0,0.0
1a_full,cross,120,SOLUSDT,breadth_5,0,0.0
1a_full,cross,120,SOLUSDT,disp_5,0,0.0
1a_full,cross,120,SOLUSDT,relstr_5,0,0.0
1a_full,cross,120,SOLUSDT,rank_5,0,0.0
1a_full,cross,120,SOLUSDT,btc_minus_own_5,0,0.0
1a_full,cross,120,SOLUSDT,eth_minus_own_5,0,0.0
1a_full,cross,120,SOLUSDT,own_ret_15,0,0.0
1a_full,cross,120,SOLUSDT,btc_ret_15,0,0.0
1a_full,cross,120,SOLUSDT,eth_ret_15,0,0.0
1a_full,cross,120,SOLUSDT,mkt_ret_15,0,0.0
1a_full,cross,120,SOLUSDT,breadth_15,0,0.0
1a_full,cross,120,SOLUSDT,disp_15,0,0.0
1a_full,cross,120,SOLUSDT,relstr_15,0,0.0
1a_full,cross,120,SOLUSDT,rank_15,0,0.0
1a_full,cross,120,SOLUSDT,btc_minus_own_15,0,0.0
1a_full,cross,120,SOLUSDT,eth_minus_own_15,0,0.0
1a_full,cross,120,SOLUSDT,own_ret_30,0,0.0
1a_full,cross,120,SOLUSDT,btc_ret_30,0,0.0
1a_full,cross,120,SOLUSDT,eth_ret_30,0,0.0
1a_full,cross,120,SOLUSDT,mkt_ret_30,0,0.0
1a_full,cross,120,SOLUSDT,breadth_30,0,0.0
1a_full,cross,120,SOLUSDT,disp_30,0,0.0
1a_full,cross,120,SOLUSDT,relstr_30,0,0.0
1a_full,cross,120,SOLUSDT,rank_30,0,0.0
1a_full,cross,120,SOLUSDT,btc_minus_own_30,0,0.0
1a_full,cross,120,SOLUSDT,eth_minus_own_30,0,0.0
1a_full,cross,120,SOLUSDT,own_ret_60,0,0.0
1a_full,cross,120,SOLUSDT,btc_ret_60,0,0.0
1a_full,cross,120,SOLUSDT,eth_ret_60,0,0.0
1a_full,cross,120,SOLUSDT,mkt_ret_60,0,0.0
1a_full,cross,120,SOLUSDT,breadth_60,0,0.0
1a_full,cross,120,SOLUSDT,disp_60,0,0.0
1a_full,cross,120,SOLUSDT,relstr_60,0,0.0
1a_full,cross,120,SOLUSDT,rank_60,0,0.0
1a_full,cross,120,SOLUSDT,btc_minus_own_60,0,0.0
1a_full,cross,120,SOLUSDT,eth_minus_own_60,0,0.0
1a_full,cross,120,SOLUSDT,own_ret_180,0,0.0
1a_full,cross,120,SOLUSDT,btc_ret_180,0,0.0
1a_full,cross,120,SOLUSDT,eth_ret_180,0,0.0
1a_full,cross,120,SOLUSDT,mkt_ret_180,0,0.0
1a_full,cross,120,SOLUSDT,breadth_180,0,0.0
1a_full,cross,120,SOLUSDT,disp_180,0,0.0
1a_full,cross,120,SOLUSDT,relstr_180,0,0.0
1a_full,cross,120,SOLUSDT,rank_180,0,0.0
1a_full,cross,120,SOLUSDT,btc_minus_own_180,0,0.0
1a_full,cross,120,SOLUSDT,eth_minus_own_180,0,0.0
1a_full,cross,120,SOLUSDT,own_ret_360,0,0.0
1a_full,cross,120,SOLUSDT,btc_ret_360,0,0.0
1a_full,cross,120,SOLUSDT,eth_ret_360,0,0.0
1a_full,cross,120,SOLUSDT,mkt_ret_360,0,0.0
1a_full,cross,120,SOLUSDT,breadth_360,0,0.0
1a_full,cross,120,SOLUSDT,disp_360,0,0.0
1a_full,cross,120,SOLUSDT,relstr_360,0,0.0
1a_full,cross,120,SOLUSDT,rank_360,0,0.0
1a_full,cross,120,SOLUSDT,btc_minus_own_360,0,0.0
1a_full,cross,120,SOLUSDT,eth_minus_own_360,0,0.0
1a_full,cross,120,SOLUSDT,own_ret_720,0,0.0
1a_full,cross,120,SOLUSDT,btc_ret_720,0,0.0
1a_full,cross,120,SOLUSDT,eth_ret_720,0,0.0
1a_full,cross,120,SOLUSDT,mkt_ret_720,0,0.0
1a_full,cross,120,SOLUSDT,breadth_720,0,0.0
1a_full,cross,120,SOLUSDT,disp_720,0,0.0
1a_full,cross,120,SOLUSDT,relstr_720,0,0.0
1a_full,cross,120,SOLUSDT,rank_720,0,0.0
1a_full,cross,120,SOLUSDT,btc_minus_own_720,0,0.0
1a_full,cross,120,SOLUSDT,eth_minus_own_720,0,0.0
1a_full,cross,120,SOLUSDT,own_ret_1440,0,0.0
1a_full,cross,120,SOLUSDT,btc_ret_1440,0,0.0
1a_full,cross,120,SOLUSDT,eth_ret_1440,0,0.0
1a_full,cross,120,SOLUSDT,mkt_ret_1440,0,0.0
1a_full,cross,120,SOLUSDT,breadth_1440,0,0.0
1a_full,cross,120,SOLUSDT,disp_1440,0,0.0
1a_full,cross,120,SOLUSDT,relstr_1440,0,0.0
1a_full,cross,120,SOLUSDT,rank_1440,0,0.0
1a_full,cross,120,SOLUSDT,btc_minus_own_1440,0,0.0
1a_full,cross,120,SOLUSDT,eth_minus_own_1440,0,0.0
1a_full,micro,120,XRPUSDT,rskew_30,0,6.5312772967729416e-09
1a_full,micro,120,XRPUSDT,rskew_30_xrank,0,0.0
1a_full,micro,120,XRPUSDT,rkurt_30,0,2.0671065215083217e-07
1a_full,micro,120,XRPUSDT,rkurt_30_xrank,0,0.0
1a_full,micro,120,XRPUSDT,roll_30,0,0.0
1a_full,micro,120,XRPUSDT,roll_30_xrank,0,0.0
1a_full,micro,120,XRPUSDT,amihud_30,0,0.0
1a_full,micro,120,XRPUSDT,amihud_30_xrank,0,0.0
1a_full,micro,120,XRPUSDT,kyle_30,0,0.0
1a_full,micro,120,XRPUSDT,kyle_30_xrank,0,0.0
1a_full,micro,120,XRPUSDT,vpin_30,0,0.0
1a_full,micro,120,XRPUSDT,vpin_30_xrank,0,0.0
1a_full,micro,120,XRPUSDT,jump_30,0,1.0086933066588699e-08
1a_full,micro,120,XRPUSDT,jump_30_xrank,0,0.0
1a_full,micro,120,XRPUSDT,vratio_30,0,0.0
1a_full,micro,120,XRPUSDT,vratio_30_xrank,0,0.0
1a_full,micro,120,XRPUSDT,cvd_slope_30,0,0.0
1a_full,micro,120,XRPUSDT,cvd_slope_30_xrank,0,0.0
1a_full,micro,120,XRPUSDT,signac_30,0,0.0
1a_full,micro,120,XRPUSDT,signac_30_xrank,0,0.0
1a_full,micro,120,XRPUSDT,sflow_30,0,0.0
1a_full,micro,120,XRPUSDT,sflow_30_xrank,0,0.0
1a_full,micro,120,XRPUSDT,rskew_120,0,0.0
1a_full,micro,120,XRPUSDT,rskew_120_xrank,0,0.0
1a_full,micro,120,XRPUSDT,rkurt_120,0,9.315538562759684e-09
1a_full,micro,120,XRPUSDT,rkurt_120_xrank,0,0.0
1a_full,micro,120,XRPUSDT,roll_120,0,0.0
1a_full,micro,120,XRPUSDT,roll_120_xrank,0,0.0
1a_full,micro,120,XRPUSDT,amihud_120,0,0.0
1a_full,micro,120,XRPUSDT,amihud_120_xrank,0,0.0
1a_full,micro,120,XRPUSDT,kyle_120,0,0.0
1a_full,micro,120,XRPUSDT,kyle_120_xrank,0,0.0
1a_full,micro,120,XRPUSDT,vpin_120,0,0.0
1a_full,micro,120,XRPUSDT,vpin_120_xrank,0,0.0
1a_full,micro,120,XRPUSDT,jump_120,0,4.806744446916866e-10
1a_full,micro,120,XRPUSDT,jump_120_xrank,0,0.0
1a_full,micro,120,XRPUSDT,vratio_120,0,0.0
1a_full,micro,120,XRPUSDT,vratio_120_xrank,0,0.0
1a_full,micro,120,XRPUSDT,cvd_slope_120,0,0.0
1a_full,micro,120,XRPUSDT,cvd_slope_120_xrank,0,0.0
1a_full,micro,120,XRPUSDT,signac_120,0,0.0
1a_full,micro,120,XRPUSDT,signac_120_xrank,0,0.0
1a_full,micro,120,XRPUSDT,sflow_120,0,0.0
1a_full,micro,120,XRPUSDT,sflow_120_xrank,0,0.0
1a_full,micro,120,XRPUSDT,rskew_480,0,0.0
1a_full,micro,120,XRPUSDT,rskew_480_xrank,0,0.0
1a_full,micro,120,XRPUSDT,rkurt_480,0,0.0
1a_full,micro,120,XRPUSDT,rkurt_480_xrank,0,0.0
1a_full,micro,120,XRPUSDT,roll_480,0,0.0
1a_full,micro,120,XRPUSDT,roll_480_xrank,0,0.0
1a_full,micro,120,XRPUSDT,amihud_480,0,0.0
1a_full,micro,120,XRPUSDT,amihud_480_xrank,0,0.0
1a_full,micro,120,XRPUSDT,kyle_480,0,0.0
1a_full,micro,120,XRPUSDT,kyle_480_xrank,0,0.0
1a_full,micro,120,XRPUSDT,vpin_480,0,0.0
1a_full,micro,120,XRPUSDT,vpin_480_xrank,0,0.0
1a_full,micro,120,XRPUSDT,jump_480,0,2.69441052802577e-10
1a_full,micro,120,XRPUSDT,jump_480_xrank,0,0.0
1a_full,micro,120,XRPUSDT,vratio_480,0,0.0
1a_full,micro,120,XRPUSDT,vratio_480_xrank,0,0.0
1a_full,micro,120,XRPUSDT,cvd_slope_480,0,0.0
1a_full,micro,120,XRPUSDT,cvd_slope_480_xrank,0,0.0
1a_full,micro,120,XRPUSDT,signac_480,0,0.0
1a_full,micro,120,XRPUSDT,signac_480_xrank,0,0.0
1a_full,micro,120,XRPUSDT,sflow_480,0,0.0
1a_full,micro,120,XRPUSDT,sflow_480_xrank,0,0.0
1a_full,cross,120,XRPUSDT,own_ret_1,0,0.0
1a_full,cross,120,XRPUSDT,btc_ret_1,0,0.0
1a_full,cross,120,XRPUSDT,eth_ret_1,0,0.0
1a_full,cross,120,XRPUSDT,mkt_ret_1,0,0.0
1a_full,cross,120,XRPUSDT,breadth_1,0,0.0
1a_full,cross,120,XRPUSDT,disp_1,0,0.0
1a_full,cross,120,XRPUSDT,relstr_1,0,0.0
1a_full,cross,120,XRPUSDT,rank_1,0,0.0
1a_full,cross,120,XRPUSDT,btc_minus_own_1,0,0.0
1a_full,cross,120,XRPUSDT,eth_minus_own_1,0,0.0
1a_full,cross,120,XRPUSDT,own_ret_5,0,0.0
1a_full,cross,120,XRPUSDT,btc_ret_5,0,0.0
1a_full,cross,120,XRPUSDT,eth_ret_5,0,0.0
1a_full,cross,120,XRPUSDT,mkt_ret_5,0,0.0
1a_full,cross,120,XRPUSDT,breadth_5,0,0.0
1a_full,cross,120,XRPUSDT,disp_5,0,0.0
1a_full,cross,120,XRPUSDT,relstr_5,0,0.0
1a_full,cross,120,XRPUSDT,rank_5,0,0.0
1a_full,cross,120,XRPUSDT,btc_minus_own_5,0,0.0
1a_full,cross,120,XRPUSDT,eth_minus_own_5,0,0.0
1a_full,cross,120,XRPUSDT,own_ret_15,0,0.0
1a_full,cross,120,XRPUSDT,btc_ret_15,0,0.0
1a_full,cross,120,XRPUSDT,eth_ret_15,0,0.0
1a_full,cross,120,XRPUSDT,mkt_ret_15,0,0.0
1a_full,cross,120,XRPUSDT,breadth_15,0,0.0
1a_full,cross,120,XRPUSDT,disp_15,0,0.0
1a_full,cross,120,XRPUSDT,relstr_15,0,0.0
1a_full,cross,120,XRPUSDT,rank_15,0,0.0
1a_full,cross,120,XRPUSDT,btc_minus_own_15,0,0.0
1a_full,cross,120,XRPUSDT,eth_minus_own_15,0,0.0
1a_full,cross,120,XRPUSDT,own_ret_30,0,0.0
1a_full,cross,120,XRPUSDT,btc_ret_30,0,0.0
1a_full,cross,120,XRPUSDT,eth_ret_30,0,0.0
1a_full,cross,120,XRPUSDT,mkt_ret_30,0,0.0
1a_full,cross,120,XRPUSDT,breadth_30,0,0.0
1a_full,cross,120,XRPUSDT,disp_30,0,0.0
1a_full,cross,120,XRPUSDT,relstr_30,0,0.0
1a_full,cross,120,XRPUSDT,rank_30,0,0.0
1a_full,cross,120,XRPUSDT,btc_minus_own_30,0,0.0
1a_full,cross,120,XRPUSDT,eth_minus_own_30,0,0.0
1a_full,cross,120,XRPUSDT,own_ret_60,0,0.0
1a_full,cross,120,XRPUSDT,btc_ret_60,0,0.0
1a_full,cross,120,XRPUSDT,eth_ret_60,0,0.0
1a_full,cross,120,XRPUSDT,mkt_ret_60,0,0.0
1a_full,cross,120,XRPUSDT,breadth_60,0,0.0
1a_full,cross,120,XRPUSDT,disp_60,0,0.0
1a_full,cross,120,XRPUSDT,relstr_60,0,0.0
1a_full,cross,120,XRPUSDT,rank_60,0,0.0
1a_full,cross,120,XRPUSDT,btc_minus_own_60,0,0.0
1a_full,cross,120,XRPUSDT,eth_minus_own_60,0,0.0
1a_full,cross,120,XRPUSDT,own_ret_180,0,0.0
1a_full,cross,120,XRPUSDT,btc_ret_180,0,0.0
1a_full,cross,120,XRPUSDT,eth_ret_180,0,0.0
1a_full,cross,120,XRPUSDT,mkt_ret_180,0,0.0
1a_full,cross,120,XRPUSDT,breadth_180,0,0.0
1a_full,cross,120,XRPUSDT,disp_180,0,0.0
1a_full,cross,120,XRPUSDT,relstr_180,0,0.0
1a_full,cross,120,XRPUSDT,rank_180,0,0.0
1a_full,cross,120,XRPUSDT,btc_minus_own_180,0,0.0
1a_full,cross,120,XRPUSDT,eth_minus_own_180,0,0.0
1a_full,cross,120,XRPUSDT,own_ret_360,0,0.0
1a_full,cross,120,XRPUSDT,btc_ret_360,0,0.0
1a_full,cross,120,XRPUSDT,eth_ret_360,0,0.0
1a_full,cross,120,XRPUSDT,mkt_ret_360,0,0.0
1a_full,cross,120,XRPUSDT,breadth_360,0,0.0
1a_full,cross,120,XRPUSDT,disp_360,0,0.0
1a_full,cross,120,XRPUSDT,relstr_360,0,0.0
1a_full,cross,120,XRPUSDT,rank_360,0,0.0
1a_full,cross,120,XRPUSDT,btc_minus_own_360,0,0.0
1a_full,cross,120,XRPUSDT,eth_minus_own_360,0,0.0
1a_full,cross,120,XRPUSDT,own_ret_720,0,0.0
1a_full,cross,120,XRPUSDT,btc_ret_720,0,0.0
1a_full,cross,120,XRPUSDT,eth_ret_720,0,0.0
1a_full,cross,120,XRPUSDT,mkt_ret_720,0,0.0
1a_full,cross,120,XRPUSDT,breadth_720,0,0.0
1a_full,cross,120,XRPUSDT,disp_720,0,0.0
1a_full,cross,120,XRPUSDT,relstr_720,0,0.0
1a_full,cross,120,XRPUSDT,rank_720,0,0.0
1a_full,cross,120,XRPUSDT,btc_minus_own_720,0,0.0
1a_full,cross,120,XRPUSDT,eth_minus_own_720,0,0.0
1a_full,cross,120,XRPUSDT,own_ret_1440,0,0.0
1a_full,cross,120,XRPUSDT,btc_ret_1440,0,0.0
1a_full,cross,120,XRPUSDT,eth_ret_1440,0,0.0
1a_full,cross,120,XRPUSDT,mkt_ret_1440,0,0.0
1a_full,cross,120,XRPUSDT,breadth_1440,0,0.0
1a_full,cross,120,XRPUSDT,disp_1440,0,0.0
1a_full,cross,120,XRPUSDT,relstr_1440,0,0.0
1a_full,cross,120,XRPUSDT,rank_1440,0,0.0
1a_full,cross,120,XRPUSDT,btc_minus_own_1440,0,0.0
1a_full,cross,120,XRPUSDT,eth_minus_own_1440,0,0.0
1a_full,micro,240,ADAUSDT,rskew_30,0,0.0
1a_full,micro,240,ADAUSDT,rskew_30_xrank,0,0.0
1a_full,micro,240,ADAUSDT,rkurt_30,0,1.1447409775655615e-07
1a_full,micro,240,ADAUSDT,rkurt_30_xrank,0,0.0
1a_full,micro,240,ADAUSDT,roll_30,0,0.0
1a_full,micro,240,ADAUSDT,roll_30_xrank,0,0.0
1a_full,micro,240,ADAUSDT,amihud_30,0,0.0
1a_full,micro,240,ADAUSDT,amihud_30_xrank,0,0.0
1a_full,micro,240,ADAUSDT,kyle_30,0,4.780965845441187e-09
1a_full,micro,240,ADAUSDT,kyle_30_xrank,0,0.0
1a_full,micro,240,ADAUSDT,vpin_30,0,4.627789707001284e-08
1a_full,micro,240,ADAUSDT,vpin_30_xrank,0,0.0
1a_full,micro,240,ADAUSDT,jump_30,0,6.493354742787005e-10
1a_full,micro,240,ADAUSDT,jump_30_xrank,0,0.0
1a_full,micro,240,ADAUSDT,vratio_30,0,0.0
1a_full,micro,240,ADAUSDT,vratio_30_xrank,0,0.0
1a_full,micro,240,ADAUSDT,cvd_slope_30,0,0.0
1a_full,micro,240,ADAUSDT,cvd_slope_30_xrank,0,0.0
1a_full,micro,240,ADAUSDT,signac_30,0,0.0
1a_full,micro,240,ADAUSDT,signac_30_xrank,0,0.0
1a_full,micro,240,ADAUSDT,sflow_30,0,2.8133997354018447e-09
1a_full,micro,240,ADAUSDT,sflow_30_xrank,0,0.0
1a_full,micro,240,ADAUSDT,rskew_120,0,1.4795961789104695e-08
1a_full,micro,240,ADAUSDT,rskew_120_xrank,0,0.0
1a_full,micro,240,ADAUSDT,rkurt_120,0,1.540771421559839e-08
1a_full,micro,240,ADAUSDT,rkurt_120_xrank,0,0.0
1a_full,micro,240,ADAUSDT,roll_120,0,0.0
1a_full,micro,240,ADAUSDT,roll_120_xrank,0,0.0
1a_full,micro,240,ADAUSDT,amihud_120,0,0.0
1a_full,micro,240,ADAUSDT,amihud_120_xrank,0,0.0
1a_full,micro,240,ADAUSDT,kyle_120,0,0.0
1a_full,micro,240,ADAUSDT,kyle_120_xrank,0,0.0
1a_full,micro,240,ADAUSDT,vpin_120,0,0.0
1a_full,micro,240,ADAUSDT,vpin_120_xrank,0,0.0
1a_full,micro,240,ADAUSDT,jump_120,0,1.6634859045794315e-09
1a_full,micro,240,ADAUSDT,jump_120_xrank,0,0.0
1a_full,micro,240,ADAUSDT,vratio_120,0,0.0
1a_full,micro,240,ADAUSDT,vratio_120_xrank,0,0.0
1a_full,micro,240,ADAUSDT,cvd_slope_120,0,0.0
1a_full,micro,240,ADAUSDT,cvd_slope_120_xrank,0,0.0
1a_full,micro,240,ADAUSDT,signac_120,0,0.0
1a_full,micro,240,ADAUSDT,signac_120_xrank,0,0.0
1a_full,micro,240,ADAUSDT,sflow_120,0,0.0
1a_full,micro,240,ADAUSDT,sflow_120_xrank,0,0.0
1a_full,micro,240,ADAUSDT,rskew_480,0,0.0
1a_full,micro,240,ADAUSDT,rskew_480_xrank,0,0.0
1a_full,micro,240,ADAUSDT,rkurt_480,0,4.886517146474034e-08
1a_full,micro,240,ADAUSDT,rkurt_480_xrank,0,0.0
1a_full,micro,240,ADAUSDT,roll_480,0,0.0
1a_full,micro,240,ADAUSDT,roll_480_xrank,0,0.0
1a_full,micro,240,ADAUSDT,amihud_480,0,0.0
1a_full,micro,240,ADAUSDT,amihud_480_xrank,0,0.0
1a_full,micro,240,ADAUSDT,kyle_480,0,0.0
1a_full,micro,240,ADAUSDT,kyle_480_xrank,0,0.0
1a_full,micro,240,ADAUSDT,vpin_480,0,0.0
1a_full,micro,240,ADAUSDT,vpin_480_xrank,0,0.0
1a_full,micro,240,ADAUSDT,jump_480,0,0.0
1a_full,micro,240,ADAUSDT,jump_480_xrank,0,0.0
1a_full,micro,240,ADAUSDT,vratio_480,0,0.0
1a_full,micro,240,ADAUSDT,vratio_480_xrank,0,0.0
1a_full,micro,240,ADAUSDT,cvd_slope_480,0,0.0
1a_full,micro,240,ADAUSDT,cvd_slope_480_xrank,0,0.0
1a_full,micro,240,ADAUSDT,signac_480,0,0.0
1a_full,micro,240,ADAUSDT,signac_480_xrank,0,0.0
1a_full,micro,240,ADAUSDT,sflow_480,0,0.0
1a_full,micro,240,ADAUSDT,sflow_480_xrank,0,0.0
1a_full,cross,240,ADAUSDT,own_ret_1,0,0.0
1a_full,cross,240,ADAUSDT,btc_ret_1,0,0.0
1a_full,cross,240,ADAUSDT,eth_ret_1,0,0.0
1a_full,cross,240,ADAUSDT,mkt_ret_1,0,0.0
1a_full,cross,240,ADAUSDT,breadth_1,0,0.0
1a_full,cross,240,ADAUSDT,disp_1,0,0.0
1a_full,cross,240,ADAUSDT,relstr_1,0,0.0
1a_full,cross,240,ADAUSDT,rank_1,0,0.0
1a_full,cross,240,ADAUSDT,btc_minus_own_1,0,0.0
1a_full,cross,240,ADAUSDT,eth_minus_own_1,0,0.0
1a_full,cross,240,ADAUSDT,own_ret_5,0,0.0
1a_full,cross,240,ADAUSDT,btc_ret_5,0,0.0
1a_full,cross,240,ADAUSDT,eth_ret_5,0,0.0
1a_full,cross,240,ADAUSDT,mkt_ret_5,0,0.0
1a_full,cross,240,ADAUSDT,breadth_5,0,0.0
1a_full,cross,240,ADAUSDT,disp_5,0,0.0
1a_full,cross,240,ADAUSDT,relstr_5,0,0.0
1a_full,cross,240,ADAUSDT,rank_5,0,0.0
1a_full,cross,240,ADAUSDT,btc_minus_own_5,0,0.0
1a_full,cross,240,ADAUSDT,eth_minus_own_5,0,0.0
1a_full,cross,240,ADAUSDT,own_ret_15,0,0.0
1a_full,cross,240,ADAUSDT,btc_ret_15,0,0.0
1a_full,cross,240,ADAUSDT,eth_ret_15,0,0.0
1a_full,cross,240,ADAUSDT,mkt_ret_15,0,0.0
1a_full,cross,240,ADAUSDT,breadth_15,0,0.0
1a_full,cross,240,ADAUSDT,disp_15,0,0.0
1a_full,cross,240,ADAUSDT,relstr_15,0,0.0
1a_full,cross,240,ADAUSDT,rank_15,0,0.0
1a_full,cross,240,ADAUSDT,btc_minus_own_15,0,0.0
1a_full,cross,240,ADAUSDT,eth_minus_own_15,0,0.0
1a_full,cross,240,ADAUSDT,own_ret_30,0,0.0
1a_full,cross,240,ADAUSDT,btc_ret_30,0,0.0
1a_full,cross,240,ADAUSDT,eth_ret_30,0,0.0
1a_full,cross,240,ADAUSDT,mkt_ret_30,0,0.0
1a_full,cross,240,ADAUSDT,breadth_30,0,0.0
1a_full,cross,240,ADAUSDT,disp_30,0,0.0
1a_full,cross,240,ADAUSDT,relstr_30,0,0.0
1a_full,cross,240,ADAUSDT,rank_30,0,0.0
1a_full,cross,240,ADAUSDT,btc_minus_own_30,0,0.0
1a_full,cross,240,ADAUSDT,eth_minus_own_30,0,0.0
1a_full,cross,240,ADAUSDT,own_ret_60,0,0.0
1a_full,cross,240,ADAUSDT,btc_ret_60,0,0.0
1a_full,cross,240,ADAUSDT,eth_ret_60,0,0.0
1a_full,cross,240,ADAUSDT,mkt_ret_60,0,0.0
1a_full,cross,240,ADAUSDT,breadth_60,0,0.0
1a_full,cross,240,ADAUSDT,disp_60,0,0.0
1a_full,cross,240,ADAUSDT,relstr_60,0,0.0
1a_full,cross,240,ADAUSDT,rank_60,0,0.0
1a_full,cross,240,ADAUSDT,btc_minus_own_60,0,0.0
1a_full,cross,240,ADAUSDT,eth_minus_own_60,0,0.0
1a_full,cross,240,ADAUSDT,own_ret_180,0,0.0
1a_full,cross,240,ADAUSDT,btc_ret_180,0,0.0
1a_full,cross,240,ADAUSDT,eth_ret_180,0,0.0
1a_full,cross,240,ADAUSDT,mkt_ret_180,0,0.0
1a_full,cross,240,ADAUSDT,breadth_180,0,0.0
1a_full,cross,240,ADAUSDT,disp_180,0,0.0
1a_full,cross,240,ADAUSDT,relstr_180,0,0.0
1a_full,cross,240,ADAUSDT,rank_180,0,0.0
1a_full,cross,240,ADAUSDT,btc_minus_own_180,0,0.0
1a_full,cross,240,ADAUSDT,eth_minus_own_180,0,0.0
1a_full,cross,240,ADAUSDT,own_ret_360,0,0.0
1a_full,cross,240,ADAUSDT,btc_ret_360,0,0.0
1a_full,cross,240,ADAUSDT,eth_ret_360,0,0.0
1a_full,cross,240,ADAUSDT,mkt_ret_360,0,0.0
1a_full,cross,240,ADAUSDT,breadth_360,0,0.0
1a_full,cross,240,ADAUSDT,disp_360,0,0.0
1a_full,cross,240,ADAUSDT,relstr_360,0,0.0
1a_full,cross,240,ADAUSDT,rank_360,0,0.0
1a_full,cross,240,ADAUSDT,btc_minus_own_360,0,0.0
1a_full,cross,240,ADAUSDT,eth_minus_own_360,0,0.0
1a_full,cross,240,ADAUSDT,own_ret_720,0,0.0
1a_full,cross,240,ADAUSDT,btc_ret_720,0,0.0
1a_full,cross,240,ADAUSDT,eth_ret_720,0,0.0
1a_full,cross,240,ADAUSDT,mkt_ret_720,0,0.0
1a_full,cross,240,ADAUSDT,breadth_720,0,0.0
1a_full,cross,240,ADAUSDT,disp_720,0,0.0
1a_full,cross,240,ADAUSDT,relstr_720,0,0.0
1a_full,cross,240,ADAUSDT,rank_720,0,0.0
1a_full,cross,240,ADAUSDT,btc_minus_own_720,0,0.0
1a_full,cross,240,ADAUSDT,eth_minus_own_720,0,0.0
1a_full,cross,240,ADAUSDT,own_ret_1440,0,0.0
1a_full,cross,240,ADAUSDT,btc_ret_1440,0,0.0
1a_full,cross,240,ADAUSDT,eth_ret_1440,0,0.0
1a_full,cross,240,ADAUSDT,mkt_ret_1440,0,0.0
1a_full,cross,240,ADAUSDT,breadth_1440,0,0.0
1a_full,cross,240,ADAUSDT,disp_1440,0,0.0
1a_full,cross,240,ADAUSDT,relstr_1440,0,0.0
1a_full,cross,240,ADAUSDT,rank_1440,0,0.0
1a_full,cross,240,ADAUSDT,btc_minus_own_1440,0,0.0
1a_full,cross,240,ADAUSDT,eth_minus_own_1440,0,0.0
1a_full,micro,240,AVAXUSDT,rskew_30,0,4.332222403036212e-08
1a_full,micro,240,AVAXUSDT,rskew_30_xrank,0,0.0
1a_full,micro,240,AVAXUSDT,rkurt_30,0,1.0234914952889085e-05
1a_full,micro,240,AVAXUSDT,rkurt_30_xrank,0,0.0
1a_full,micro,240,AVAXUSDT,roll_30,0,0.0
1a_full,micro,240,AVAXUSDT,roll_30_xrank,0,0.0
1a_full,micro,240,AVAXUSDT,amihud_30,0,0.0
1a_full,micro,240,AVAXUSDT,amihud_30_xrank,0,0.0
1a_full,micro,240,AVAXUSDT,kyle_30,0,4.69148009329956e-09
1a_full,micro,240,AVAXUSDT,kyle_30_xrank,0,0.0
1a_full,micro,240,AVAXUSDT,vpin_30,0,0.0
1a_full,micro,240,AVAXUSDT,vpin_30_xrank,0,0.0
1a_full,micro,240,AVAXUSDT,jump_30,0,1.0897232005646629e-09
1a_full,micro,240,AVAXUSDT,jump_30_xrank,0,0.0
1a_full,micro,240,AVAXUSDT,vratio_30,0,0.0
1a_full,micro,240,AVAXUSDT,vratio_30_xrank,0,0.0
1a_full,micro,240,AVAXUSDT,cvd_slope_30,0,0.0
1a_full,micro,240,AVAXUSDT,cvd_slope_30_xrank,0,0.0
1a_full,micro,240,AVAXUSDT,signac_30,0,0.0
1a_full,micro,240,AVAXUSDT,signac_30_xrank,0,0.0
1a_full,micro,240,AVAXUSDT,sflow_30,0,0.0
1a_full,micro,240,AVAXUSDT,sflow_30_xrank,0,0.0
1a_full,micro,240,AVAXUSDT,rskew_120,0,1.0541858053159103e-08
1a_full,micro,240,AVAXUSDT,rskew_120_xrank,0,0.0
1a_full,micro,240,AVAXUSDT,rkurt_120,0,2.9184886329858273e-07
1a_full,micro,240,AVAXUSDT,rkurt_120_xrank,0,0.0
1a_full,micro,240,AVAXUSDT,roll_120,0,0.0
1a_full,micro,240,AVAXUSDT,roll_120_xrank,0,0.0
1a_full,micro,240,AVAXUSDT,amihud_120,0,0.0
1a_full,micro,240,AVAXUSDT,amihud_120_xrank,0,0.0
1a_full,micro,240,AVAXUSDT,kyle_120,0,0.0
1a_full,micro,240,AVAXUSDT,kyle_120_xrank,0,0.0
1a_full,micro,240,AVAXUSDT,vpin_120,0,0.0
1a_full,micro,240,AVAXUSDT,vpin_120_xrank,0,0.0
1a_full,micro,240,AVAXUSDT,jump_120,0,7.965868853432312e-09
1a_full,micro,240,AVAXUSDT,jump_120_xrank,0,0.0
1a_full,micro,240,AVAXUSDT,vratio_120,0,0.0
1a_full,micro,240,AVAXUSDT,vratio_120_xrank,0,0.0
1a_full,micro,240,AVAXUSDT,cvd_slope_120,0,0.0
1a_full,micro,240,AVAXUSDT,cvd_slope_120_xrank,0,0.0
1a_full,micro,240,AVAXUSDT,signac_120,0,2.6047505485848887e-08
1a_full,micro,240,AVAXUSDT,signac_120_xrank,0,0.0
1a_full,micro,240,AVAXUSDT,sflow_120,0,0.0
1a_full,micro,240,AVAXUSDT,sflow_120_xrank,0,0.0
1a_full,micro,240,AVAXUSDT,rskew_480,0,1.572794339210759e-08
1a_full,micro,240,AVAXUSDT,rskew_480_xrank,0,0.0
1a_full,micro,240,AVAXUSDT,rkurt_480,0,7.423936665418296e-08
1a_full,micro,240,AVAXUSDT,rkurt_480_xrank,0,0.0
1a_full,micro,240,AVAXUSDT,roll_480,0,0.0
1a_full,micro,240,AVAXUSDT,roll_480_xrank,0,0.0
1a_full,micro,240,AVAXUSDT,amihud_480,0,0.0
1a_full,micro,240,AVAXUSDT,amihud_480_xrank,0,0.0
1a_full,micro,240,AVAXUSDT,kyle_480,0,0.0
1a_full,micro,240,AVAXUSDT,kyle_480_xrank,0,0.0
1a_full,micro,240,AVAXUSDT,vpin_480,0,0.0
1a_full,micro,240,AVAXUSDT,vpin_480_xrank,0,0.0
1a_full,micro,240,AVAXUSDT,jump_480,0,0.0
1a_full,micro,240,AVAXUSDT,jump_480_xrank,0,0.0
1a_full,micro,240,AVAXUSDT,vratio_480,0,0.0
1a_full,micro,240,AVAXUSDT,vratio_480_xrank,0,0.0
1a_full,micro,240,AVAXUSDT,cvd_slope_480,0,0.0
1a_full,micro,240,AVAXUSDT,cvd_slope_480_xrank,0,0.0
1a_full,micro,240,AVAXUSDT,signac_480,0,0.0
1a_full,micro,240,AVAXUSDT,signac_480_xrank,0,0.0
1a_full,micro,240,AVAXUSDT,sflow_480,0,0.0
1a_full,micro,240,AVAXUSDT,sflow_480_xrank,0,0.0
1a_full,cross,240,AVAXUSDT,own_ret_1,0,0.0
1a_full,cross,240,AVAXUSDT,btc_ret_1,0,0.0
1a_full,cross,240,AVAXUSDT,eth_ret_1,0,0.0
1a_full,cross,240,AVAXUSDT,mkt_ret_1,0,0.0
1a_full,cross,240,AVAXUSDT,breadth_1,0,0.0
1a_full,cross,240,AVAXUSDT,disp_1,0,0.0
1a_full,cross,240,AVAXUSDT,relstr_1,0,0.0
1a_full,cross,240,AVAXUSDT,rank_1,0,0.0
1a_full,cross,240,AVAXUSDT,btc_minus_own_1,0,0.0
1a_full,cross,240,AVAXUSDT,eth_minus_own_1,0,0.0
1a_full,cross,240,AVAXUSDT,own_ret_5,0,0.0
1a_full,cross,240,AVAXUSDT,btc_ret_5,0,0.0
1a_full,cross,240,AVAXUSDT,eth_ret_5,0,0.0
1a_full,cross,240,AVAXUSDT,mkt_ret_5,0,0.0
1a_full,cross,240,AVAXUSDT,breadth_5,0,0.0
1a_full,cross,240,AVAXUSDT,disp_5,0,0.0
1a_full,cross,240,AVAXUSDT,relstr_5,0,0.0
1a_full,cross,240,AVAXUSDT,rank_5,0,0.0
1a_full,cross,240,AVAXUSDT,btc_minus_own_5,0,0.0
1a_full,cross,240,AVAXUSDT,eth_minus_own_5,0,0.0
1a_full,cross,240,AVAXUSDT,own_ret_15,0,0.0
1a_full,cross,240,AVAXUSDT,btc_ret_15,0,0.0
1a_full,cross,240,AVAXUSDT,eth_ret_15,0,0.0
1a_full,cross,240,AVAXUSDT,mkt_ret_15,0,0.0
1a_full,cross,240,AVAXUSDT,breadth_15,0,0.0
1a_full,cross,240,AVAXUSDT,disp_15,0,0.0
1a_full,cross,240,AVAXUSDT,relstr_15,0,0.0
1a_full,cross,240,AVAXUSDT,rank_15,0,0.0
1a_full,cross,240,AVAXUSDT,btc_minus_own_15,0,0.0
1a_full,cross,240,AVAXUSDT,eth_minus_own_15,0,0.0
1a_full,cross,240,AVAXUSDT,own_ret_30,0,0.0
1a_full,cross,240,AVAXUSDT,btc_ret_30,0,0.0
1a_full,cross,240,AVAXUSDT,eth_ret_30,0,0.0
1a_full,cross,240,AVAXUSDT,mkt_ret_30,0,0.0
1a_full,cross,240,AVAXUSDT,breadth_30,0,0.0
1a_full,cross,240,AVAXUSDT,disp_30,0,0.0
1a_full,cross,240,AVAXUSDT,relstr_30,0,0.0
1a_full,cross,240,AVAXUSDT,rank_30,0,0.0
1a_full,cross,240,AVAXUSDT,btc_minus_own_30,0,0.0
1a_full,cross,240,AVAXUSDT,eth_minus_own_30,0,0.0
1a_full,cross,240,AVAXUSDT,own_ret_60,0,0.0
1a_full,cross,240,AVAXUSDT,btc_ret_60,0,0.0
1a_full,cross,240,AVAXUSDT,eth_ret_60,0,0.0
1a_full,cross,240,AVAXUSDT,mkt_ret_60,0,0.0
1a_full,cross,240,AVAXUSDT,breadth_60,0,0.0
1a_full,cross,240,AVAXUSDT,disp_60,0,0.0
1a_full,cross,240,AVAXUSDT,relstr_60,0,0.0
1a_full,cross,240,AVAXUSDT,rank_60,0,0.0
1a_full,cross,240,AVAXUSDT,btc_minus_own_60,0,0.0
1a_full,cross,240,AVAXUSDT,eth_minus_own_60,0,0.0
1a_full,cross,240,AVAXUSDT,own_ret_180,0,0.0
1a_full,cross,240,AVAXUSDT,btc_ret_180,0,0.0
1a_full,cross,240,AVAXUSDT,eth_ret_180,0,0.0
1a_full,cross,240,AVAXUSDT,mkt_ret_180,0,0.0
1a_full,cross,240,AVAXUSDT,breadth_180,0,0.0
1a_full,cross,240,AVAXUSDT,disp_180,0,0.0
1a_full,cross,240,AVAXUSDT,relstr_180,0,0.0
1a_full,cross,240,AVAXUSDT,rank_180,0,0.0
1a_full,cross,240,AVAXUSDT,btc_minus_own_180,0,0.0
1a_full,cross,240,AVAXUSDT,eth_minus_own_180,0,0.0
1a_full,cross,240,AVAXUSDT,own_ret_360,0,0.0
1a_full,cross,240,AVAXUSDT,btc_ret_360,0,0.0
1a_full,cross,240,AVAXUSDT,eth_ret_360,0,0.0
1a_full,cross,240,AVAXUSDT,mkt_ret_360,0,0.0
1a_full,cross,240,AVAXUSDT,breadth_360,0,0.0
1a_full,cross,240,AVAXUSDT,disp_360,0,0.0
1a_full,cross,240,AVAXUSDT,relstr_360,0,0.0
1a_full,cross,240,AVAXUSDT,rank_360,0,0.0
1a_full,cross,240,AVAXUSDT,btc_minus_own_360,0,0.0
1a_full,cross,240,AVAXUSDT,eth_minus_own_360,0,0.0
1a_full,cross,240,AVAXUSDT,own_ret_720,0,0.0
1a_full,cross,240,AVAXUSDT,btc_ret_720,0,0.0
1a_full,cross,240,AVAXUSDT,eth_ret_720,0,0.0
1a_full,cross,240,AVAXUSDT,mkt_ret_720,0,0.0
1a_full,cross,240,AVAXUSDT,breadth_720,0,0.0
1a_full,cross,240,AVAXUSDT,disp_720,0,0.0
1a_full,cross,240,AVAXUSDT,relstr_720,0,0.0
1a_full,cross,240,AVAXUSDT,rank_720,0,0.0
1a_full,cross,240,AVAXUSDT,btc_minus_own_720,0,0.0
1a_full,cross,240,AVAXUSDT,eth_minus_own_720,0,0.0
1a_full,cross,240,AVAXUSDT,own_ret_1440,0,0.0
1a_full,cross,240,AVAXUSDT,btc_ret_1440,0,0.0
1a_full,cross,240,AVAXUSDT,eth_ret_1440,0,0.0
1a_full,cross,240,AVAXUSDT,mkt_ret_1440,0,0.0
1a_full,cross,240,AVAXUSDT,breadth_1440,0,0.0
1a_full,cross,240,AVAXUSDT,disp_1440,0,0.0
1a_full,cross,240,AVAXUSDT,relstr_1440,0,0.0
1a_full,cross,240,AVAXUSDT,rank_1440,0,0.0
1a_full,cross,240,AVAXUSDT,btc_minus_own_1440,0,0.0
1a_full,cross,240,AVAXUSDT,eth_minus_own_1440,0,0.0
1a_full,micro,240,BNBUSDT,rskew_30,0,9.145680657240973e-09
1a_full,micro,240,BNBUSDT,rskew_30_xrank,0,0.0
1a_full,micro,240,BNBUSDT,rkurt_30,0,3.029580739166704e-06
1a_full,micro,240,BNBUSDT,rkurt_30_xrank,0,0.0
1a_full,micro,240,BNBUSDT,roll_30,0,0.0
1a_full,micro,240,BNBUSDT,roll_30_xrank,0,0.0
1a_full,micro,240,BNBUSDT,amihud_30,0,0.0
1a_full,micro,240,BNBUSDT,amihud_30_xrank,0,0.0
1a_full,micro,240,BNBUSDT,kyle_30,0,1.0967905694769797e-07
1a_full,micro,240,BNBUSDT,kyle_30_xrank,0,0.0
1a_full,micro,240,BNBUSDT,vpin_30,0,0.0
1a_full,micro,240,BNBUSDT,vpin_30_xrank,0,0.0
1a_full,micro,240,BNBUSDT,jump_30,0,1.4931111902427574e-09
1a_full,micro,240,BNBUSDT,jump_30_xrank,0,0.0
1a_full,micro,240,BNBUSDT,vratio_30,0,0.0
1a_full,micro,240,BNBUSDT,vratio_30_xrank,0,0.0
1a_full,micro,240,BNBUSDT,cvd_slope_30,0,0.0
1a_full,micro,240,BNBUSDT,cvd_slope_30_xrank,0,0.0
1a_full,micro,240,BNBUSDT,signac_30,0,0.0
1a_full,micro,240,BNBUSDT,signac_30_xrank,0,0.0
1a_full,micro,240,BNBUSDT,sflow_30,0,0.0
1a_full,micro,240,BNBUSDT,sflow_30_xrank,0,0.0
1a_full,micro,240,BNBUSDT,rskew_120,0,1.6558077131634263e-09
1a_full,micro,240,BNBUSDT,rskew_120_xrank,0,0.0
1a_full,micro,240,BNBUSDT,rkurt_120,0,8.28935213803561e-08
1a_full,micro,240,BNBUSDT,rkurt_120_xrank,0,0.0
1a_full,micro,240,BNBUSDT,roll_120,0,0.0
1a_full,micro,240,BNBUSDT,roll_120_xrank,0,0.0
1a_full,micro,240,BNBUSDT,amihud_120,0,0.0
1a_full,micro,240,BNBUSDT,amihud_120_xrank,0,0.0
1a_full,micro,240,BNBUSDT,kyle_120,0,0.0
1a_full,micro,240,BNBUSDT,kyle_120_xrank,0,0.0
1a_full,micro,240,BNBUSDT,vpin_120,0,0.0
1a_full,micro,240,BNBUSDT,vpin_120_xrank,0,0.0
1a_full,micro,240,BNBUSDT,jump_120,0,7.628832676687125e-09
1a_full,micro,240,BNBUSDT,jump_120_xrank,0,0.0
1a_full,micro,240,BNBUSDT,vratio_120,0,0.0
1a_full,micro,240,BNBUSDT,vratio_120_xrank,0,0.0
1a_full,micro,240,BNBUSDT,cvd_slope_120,0,0.0
1a_full,micro,240,BNBUSDT,cvd_slope_120_xrank,0,0.0
1a_full,micro,240,BNBUSDT,signac_120,0,0.0
1a_full,micro,240,BNBUSDT,signac_120_xrank,0,0.0
1a_full,micro,240,BNBUSDT,sflow_120,0,0.0
1a_full,micro,240,BNBUSDT,sflow_120_xrank,0,0.0
1a_full,micro,240,BNBUSDT,rskew_480,0,0.0
1a_full,micro,240,BNBUSDT,rskew_480_xrank,0,0.0
1a_full,micro,240,BNBUSDT,rkurt_480,0,3.69226675900336e-08
1a_full,micro,240,BNBUSDT,rkurt_480_xrank,0,0.0
1a_full,micro,240,BNBUSDT,roll_480,0,0.0
1a_full,micro,240,BNBUSDT,roll_480_xrank,0,0.0
1a_full,micro,240,BNBUSDT,amihud_480,0,0.0
1a_full,micro,240,BNBUSDT,amihud_480_xrank,0,0.0
1a_full,micro,240,BNBUSDT,kyle_480,0,0.0
1a_full,micro,240,BNBUSDT,kyle_480_xrank,0,0.0
1a_full,micro,240,BNBUSDT,vpin_480,0,0.0
1a_full,micro,240,BNBUSDT,vpin_480_xrank,0,0.0
1a_full,micro,240,BNBUSDT,jump_480,0,1.8577028804145357e-09
1a_full,micro,240,BNBUSDT,jump_480_xrank,0,0.0
1a_full,micro,240,BNBUSDT,vratio_480,0,0.0
1a_full,micro,240,BNBUSDT,vratio_480_xrank,0,0.0
1a_full,micro,240,BNBUSDT,cvd_slope_480,0,0.0
1a_full,micro,240,BNBUSDT,cvd_slope_480_xrank,0,0.0
1a_full,micro,240,BNBUSDT,signac_480,0,0.0
1a_full,micro,240,BNBUSDT,signac_480_xrank,0,0.0
1a_full,micro,240,BNBUSDT,sflow_480,0,0.0
1a_full,micro,240,BNBUSDT,sflow_480_xrank,0,0.0
1a_full,cross,240,BNBUSDT,own_ret_1,0,0.0
1a_full,cross,240,BNBUSDT,btc_ret_1,0,0.0
1a_full,cross,240,BNBUSDT,eth_ret_1,0,0.0
1a_full,cross,240,BNBUSDT,mkt_ret_1,0,0.0
1a_full,cross,240,BNBUSDT,breadth_1,0,0.0
1a_full,cross,240,BNBUSDT,disp_1,0,0.0
1a_full,cross,240,BNBUSDT,relstr_1,0,0.0
1a_full,cross,240,BNBUSDT,rank_1,0,0.0
1a_full,cross,240,BNBUSDT,btc_minus_own_1,0,0.0
1a_full,cross,240,BNBUSDT,eth_minus_own_1,0,0.0
1a_full,cross,240,BNBUSDT,own_ret_5,0,0.0
1a_full,cross,240,BNBUSDT,btc_ret_5,0,0.0
1a_full,cross,240,BNBUSDT,eth_ret_5,0,0.0
1a_full,cross,240,BNBUSDT,mkt_ret_5,0,0.0
1a_full,cross,240,BNBUSDT,breadth_5,0,0.0
1a_full,cross,240,BNBUSDT,disp_5,0,0.0
1a_full,cross,240,BNBUSDT,relstr_5,0,0.0
1a_full,cross,240,BNBUSDT,rank_5,0,0.0
1a_full,cross,240,BNBUSDT,btc_minus_own_5,0,0.0
1a_full,cross,240,BNBUSDT,eth_minus_own_5,0,0.0
1a_full,cross,240,BNBUSDT,own_ret_15,0,0.0
1a_full,cross,240,BNBUSDT,btc_ret_15,0,0.0
1a_full,cross,240,BNBUSDT,eth_ret_15,0,0.0
1a_full,cross,240,BNBUSDT,mkt_ret_15,0,0.0
1a_full,cross,240,BNBUSDT,breadth_15,0,0.0
1a_full,cross,240,BNBUSDT,disp_15,0,0.0
1a_full,cross,240,BNBUSDT,relstr_15,0,0.0
1a_full,cross,240,BNBUSDT,rank_15,0,0.0
1a_full,cross,240,BNBUSDT,btc_minus_own_15,0,0.0
1a_full,cross,240,BNBUSDT,eth_minus_own_15,0,0.0
1a_full,cross,240,BNBUSDT,own_ret_30,0,0.0
1a_full,cross,240,BNBUSDT,btc_ret_30,0,0.0
1a_full,cross,240,BNBUSDT,eth_ret_30,0,0.0
1a_full,cross,240,BNBUSDT,mkt_ret_30,0,0.0
1a_full,cross,240,BNBUSDT,breadth_30,0,0.0
1a_full,cross,240,BNBUSDT,disp_30,0,0.0
1a_full,cross,240,BNBUSDT,relstr_30,0,0.0
1a_full,cross,240,BNBUSDT,rank_30,0,0.0
1a_full,cross,240,BNBUSDT,btc_minus_own_30,0,0.0
1a_full,cross,240,BNBUSDT,eth_minus_own_30,0,0.0
1a_full,cross,240,BNBUSDT,own_ret_60,0,0.0
1a_full,cross,240,BNBUSDT,btc_ret_60,0,0.0
1a_full,cross,240,BNBUSDT,eth_ret_60,0,0.0
1a_full,cross,240,BNBUSDT,mkt_ret_60,0,0.0
1a_full,cross,240,BNBUSDT,breadth_60,0,0.0
1a_full,cross,240,BNBUSDT,disp_60,0,0.0
1a_full,cross,240,BNBUSDT,relstr_60,0,0.0
1a_full,cross,240,BNBUSDT,rank_60,0,0.0
1a_full,cross,240,BNBUSDT,btc_minus_own_60,0,0.0
1a_full,cross,240,BNBUSDT,eth_minus_own_60,0,0.0
1a_full,cross,240,BNBUSDT,own_ret_180,0,0.0
1a_full,cross,240,BNBUSDT,btc_ret_180,0,0.0
1a_full,cross,240,BNBUSDT,eth_ret_180,0,0.0
1a_full,cross,240,BNBUSDT,mkt_ret_180,0,0.0
1a_full,cross,240,BNBUSDT,breadth_180,0,0.0
1a_full,cross,240,BNBUSDT,disp_180,0,0.0
1a_full,cross,240,BNBUSDT,relstr_180,0,0.0
1a_full,cross,240,BNBUSDT,rank_180,0,0.0
1a_full,cross,240,BNBUSDT,btc_minus_own_180,0,0.0
1a_full,cross,240,BNBUSDT,eth_minus_own_180,0,0.0
1a_full,cross,240,BNBUSDT,own_ret_360,0,0.0
1a_full,cross,240,BNBUSDT,btc_ret_360,0,0.0
1a_full,cross,240,BNBUSDT,eth_ret_360,0,0.0
1a_full,cross,240,BNBUSDT,mkt_ret_360,0,0.0
1a_full,cross,240,BNBUSDT,breadth_360,0,0.0
1a_full,cross,240,BNBUSDT,disp_360,0,0.0
1a_full,cross,240,BNBUSDT,relstr_360,0,0.0
1a_full,cross,240,BNBUSDT,rank_360,0,0.0
1a_full,cross,240,BNBUSDT,btc_minus_own_360,0,0.0
1a_full,cross,240,BNBUSDT,eth_minus_own_360,0,0.0
1a_full,cross,240,BNBUSDT,own_ret_720,0,0.0
1a_full,cross,240,BNBUSDT,btc_ret_720,0,0.0
1a_full,cross,240,BNBUSDT,eth_ret_720,0,0.0
1a_full,cross,240,BNBUSDT,mkt_ret_720,0,0.0
1a_full,cross,240,BNBUSDT,breadth_720,0,0.0
1a_full,cross,240,BNBUSDT,disp_720,0,0.0
1a_full,cross,240,BNBUSDT,relstr_720,0,0.0
1a_full,cross,240,BNBUSDT,rank_720,0,0.0
1a_full,cross,240,BNBUSDT,btc_minus_own_720,0,0.0
1a_full,cross,240,BNBUSDT,eth_minus_own_720,0,0.0
1a_full,cross,240,BNBUSDT,own_ret_1440,0,0.0
1a_full,cross,240,BNBUSDT,btc_ret_1440,0,0.0
1a_full,cross,240,BNBUSDT,eth_ret_1440,0,0.0
1a_full,cross,240,BNBUSDT,mkt_ret_1440,0,0.0
1a_full,cross,240,BNBUSDT,breadth_1440,0,0.0
1a_full,cross,240,BNBUSDT,disp_1440,0,0.0
1a_full,cross,240,BNBUSDT,relstr_1440,0,0.0
1a_full,cross,240,BNBUSDT,rank_1440,0,0.0
1a_full,cross,240,BNBUSDT,btc_minus_own_1440,0,0.0
1a_full,cross,240,BNBUSDT,eth_minus_own_1440,0,0.0
1a_full,micro,240,BTCUSDT,rskew_30,0,6.09874789558873e-11
1a_full,micro,240,BTCUSDT,rskew_30_xrank,0,0.0
1a_full,micro,240,BTCUSDT,rkurt_30,0,7.755464253023092e-07
1a_full,micro,240,BTCUSDT,rkurt_30_xrank,0,0.0
1a_full,micro,240,BTCUSDT,roll_30,0,0.0
1a_full,micro,240,BTCUSDT,roll_30_xrank,0,0.0
1a_full,micro,240,BTCUSDT,amihud_30,0,0.0
1a_full,micro,240,BTCUSDT,amihud_30_xrank,0,0.0
1a_full,micro,240,BTCUSDT,kyle_30,0,0.0
1a_full,micro,240,BTCUSDT,kyle_30_xrank,0,0.0
1a_full,micro,240,BTCUSDT,vpin_30,0,0.0
1a_full,micro,240,BTCUSDT,vpin_30_xrank,0,0.0
1a_full,micro,240,BTCUSDT,jump_30,0,8.471840118318141e-09
1a_full,micro,240,BTCUSDT,jump_30_xrank,0,0.0
1a_full,micro,240,BTCUSDT,vratio_30,0,0.0
1a_full,micro,240,BTCUSDT,vratio_30_xrank,0,0.0
1a_full,micro,240,BTCUSDT,cvd_slope_30,0,0.0
1a_full,micro,240,BTCUSDT,cvd_slope_30_xrank,0,0.0
1a_full,micro,240,BTCUSDT,signac_30,0,0.0
1a_full,micro,240,BTCUSDT,signac_30_xrank,0,0.0
1a_full,micro,240,BTCUSDT,sflow_30,0,0.0
1a_full,micro,240,BTCUSDT,sflow_30_xrank,0,0.0
1a_full,micro,240,BTCUSDT,rskew_120,0,0.0
1a_full,micro,240,BTCUSDT,rskew_120_xrank,0,0.0
1a_full,micro,240,BTCUSDT,rkurt_120,0,4.34491642664625e-09
1a_full,micro,240,BTCUSDT,rkurt_120_xrank,0,0.0
1a_full,micro,240,BTCUSDT,roll_120,0,0.0
1a_full,micro,240,BTCUSDT,roll_120_xrank,0,0.0
1a_full,micro,240,BTCUSDT,amihud_120,0,5.386616308555858e-08
1a_full,micro,240,BTCUSDT,amihud_120_xrank,0,0.0
1a_full,micro,240,BTCUSDT,kyle_120,0,0.0
1a_full,micro,240,BTCUSDT,kyle_120_xrank,0,0.0
1a_full,micro,240,BTCUSDT,vpin_120,0,0.0
1a_full,micro,240,BTCUSDT,vpin_120_xrank,0,0.0
1a_full,micro,240,BTCUSDT,jump_120,0,7.26527449312897e-10
1a_full,micro,240,BTCUSDT,jump_120_xrank,0,0.0
1a_full,micro,240,BTCUSDT,vratio_120,0,0.0
1a_full,micro,240,BTCUSDT,vratio_120_xrank,0,0.0
1a_full,micro,240,BTCUSDT,cvd_slope_120,0,0.0
1a_full,micro,240,BTCUSDT,cvd_slope_120_xrank,0,0.0
1a_full,micro,240,BTCUSDT,signac_120,0,0.0
1a_full,micro,240,BTCUSDT,signac_120_xrank,0,0.0
1a_full,micro,240,BTCUSDT,sflow_120,0,0.0
1a_full,micro,240,BTCUSDT,sflow_120_xrank,0,0.0
1a_full,micro,240,BTCUSDT,rskew_480,0,0.0
1a_full,micro,240,BTCUSDT,rskew_480_xrank,0,0.0
1a_full,micro,240,BTCUSDT,rkurt_480,0,0.0
1a_full,micro,240,BTCUSDT,rkurt_480_xrank,0,0.0
1a_full,micro,240,BTCUSDT,roll_480,0,0.0
1a_full,micro,240,BTCUSDT,roll_480_xrank,0,0.0
1a_full,micro,240,BTCUSDT,amihud_480,0,0.0
1a_full,micro,240,BTCUSDT,amihud_480_xrank,0,0.0
1a_full,micro,240,BTCUSDT,kyle_480,0,0.0
1a_full,micro,240,BTCUSDT,kyle_480_xrank,0,0.0
1a_full,micro,240,BTCUSDT,vpin_480,0,0.0
1a_full,micro,240,BTCUSDT,vpin_480_xrank,0,0.0
1a_full,micro,240,BTCUSDT,jump_480,0,0.0
1a_full,micro,240,BTCUSDT,jump_480_xrank,0,0.0
1a_full,micro,240,BTCUSDT,vratio_480,0,0.0
1a_full,micro,240,BTCUSDT,vratio_480_xrank,0,0.0
1a_full,micro,240,BTCUSDT,cvd_slope_480,0,0.0
1a_full,micro,240,BTCUSDT,cvd_slope_480_xrank,0,0.0
1a_full,micro,240,BTCUSDT,signac_480,0,0.0
1a_full,micro,240,BTCUSDT,signac_480_xrank,0,0.0
1a_full,micro,240,BTCUSDT,sflow_480,0,0.0
1a_full,micro,240,BTCUSDT,sflow_480_xrank,0,0.0
1a_full,cross,240,BTCUSDT,own_ret_1,0,0.0
1a_full,cross,240,BTCUSDT,btc_ret_1,0,0.0
1a_full,cross,240,BTCUSDT,eth_ret_1,0,0.0
1a_full,cross,240,BTCUSDT,mkt_ret_1,0,0.0
1a_full,cross,240,BTCUSDT,breadth_1,0,0.0
1a_full,cross,240,BTCUSDT,disp_1,0,0.0
1a_full,cross,240,BTCUSDT,relstr_1,0,0.0
1a_full,cross,240,BTCUSDT,rank_1,0,0.0
1a_full,cross,240,BTCUSDT,btc_minus_own_1,0,0.0
1a_full,cross,240,BTCUSDT,eth_minus_own_1,0,0.0
1a_full,cross,240,BTCUSDT,own_ret_5,0,0.0
1a_full,cross,240,BTCUSDT,btc_ret_5,0,0.0
1a_full,cross,240,BTCUSDT,eth_ret_5,0,0.0
1a_full,cross,240,BTCUSDT,mkt_ret_5,0,0.0
1a_full,cross,240,BTCUSDT,breadth_5,0,0.0
1a_full,cross,240,BTCUSDT,disp_5,0,0.0
1a_full,cross,240,BTCUSDT,relstr_5,0,0.0
1a_full,cross,240,BTCUSDT,rank_5,0,0.0
1a_full,cross,240,BTCUSDT,btc_minus_own_5,0,0.0
1a_full,cross,240,BTCUSDT,eth_minus_own_5,0,0.0
1a_full,cross,240,BTCUSDT,own_ret_15,0,0.0
1a_full,cross,240,BTCUSDT,btc_ret_15,0,0.0
1a_full,cross,240,BTCUSDT,eth_ret_15,0,0.0
1a_full,cross,240,BTCUSDT,mkt_ret_15,0,0.0
1a_full,cross,240,BTCUSDT,breadth_15,0,0.0
1a_full,cross,240,BTCUSDT,disp_15,0,0.0
1a_full,cross,240,BTCUSDT,relstr_15,0,0.0
1a_full,cross,240,BTCUSDT,rank_15,0,0.0
1a_full,cross,240,BTCUSDT,btc_minus_own_15,0,0.0
1a_full,cross,240,BTCUSDT,eth_minus_own_15,0,0.0
1a_full,cross,240,BTCUSDT,own_ret_30,0,0.0
1a_full,cross,240,BTCUSDT,btc_ret_30,0,0.0
1a_full,cross,240,BTCUSDT,eth_ret_30,0,0.0
1a_full,cross,240,BTCUSDT,mkt_ret_30,0,0.0
1a_full,cross,240,BTCUSDT,breadth_30,0,0.0
1a_full,cross,240,BTCUSDT,disp_30,0,0.0
1a_full,cross,240,BTCUSDT,relstr_30,0,0.0
1a_full,cross,240,BTCUSDT,rank_30,0,0.0
1a_full,cross,240,BTCUSDT,btc_minus_own_30,0,0.0
1a_full,cross,240,BTCUSDT,eth_minus_own_30,0,0.0
1a_full,cross,240,BTCUSDT,own_ret_60,0,0.0
1a_full,cross,240,BTCUSDT,btc_ret_60,0,0.0
1a_full,cross,240,BTCUSDT,eth_ret_60,0,0.0
1a_full,cross,240,BTCUSDT,mkt_ret_60,0,0.0
1a_full,cross,240,BTCUSDT,breadth_60,0,0.0
1a_full,cross,240,BTCUSDT,disp_60,0,0.0
1a_full,cross,240,BTCUSDT,relstr_60,0,0.0
1a_full,cross,240,BTCUSDT,rank_60,0,0.0
1a_full,cross,240,BTCUSDT,btc_minus_own_60,0,0.0
1a_full,cross,240,BTCUSDT,eth_minus_own_60,0,0.0
1a_full,cross,240,BTCUSDT,own_ret_180,0,0.0
1a_full,cross,240,BTCUSDT,btc_ret_180,0,0.0
1a_full,cross,240,BTCUSDT,eth_ret_180,0,0.0
1a_full,cross,240,BTCUSDT,mkt_ret_180,0,0.0
1a_full,cross,240,BTCUSDT,breadth_180,0,0.0
1a_full,cross,240,BTCUSDT,disp_180,0,0.0
1a_full,cross,240,BTCUSDT,relstr_180,0,0.0
1a_full,cross,240,BTCUSDT,rank_180,0,0.0
1a_full,cross,240,BTCUSDT,btc_minus_own_180,0,0.0
1a_full,cross,240,BTCUSDT,eth_minus_own_180,0,0.0
1a_full,cross,240,BTCUSDT,own_ret_360,0,0.0
1a_full,cross,240,BTCUSDT,btc_ret_360,0,0.0
1a_full,cross,240,BTCUSDT,eth_ret_360,0,0.0
1a_full,cross,240,BTCUSDT,mkt_ret_360,0,0.0
1a_full,cross,240,BTCUSDT,breadth_360,0,0.0
1a_full,cross,240,BTCUSDT,disp_360,0,0.0
1a_full,cross,240,BTCUSDT,relstr_360,0,0.0
1a_full,cross,240,BTCUSDT,rank_360,0,0.0
1a_full,cross,240,BTCUSDT,btc_minus_own_360,0,0.0
1a_full,cross,240,BTCUSDT,eth_minus_own_360,0,0.0
1a_full,cross,240,BTCUSDT,own_ret_720,0,0.0
1a_full,cross,240,BTCUSDT,btc_ret_720,0,0.0
1a_full,cross,240,BTCUSDT,eth_ret_720,0,0.0
1a_full,cross,240,BTCUSDT,mkt_ret_720,0,0.0
1a_full,cross,240,BTCUSDT,breadth_720,0,0.0
1a_full,cross,240,BTCUSDT,disp_720,0,0.0
1a_full,cross,240,BTCUSDT,relstr_720,0,0.0
1a_full,cross,240,BTCUSDT,rank_720,0,0.0
1a_full,cross,240,BTCUSDT,btc_minus_own_720,0,0.0
1a_full,cross,240,BTCUSDT,eth_minus_own_720,0,0.0
1a_full,cross,240,BTCUSDT,own_ret_1440,0,0.0
1a_full,cross,240,BTCUSDT,btc_ret_1440,0,0.0
1a_full,cross,240,BTCUSDT,eth_ret_1440,0,0.0
1a_full,cross,240,BTCUSDT,mkt_ret_1440,0,0.0
1a_full,cross,240,BTCUSDT,breadth_1440,0,0.0
1a_full,cross,240,BTCUSDT,disp_1440,0,0.0
1a_full,cross,240,BTCUSDT,relstr_1440,0,0.0
1a_full,cross,240,BTCUSDT,rank_1440,0,0.0
1a_full,cross,240,BTCUSDT,btc_minus_own_1440,0,0.0
1a_full,cross,240,BTCUSDT,eth_minus_own_1440,0,0.0
1a_full,micro,240,DOGEUSDT,rskew_30,0,8.122739814098168e-09
1a_full,micro,240,DOGEUSDT,rskew_30_xrank,0,0.0
1a_full,micro,240,DOGEUSDT,rkurt_30,0,1.6043906043705647e-06
1a_full,micro,240,DOGEUSDT,rkurt_30_xrank,0,0.0
1a_full,micro,240,DOGEUSDT,roll_30,0,0.0
1a_full,micro,240,DOGEUSDT,roll_30_xrank,0,0.0
1a_full,micro,240,DOGEUSDT,amihud_30,0,0.0
1a_full,micro,240,DOGEUSDT,amihud_30_xrank,0,0.0
1a_full,micro,240,DOGEUSDT,kyle_30,0,1.9613523249972786e-08
1a_full,micro,240,DOGEUSDT,kyle_30_xrank,0,0.0
1a_full,micro,240,DOGEUSDT,vpin_30,0,5.069060549089954e-08
1a_full,micro,240,DOGEUSDT,vpin_30_xrank,0,0.0
1a_full,micro,240,DOGEUSDT,jump_30,0,7.73671704479284e-09
1a_full,micro,240,DOGEUSDT,jump_30_xrank,0,0.0
1a_full,micro,240,DOGEUSDT,vratio_30,0,6.692965826005093e-08
1a_full,micro,240,DOGEUSDT,vratio_30_xrank,0,0.0
1a_full,micro,240,DOGEUSDT,cvd_slope_30,0,0.0
1a_full,micro,240,DOGEUSDT,cvd_slope_30_xrank,0,0.0
1a_full,micro,240,DOGEUSDT,signac_30,0,0.0
1a_full,micro,240,DOGEUSDT,signac_30_xrank,0,0.0
1a_full,micro,240,DOGEUSDT,sflow_30,0,0.0
1a_full,micro,240,DOGEUSDT,sflow_30_xrank,0,0.0
1a_full,micro,240,DOGEUSDT,rskew_120,0,5.6442357454500325e-09
1a_full,micro,240,DOGEUSDT,rskew_120_xrank,0,0.0
1a_full,micro,240,DOGEUSDT,rkurt_120,0,8.440552790034417e-08
1a_full,micro,240,DOGEUSDT,rkurt_120_xrank,0,0.0
1a_full,micro,240,DOGEUSDT,roll_120,0,0.0
1a_full,micro,240,DOGEUSDT,roll_120_xrank,0,0.0
1a_full,micro,240,DOGEUSDT,amihud_120,0,0.0
1a_full,micro,240,DOGEUSDT,amihud_120_xrank,0,0.0
1a_full,micro,240,DOGEUSDT,kyle_120,0,0.0
1a_full,micro,240,DOGEUSDT,kyle_120_xrank,0,0.0
1a_full,micro,240,DOGEUSDT,vpin_120,0,0.0
1a_full,micro,240,DOGEUSDT,vpin_120_xrank,0,0.0
1a_full,micro,240,DOGEUSDT,jump_120,0,1.4853458463193192e-09
1a_full,micro,240,DOGEUSDT,jump_120_xrank,0,0.0
1a_full,micro,240,DOGEUSDT,vratio_120,0,0.0
1a_full,micro,240,DOGEUSDT,vratio_120_xrank,0,0.0
1a_full,micro,240,DOGEUSDT,cvd_slope_120,0,0.0
1a_full,micro,240,DOGEUSDT,cvd_slope_120_xrank,0,0.0
1a_full,micro,240,DOGEUSDT,signac_120,0,0.0
1a_full,micro,240,DOGEUSDT,signac_120_xrank,0,0.0
1a_full,micro,240,DOGEUSDT,sflow_120,0,0.0
1a_full,micro,240,DOGEUSDT,sflow_120_xrank,0,0.0
1a_full,micro,240,DOGEUSDT,rskew_480,0,0.0
1a_full,micro,240,DOGEUSDT,rskew_480_xrank,0,0.0
1a_full,micro,240,DOGEUSDT,rkurt_480,0,5.670656477718694e-08
1a_full,micro,240,DOGEUSDT,rkurt_480_xrank,0,0.0
1a_full,micro,240,DOGEUSDT,roll_480,0,0.0
1a_full,micro,240,DOGEUSDT,roll_480_xrank,0,0.0
1a_full,micro,240,DOGEUSDT,amihud_480,0,0.0
1a_full,micro,240,DOGEUSDT,amihud_480_xrank,0,0.0
1a_full,micro,240,DOGEUSDT,kyle_480,0,0.0
1a_full,micro,240,DOGEUSDT,kyle_480_xrank,0,0.0
1a_full,micro,240,DOGEUSDT,vpin_480,0,0.0
1a_full,micro,240,DOGEUSDT,vpin_480_xrank,0,0.0
1a_full,micro,240,DOGEUSDT,jump_480,0,2.0712819903678792e-08
1a_full,micro,240,DOGEUSDT,jump_480_xrank,0,0.0
1a_full,micro,240,DOGEUSDT,vratio_480,0,0.0
1a_full,micro,240,DOGEUSDT,vratio_480_xrank,0,0.0
1a_full,micro,240,DOGEUSDT,cvd_slope_480,0,0.0
1a_full,micro,240,DOGEUSDT,cvd_slope_480_xrank,0,0.0
1a_full,micro,240,DOGEUSDT,signac_480,0,0.0
1a_full,micro,240,DOGEUSDT,signac_480_xrank,0,0.0
1a_full,micro,240,DOGEUSDT,sflow_480,0,0.0
1a_full,micro,240,DOGEUSDT,sflow_480_xrank,0,0.0
1a_full,cross,240,DOGEUSDT,own_ret_1,0,0.0
1a_full,cross,240,DOGEUSDT,btc_ret_1,0,0.0
1a_full,cross,240,DOGEUSDT,eth_ret_1,0,0.0
1a_full,cross,240,DOGEUSDT,mkt_ret_1,0,0.0
1a_full,cross,240,DOGEUSDT,breadth_1,0,0.0
1a_full,cross,240,DOGEUSDT,disp_1,0,0.0
1a_full,cross,240,DOGEUSDT,relstr_1,0,0.0
1a_full,cross,240,DOGEUSDT,rank_1,0,0.0
1a_full,cross,240,DOGEUSDT,btc_minus_own_1,0,0.0
1a_full,cross,240,DOGEUSDT,eth_minus_own_1,0,0.0
1a_full,cross,240,DOGEUSDT,own_ret_5,0,0.0
1a_full,cross,240,DOGEUSDT,btc_ret_5,0,0.0
1a_full,cross,240,DOGEUSDT,eth_ret_5,0,0.0
1a_full,cross,240,DOGEUSDT,mkt_ret_5,0,0.0
1a_full,cross,240,DOGEUSDT,breadth_5,0,0.0
1a_full,cross,240,DOGEUSDT,disp_5,0,0.0
1a_full,cross,240,DOGEUSDT,relstr_5,0,0.0
1a_full,cross,240,DOGEUSDT,rank_5,0,0.0
1a_full,cross,240,DOGEUSDT,btc_minus_own_5,0,0.0
1a_full,cross,240,DOGEUSDT,eth_minus_own_5,0,0.0
1a_full,cross,240,DOGEUSDT,own_ret_15,0,0.0
1a_full,cross,240,DOGEUSDT,btc_ret_15,0,0.0
1a_full,cross,240,DOGEUSDT,eth_ret_15,0,0.0
1a_full,cross,240,DOGEUSDT,mkt_ret_15,0,0.0
1a_full,cross,240,DOGEUSDT,breadth_15,0,0.0
1a_full,cross,240,DOGEUSDT,disp_15,0,0.0
1a_full,cross,240,DOGEUSDT,relstr_15,0,0.0
1a_full,cross,240,DOGEUSDT,rank_15,0,0.0
1a_full,cross,240,DOGEUSDT,btc_minus_own_15,0,0.0
1a_full,cross,240,DOGEUSDT,eth_minus_own_15,0,0.0
1a_full,cross,240,DOGEUSDT,own_ret_30,0,0.0
1a_full,cross,240,DOGEUSDT,btc_ret_30,0,0.0
1a_full,cross,240,DOGEUSDT,eth_ret_30,0,0.0
1a_full,cross,240,DOGEUSDT,mkt_ret_30,0,0.0
1a_full,cross,240,DOGEUSDT,breadth_30,0,0.0
1a_full,cross,240,DOGEUSDT,disp_30,0,0.0
1a_full,cross,240,DOGEUSDT,relstr_30,0,0.0
1a_full,cross,240,DOGEUSDT,rank_30,0,0.0
1a_full,cross,240,DOGEUSDT,btc_minus_own_30,0,0.0
1a_full,cross,240,DOGEUSDT,eth_minus_own_30,0,0.0
1a_full,cross,240,DOGEUSDT,own_ret_60,0,0.0
1a_full,cross,240,DOGEUSDT,btc_ret_60,0,0.0
1a_full,cross,240,DOGEUSDT,eth_ret_60,0,0.0
1a_full,cross,240,DOGEUSDT,mkt_ret_60,0,0.0
1a_full,cross,240,DOGEUSDT,breadth_60,0,0.0
1a_full,cross,240,DOGEUSDT,disp_60,0,0.0
1a_full,cross,240,DOGEUSDT,relstr_60,0,0.0
1a_full,cross,240,DOGEUSDT,rank_60,0,0.0
1a_full,cross,240,DOGEUSDT,btc_minus_own_60,0,0.0
1a_full,cross,240,DOGEUSDT,eth_minus_own_60,0,0.0
1a_full,cross,240,DOGEUSDT,own_ret_180,0,0.0
1a_full,cross,240,DOGEUSDT,btc_ret_180,0,0.0
1a_full,cross,240,DOGEUSDT,eth_ret_180,0,0.0
1a_full,cross,240,DOGEUSDT,mkt_ret_180,0,0.0
1a_full,cross,240,DOGEUSDT,breadth_180,0,0.0
1a_full,cross,240,DOGEUSDT,disp_180,0,0.0
1a_full,cross,240,DOGEUSDT,relstr_180,0,0.0
1a_full,cross,240,DOGEUSDT,rank_180,0,0.0
1a_full,cross,240,DOGEUSDT,btc_minus_own_180,0,0.0
1a_full,cross,240,DOGEUSDT,eth_minus_own_180,0,0.0
1a_full,cross,240,DOGEUSDT,own_ret_360,0,0.0
1a_full,cross,240,DOGEUSDT,btc_ret_360,0,0.0
1a_full,cross,240,DOGEUSDT,eth_ret_360,0,0.0
1a_full,cross,240,DOGEUSDT,mkt_ret_360,0,0.0
1a_full,cross,240,DOGEUSDT,breadth_360,0,0.0
1a_full,cross,240,DOGEUSDT,disp_360,0,0.0
1a_full,cross,240,DOGEUSDT,relstr_360,0,0.0
1a_full,cross,240,DOGEUSDT,rank_360,0,0.0
1a_full,cross,240,DOGEUSDT,btc_minus_own_360,0,0.0
1a_full,cross,240,DOGEUSDT,eth_minus_own_360,0,0.0
1a_full,cross,240,DOGEUSDT,own_ret_720,0,0.0
1a_full,cross,240,DOGEUSDT,btc_ret_720,0,0.0
1a_full,cross,240,DOGEUSDT,eth_ret_720,0,0.0
1a_full,cross,240,DOGEUSDT,mkt_ret_720,0,0.0
1a_full,cross,240,DOGEUSDT,breadth_720,0,0.0
1a_full,cross,240,DOGEUSDT,disp_720,0,0.0
1a_full,cross,240,DOGEUSDT,relstr_720,0,0.0
1a_full,cross,240,DOGEUSDT,rank_720,0,0.0
1a_full,cross,240,DOGEUSDT,btc_minus_own_720,0,0.0
1a_full,cross,240,DOGEUSDT,eth_minus_own_720,0,0.0
1a_full,cross,240,DOGEUSDT,own_ret_1440,0,0.0
1a_full,cross,240,DOGEUSDT,btc_ret_1440,0,0.0
1a_full,cross,240,DOGEUSDT,eth_ret_1440,0,0.0
1a_full,cross,240,DOGEUSDT,mkt_ret_1440,0,0.0
1a_full,cross,240,DOGEUSDT,breadth_1440,0,0.0
1a_full,cross,240,DOGEUSDT,disp_1440,0,0.0
1a_full,cross,240,DOGEUSDT,relstr_1440,0,0.0
1a_full,cross,240,DOGEUSDT,rank_1440,0,0.0
1a_full,cross,240,DOGEUSDT,btc_minus_own_1440,0,0.0
1a_full,cross,240,DOGEUSDT,eth_minus_own_1440,0,0.0
1a_full,micro,240,DOTUSDT,rskew_30,0,9.831784275604605e-10
1a_full,micro,240,DOTUSDT,rskew_30_xrank,0,0.0
1a_full,micro,240,DOTUSDT,rkurt_30,0,1.7342703131362214e-06
1a_full,micro,240,DOTUSDT,rkurt_30_xrank,0,0.0
1a_full,micro,240,DOTUSDT,roll_30,0,0.0
1a_full,micro,240,DOTUSDT,roll_30_xrank,0,0.0
1a_full,micro,240,DOTUSDT,amihud_30,0,0.0
1a_full,micro,240,DOTUSDT,amihud_30_xrank,0,0.0
1a_full,micro,240,DOTUSDT,kyle_30,0,6.075189418197624e-08
1a_full,micro,240,DOTUSDT,kyle_30_xrank,0,0.0
1a_full,micro,240,DOTUSDT,vpin_30,0,0.0
1a_full,micro,240,DOTUSDT,vpin_30_xrank,0,0.0
1a_full,micro,240,DOTUSDT,jump_30,0,3.098433865034167e-08
1a_full,micro,240,DOTUSDT,jump_30_xrank,0,0.0
1a_full,micro,240,DOTUSDT,vratio_30,0,0.0
1a_full,micro,240,DOTUSDT,vratio_30_xrank,0,0.0
1a_full,micro,240,DOTUSDT,cvd_slope_30,0,0.0
1a_full,micro,240,DOTUSDT,cvd_slope_30_xrank,0,0.0
1a_full,micro,240,DOTUSDT,signac_30,0,0.0
1a_full,micro,240,DOTUSDT,signac_30_xrank,0,0.0
1a_full,micro,240,DOTUSDT,sflow_30,0,0.0
1a_full,micro,240,DOTUSDT,sflow_30_xrank,0,0.0
1a_full,micro,240,DOTUSDT,rskew_120,0,3.3002094390610637e-09
1a_full,micro,240,DOTUSDT,rskew_120_xrank,0,0.0
1a_full,micro,240,DOTUSDT,rkurt_120,0,8.279086216589349e-08
1a_full,micro,240,DOTUSDT,rkurt_120_xrank,0,0.0
1a_full,micro,240,DOTUSDT,roll_120,0,0.0
1a_full,micro,240,DOTUSDT,roll_120_xrank,0,0.0
1a_full,micro,240,DOTUSDT,amihud_120,0,0.0
1a_full,micro,240,DOTUSDT,amihud_120_xrank,0,0.0
1a_full,micro,240,DOTUSDT,kyle_120,0,9.171212411729357e-08
1a_full,micro,240,DOTUSDT,kyle_120_xrank,0,0.0
1a_full,micro,240,DOTUSDT,vpin_120,0,0.0
1a_full,micro,240,DOTUSDT,vpin_120_xrank,0,0.0
1a_full,micro,240,DOTUSDT,jump_120,0,2.6929273033715617e-08
1a_full,micro,240,DOTUSDT,jump_120_xrank,0,0.0
1a_full,micro,240,DOTUSDT,vratio_120,0,0.0
1a_full,micro,240,DOTUSDT,vratio_120_xrank,0,0.0
1a_full,micro,240,DOTUSDT,cvd_slope_120,0,3.6284903970340565e-09
1a_full,micro,240,DOTUSDT,cvd_slope_120_xrank,0,0.0
1a_full,micro,240,DOTUSDT,signac_120,0,0.0
1a_full,micro,240,DOTUSDT,signac_120_xrank,0,0.0
1a_full,micro,240,DOTUSDT,sflow_120,0,0.0
1a_full,micro,240,DOTUSDT,sflow_120_xrank,0,0.0
1a_full,micro,240,DOTUSDT,rskew_480,0,3.015425409369499e-10
1a_full,micro,240,DOTUSDT,rskew_480_xrank,0,0.0
1a_full,micro,240,DOTUSDT,rkurt_480,0,3.2512183167909825e-08
1a_full,micro,240,DOTUSDT,rkurt_480_xrank,0,0.0
1a_full,micro,240,DOTUSDT,roll_480,0,0.0
1a_full,micro,240,DOTUSDT,roll_480_xrank,0,0.0
1a_full,micro,240,DOTUSDT,amihud_480,0,0.0
1a_full,micro,240,DOTUSDT,amihud_480_xrank,0,0.0
1a_full,micro,240,DOTUSDT,kyle_480,0,6.958741494145215e-08
1a_full,micro,240,DOTUSDT,kyle_480_xrank,0,0.0
1a_full,micro,240,DOTUSDT,vpin_480,0,0.0
1a_full,micro,240,DOTUSDT,vpin_480_xrank,0,0.0
1a_full,micro,240,DOTUSDT,jump_480,0,1.987012332449467e-08
1a_full,micro,240,DOTUSDT,jump_480_xrank,0,0.0
1a_full,micro,240,DOTUSDT,vratio_480,0,0.0
1a_full,micro,240,DOTUSDT,vratio_480_xrank,0,0.0
1a_full,micro,240,DOTUSDT,cvd_slope_480,0,0.0
1a_full,micro,240,DOTUSDT,cvd_slope_480_xrank,0,0.0
1a_full,micro,240,DOTUSDT,signac_480,0,0.0
1a_full,micro,240,DOTUSDT,signac_480_xrank,0,0.0
1a_full,micro,240,DOTUSDT,sflow_480,0,0.0
1a_full,micro,240,DOTUSDT,sflow_480_xrank,0,0.0
1a_full,cross,240,DOTUSDT,own_ret_1,0,0.0
1a_full,cross,240,DOTUSDT,btc_ret_1,0,0.0
1a_full,cross,240,DOTUSDT,eth_ret_1,0,0.0
1a_full,cross,240,DOTUSDT,mkt_ret_1,0,0.0
1a_full,cross,240,DOTUSDT,breadth_1,0,0.0
1a_full,cross,240,DOTUSDT,disp_1,0,0.0
1a_full,cross,240,DOTUSDT,relstr_1,0,0.0
1a_full,cross,240,DOTUSDT,rank_1,0,0.0
1a_full,cross,240,DOTUSDT,btc_minus_own_1,0,0.0
1a_full,cross,240,DOTUSDT,eth_minus_own_1,0,0.0
1a_full,cross,240,DOTUSDT,own_ret_5,0,0.0
1a_full,cross,240,DOTUSDT,btc_ret_5,0,0.0
1a_full,cross,240,DOTUSDT,eth_ret_5,0,0.0
1a_full,cross,240,DOTUSDT,mkt_ret_5,0,0.0
1a_full,cross,240,DOTUSDT,breadth_5,0,0.0
1a_full,cross,240,DOTUSDT,disp_5,0,0.0
1a_full,cross,240,DOTUSDT,relstr_5,0,0.0
1a_full,cross,240,DOTUSDT,rank_5,0,0.0
1a_full,cross,240,DOTUSDT,btc_minus_own_5,0,0.0
1a_full,cross,240,DOTUSDT,eth_minus_own_5,0,0.0
1a_full,cross,240,DOTUSDT,own_ret_15,0,0.0
1a_full,cross,240,DOTUSDT,btc_ret_15,0,0.0
1a_full,cross,240,DOTUSDT,eth_ret_15,0,0.0
1a_full,cross,240,DOTUSDT,mkt_ret_15,0,0.0
1a_full,cross,240,DOTUSDT,breadth_15,0,0.0
1a_full,cross,240,DOTUSDT,disp_15,0,0.0
1a_full,cross,240,DOTUSDT,relstr_15,0,0.0
1a_full,cross,240,DOTUSDT,rank_15,0,0.0
1a_full,cross,240,DOTUSDT,btc_minus_own_15,0,0.0
1a_full,cross,240,DOTUSDT,eth_minus_own_15,0,0.0
1a_full,cross,240,DOTUSDT,own_ret_30,0,0.0
1a_full,cross,240,DOTUSDT,btc_ret_30,0,0.0
1a_full,cross,240,DOTUSDT,eth_ret_30,0,0.0
1a_full,cross,240,DOTUSDT,mkt_ret_30,0,0.0
1a_full,cross,240,DOTUSDT,breadth_30,0,0.0
1a_full,cross,240,DOTUSDT,disp_30,0,0.0
1a_full,cross,240,DOTUSDT,relstr_30,0,0.0
1a_full,cross,240,DOTUSDT,rank_30,0,0.0
1a_full,cross,240,DOTUSDT,btc_minus_own_30,0,0.0
1a_full,cross,240,DOTUSDT,eth_minus_own_30,0,0.0
1a_full,cross,240,DOTUSDT,own_ret_60,0,0.0
1a_full,cross,240,DOTUSDT,btc_ret_60,0,0.0
1a_full,cross,240,DOTUSDT,eth_ret_60,0,0.0
1a_full,cross,240,DOTUSDT,mkt_ret_60,0,0.0
1a_full,cross,240,DOTUSDT,breadth_60,0,0.0
1a_full,cross,240,DOTUSDT,disp_60,0,0.0
1a_full,cross,240,DOTUSDT,relstr_60,0,0.0
1a_full,cross,240,DOTUSDT,rank_60,0,0.0
1a_full,cross,240,DOTUSDT,btc_minus_own_60,0,0.0
1a_full,cross,240,DOTUSDT,eth_minus_own_60,0,0.0
1a_full,cross,240,DOTUSDT,own_ret_180,0,0.0
1a_full,cross,240,DOTUSDT,btc_ret_180,0,0.0
1a_full,cross,240,DOTUSDT,eth_ret_180,0,0.0
1a_full,cross,240,DOTUSDT,mkt_ret_180,0,0.0
1a_full,cross,240,DOTUSDT,breadth_180,0,0.0
1a_full,cross,240,DOTUSDT,disp_180,0,0.0
1a_full,cross,240,DOTUSDT,relstr_180,0,0.0
1a_full,cross,240,DOTUSDT,rank_180,0,0.0
1a_full,cross,240,DOTUSDT,btc_minus_own_180,0,0.0
1a_full,cross,240,DOTUSDT,eth_minus_own_180,0,0.0
1a_full,cross,240,DOTUSDT,own_ret_360,0,0.0
1a_full,cross,240,DOTUSDT,btc_ret_360,0,0.0
1a_full,cross,240,DOTUSDT,eth_ret_360,0,0.0
1a_full,cross,240,DOTUSDT,mkt_ret_360,0,0.0
1a_full,cross,240,DOTUSDT,breadth_360,0,0.0
1a_full,cross,240,DOTUSDT,disp_360,0,0.0
1a_full,cross,240,DOTUSDT,relstr_360,0,0.0
1a_full,cross,240,DOTUSDT,rank_360,0,0.0
1a_full,cross,240,DOTUSDT,btc_minus_own_360,0,0.0
1a_full,cross,240,DOTUSDT,eth_minus_own_360,0,0.0
1a_full,cross,240,DOTUSDT,own_ret_720,0,0.0
1a_full,cross,240,DOTUSDT,btc_ret_720,0,0.0
1a_full,cross,240,DOTUSDT,eth_ret_720,0,0.0
1a_full,cross,240,DOTUSDT,mkt_ret_720,0,0.0
1a_full,cross,240,DOTUSDT,breadth_720,0,0.0
1a_full,cross,240,DOTUSDT,disp_720,0,0.0
1a_full,cross,240,DOTUSDT,relstr_720,0,0.0
1a_full,cross,240,DOTUSDT,rank_720,0,0.0
1a_full,cross,240,DOTUSDT,btc_minus_own_720,0,0.0
1a_full,cross,240,DOTUSDT,eth_minus_own_720,0,0.0
1a_full,cross,240,DOTUSDT,own_ret_1440,0,0.0
1a_full,cross,240,DOTUSDT,btc_ret_1440,0,0.0
1a_full,cross,240,DOTUSDT,eth_ret_1440,0,0.0
1a_full,cross,240,DOTUSDT,mkt_ret_1440,0,0.0
1a_full,cross,240,DOTUSDT,breadth_1440,0,0.0
1a_full,cross,240,DOTUSDT,disp_1440,0,0.0
1a_full,cross,240,DOTUSDT,relstr_1440,0,0.0
1a_full,cross,240,DOTUSDT,rank_1440,0,0.0
1a_full,cross,240,DOTUSDT,btc_minus_own_1440,0,0.0
1a_full,cross,240,DOTUSDT,eth_minus_own_1440,0,0.0
1a_full,micro,240,ETHUSDT,rskew_30,0,3.9334256740630735e-08
1a_full,micro,240,ETHUSDT,rskew_30_xrank,0,0.0
1a_full,micro,240,ETHUSDT,rkurt_30,0,2.126478420905187e-06
1a_full,micro,240,ETHUSDT,rkurt_30_xrank,0,0.0
1a_full,micro,240,ETHUSDT,roll_30,0,0.0
1a_full,micro,240,ETHUSDT,roll_30_xrank,0,0.0
1a_full,micro,240,ETHUSDT,amihud_30,0,0.0
1a_full,micro,240,ETHUSDT,amihud_30_xrank,0,0.0
1a_full,micro,240,ETHUSDT,kyle_30,0,0.0
1a_full,micro,240,ETHUSDT,kyle_30_xrank,0,0.0
1a_full,micro,240,ETHUSDT,vpin_30,0,0.0
1a_full,micro,240,ETHUSDT,vpin_30_xrank,0,0.0
1a_full,micro,240,ETHUSDT,jump_30,0,0.0
1a_full,micro,240,ETHUSDT,jump_30_xrank,0,0.0
1a_full,micro,240,ETHUSDT,vratio_30,0,0.0
1a_full,micro,240,ETHUSDT,vratio_30_xrank,0,0.0
1a_full,micro,240,ETHUSDT,cvd_slope_30,0,0.0
1a_full,micro,240,ETHUSDT,cvd_slope_30_xrank,0,0.0
1a_full,micro,240,ETHUSDT,signac_30,0,0.0
1a_full,micro,240,ETHUSDT,signac_30_xrank,0,0.0
1a_full,micro,240,ETHUSDT,sflow_30,0,0.0
1a_full,micro,240,ETHUSDT,sflow_30_xrank,0,0.0
1a_full,micro,240,ETHUSDT,rskew_120,0,2.0102873532490406e-10
1a_full,micro,240,ETHUSDT,rskew_120_xrank,0,0.0
1a_full,micro,240,ETHUSDT,rkurt_120,0,1.065345927031558e-07
1a_full,micro,240,ETHUSDT,rkurt_120_xrank,0,0.0
1a_full,micro,240,ETHUSDT,roll_120,0,0.0
1a_full,micro,240,ETHUSDT,roll_120_xrank,0,0.0
1a_full,micro,240,ETHUSDT,amihud_120,0,0.0
1a_full,micro,240,ETHUSDT,amihud_120_xrank,0,0.0
1a_full,micro,240,ETHUSDT,kyle_120,0,0.0
1a_full,micro,240,ETHUSDT,kyle_120_xrank,0,0.0
1a_full,micro,240,ETHUSDT,vpin_120,0,0.0
1a_full,micro,240,ETHUSDT,vpin_120_xrank,0,0.0
1a_full,micro,240,ETHUSDT,jump_120,0,1.548838746145975e-08
1a_full,micro,240,ETHUSDT,jump_120_xrank,0,0.0
1a_full,micro,240,ETHUSDT,vratio_120,0,0.0
1a_full,micro,240,ETHUSDT,vratio_120_xrank,0,0.0
1a_full,micro,240,ETHUSDT,cvd_slope_120,0,0.0
1a_full,micro,240,ETHUSDT,cvd_slope_120_xrank,0,0.0
1a_full,micro,240,ETHUSDT,signac_120,0,0.0
1a_full,micro,240,ETHUSDT,signac_120_xrank,0,0.0
1a_full,micro,240,ETHUSDT,sflow_120,0,0.0
1a_full,micro,240,ETHUSDT,sflow_120_xrank,0,0.0
1a_full,micro,240,ETHUSDT,rskew_480,0,4.12061718080281e-09
1a_full,micro,240,ETHUSDT,rskew_480_xrank,0,0.0
1a_full,micro,240,ETHUSDT,rkurt_480,0,5.25919965355115e-08
1a_full,micro,240,ETHUSDT,rkurt_480_xrank,0,0.0
1a_full,micro,240,ETHUSDT,roll_480,0,0.0
1a_full,micro,240,ETHUSDT,roll_480_xrank,0,0.0
1a_full,micro,240,ETHUSDT,amihud_480,0,0.0
1a_full,micro,240,ETHUSDT,amihud_480_xrank,0,0.0
1a_full,micro,240,ETHUSDT,kyle_480,0,0.0
1a_full,micro,240,ETHUSDT,kyle_480_xrank,0,0.0
1a_full,micro,240,ETHUSDT,vpin_480,0,0.0
1a_full,micro,240,ETHUSDT,vpin_480_xrank,0,0.0
1a_full,micro,240,ETHUSDT,jump_480,0,3.627751710144622e-10
1a_full,micro,240,ETHUSDT,jump_480_xrank,0,0.0
1a_full,micro,240,ETHUSDT,vratio_480,0,0.0
1a_full,micro,240,ETHUSDT,vratio_480_xrank,0,0.0
1a_full,micro,240,ETHUSDT,cvd_slope_480,0,0.0
1a_full,micro,240,ETHUSDT,cvd_slope_480_xrank,0,0.0
1a_full,micro,240,ETHUSDT,signac_480,0,0.0
1a_full,micro,240,ETHUSDT,signac_480_xrank,0,0.0
1a_full,micro,240,ETHUSDT,sflow_480,0,0.0
1a_full,micro,240,ETHUSDT,sflow_480_xrank,0,0.0
1a_full,cross,240,ETHUSDT,own_ret_1,0,0.0
1a_full,cross,240,ETHUSDT,btc_ret_1,0,0.0
1a_full,cross,240,ETHUSDT,eth_ret_1,0,0.0
1a_full,cross,240,ETHUSDT,mkt_ret_1,0,0.0
1a_full,cross,240,ETHUSDT,breadth_1,0,0.0
1a_full,cross,240,ETHUSDT,disp_1,0,0.0
1a_full,cross,240,ETHUSDT,relstr_1,0,0.0
1a_full,cross,240,ETHUSDT,rank_1,0,0.0
1a_full,cross,240,ETHUSDT,btc_minus_own_1,0,0.0
1a_full,cross,240,ETHUSDT,eth_minus_own_1,0,0.0
1a_full,cross,240,ETHUSDT,own_ret_5,0,0.0
1a_full,cross,240,ETHUSDT,btc_ret_5,0,0.0
1a_full,cross,240,ETHUSDT,eth_ret_5,0,0.0
1a_full,cross,240,ETHUSDT,mkt_ret_5,0,0.0
1a_full,cross,240,ETHUSDT,breadth_5,0,0.0
1a_full,cross,240,ETHUSDT,disp_5,0,0.0
1a_full,cross,240,ETHUSDT,relstr_5,0,0.0
1a_full,cross,240,ETHUSDT,rank_5,0,0.0
1a_full,cross,240,ETHUSDT,btc_minus_own_5,0,0.0
1a_full,cross,240,ETHUSDT,eth_minus_own_5,0,0.0
1a_full,cross,240,ETHUSDT,own_ret_15,0,0.0
1a_full,cross,240,ETHUSDT,btc_ret_15,0,0.0
1a_full,cross,240,ETHUSDT,eth_ret_15,0,0.0
1a_full,cross,240,ETHUSDT,mkt_ret_15,0,0.0
1a_full,cross,240,ETHUSDT,breadth_15,0,0.0
1a_full,cross,240,ETHUSDT,disp_15,0,0.0
1a_full,cross,240,ETHUSDT,relstr_15,0,0.0
1a_full,cross,240,ETHUSDT,rank_15,0,0.0
1a_full,cross,240,ETHUSDT,btc_minus_own_15,0,0.0
1a_full,cross,240,ETHUSDT,eth_minus_own_15,0,0.0
1a_full,cross,240,ETHUSDT,own_ret_30,0,0.0
1a_full,cross,240,ETHUSDT,btc_ret_30,0,0.0
1a_full,cross,240,ETHUSDT,eth_ret_30,0,0.0
1a_full,cross,240,ETHUSDT,mkt_ret_30,0,0.0
1a_full,cross,240,ETHUSDT,breadth_30,0,0.0
1a_full,cross,240,ETHUSDT,disp_30,0,0.0
1a_full,cross,240,ETHUSDT,relstr_30,0,0.0
1a_full,cross,240,ETHUSDT,rank_30,0,0.0
1a_full,cross,240,ETHUSDT,btc_minus_own_30,0,0.0
1a_full,cross,240,ETHUSDT,eth_minus_own_30,0,0.0
1a_full,cross,240,ETHUSDT,own_ret_60,0,0.0
1a_full,cross,240,ETHUSDT,btc_ret_60,0,0.0
1a_full,cross,240,ETHUSDT,eth_ret_60,0,0.0
1a_full,cross,240,ETHUSDT,mkt_ret_60,0,0.0
1a_full,cross,240,ETHUSDT,breadth_60,0,0.0
1a_full,cross,240,ETHUSDT,disp_60,0,0.0
1a_full,cross,240,ETHUSDT,relstr_60,0,0.0
1a_full,cross,240,ETHUSDT,rank_60,0,0.0
1a_full,cross,240,ETHUSDT,btc_minus_own_60,0,0.0
1a_full,cross,240,ETHUSDT,eth_minus_own_60,0,0.0
1a_full,cross,240,ETHUSDT,own_ret_180,0,0.0
1a_full,cross,240,ETHUSDT,btc_ret_180,0,0.0
1a_full,cross,240,ETHUSDT,eth_ret_180,0,0.0
1a_full,cross,240,ETHUSDT,mkt_ret_180,0,0.0
1a_full,cross,240,ETHUSDT,breadth_180,0,0.0
1a_full,cross,240,ETHUSDT,disp_180,0,0.0
1a_full,cross,240,ETHUSDT,relstr_180,0,0.0
1a_full,cross,240,ETHUSDT,rank_180,0,0.0
1a_full,cross,240,ETHUSDT,btc_minus_own_180,0,0.0
1a_full,cross,240,ETHUSDT,eth_minus_own_180,0,0.0
1a_full,cross,240,ETHUSDT,own_ret_360,0,0.0
1a_full,cross,240,ETHUSDT,btc_ret_360,0,0.0
1a_full,cross,240,ETHUSDT,eth_ret_360,0,0.0
1a_full,cross,240,ETHUSDT,mkt_ret_360,0,0.0
1a_full,cross,240,ETHUSDT,breadth_360,0,0.0
1a_full,cross,240,ETHUSDT,disp_360,0,0.0
1a_full,cross,240,ETHUSDT,relstr_360,0,0.0
1a_full,cross,240,ETHUSDT,rank_360,0,0.0
1a_full,cross,240,ETHUSDT,btc_minus_own_360,0,0.0
1a_full,cross,240,ETHUSDT,eth_minus_own_360,0,0.0
1a_full,cross,240,ETHUSDT,own_ret_720,0,0.0
1a_full,cross,240,ETHUSDT,btc_ret_720,0,0.0
1a_full,cross,240,ETHUSDT,eth_ret_720,0,0.0
1a_full,cross,240,ETHUSDT,mkt_ret_720,0,0.0
1a_full,cross,240,ETHUSDT,breadth_720,0,0.0
1a_full,cross,240,ETHUSDT,disp_720,0,0.0
1a_full,cross,240,ETHUSDT,relstr_720,0,0.0
1a_full,cross,240,ETHUSDT,rank_720,0,0.0
1a_full,cross,240,ETHUSDT,btc_minus_own_720,0,0.0
1a_full,cross,240,ETHUSDT,eth_minus_own_720,0,0.0
1a_full,cross,240,ETHUSDT,own_ret_1440,0,0.0
1a_full,cross,240,ETHUSDT,btc_ret_1440,0,0.0
1a_full,cross,240,ETHUSDT,eth_ret_1440,0,0.0
1a_full,cross,240,ETHUSDT,mkt_ret_1440,0,0.0
1a_full,cross,240,ETHUSDT,breadth_1440,0,0.0
1a_full,cross,240,ETHUSDT,disp_1440,0,0.0
1a_full,cross,240,ETHUSDT,relstr_1440,0,0.0
1a_full,cross,240,ETHUSDT,rank_1440,0,0.0
1a_full,cross,240,ETHUSDT,btc_minus_own_1440,0,0.0
1a_full,cross,240,ETHUSDT,eth_minus_own_1440,0,0.0
1a_full,micro,240,LINKUSDT,rskew_30,0,0.0
1a_full,micro,240,LINKUSDT,rskew_30_xrank,0,0.0
1a_full,micro,240,LINKUSDT,rkurt_30,0,6.187548819980293e-07
1a_full,micro,240,LINKUSDT,rkurt_30_xrank,0,0.0
1a_full,micro,240,LINKUSDT,roll_30,0,0.0
1a_full,micro,240,LINKUSDT,roll_30_xrank,0,0.0
1a_full,micro,240,LINKUSDT,amihud_30,0,0.0
1a_full,micro,240,LINKUSDT,amihud_30_xrank,0,0.0
1a_full,micro,240,LINKUSDT,kyle_30,0,4.2054910665001444e-08
1a_full,micro,240,LINKUSDT,kyle_30_xrank,0,0.0
1a_full,micro,240,LINKUSDT,vpin_30,0,0.0
1a_full,micro,240,LINKUSDT,vpin_30_xrank,0,0.0
1a_full,micro,240,LINKUSDT,jump_30,0,0.0
1a_full,micro,240,LINKUSDT,jump_30_xrank,0,0.0
1a_full,micro,240,LINKUSDT,vratio_30,0,0.0
1a_full,micro,240,LINKUSDT,vratio_30_xrank,0,0.0
1a_full,micro,240,LINKUSDT,cvd_slope_30,0,0.0
1a_full,micro,240,LINKUSDT,cvd_slope_30_xrank,0,0.0
1a_full,micro,240,LINKUSDT,signac_30,0,0.0
1a_full,micro,240,LINKUSDT,signac_30_xrank,0,0.0
1a_full,micro,240,LINKUSDT,sflow_30,0,0.0
1a_full,micro,240,LINKUSDT,sflow_30_xrank,0,0.0
1a_full,micro,240,LINKUSDT,rskew_120,0,1.2056773981972135e-11
1a_full,micro,240,LINKUSDT,rskew_120_xrank,0,0.0
1a_full,micro,240,LINKUSDT,rkurt_120,0,2.3148770011971465e-08
1a_full,micro,240,LINKUSDT,rkurt_120_xrank,0,0.0
1a_full,micro,240,LINKUSDT,roll_120,0,0.0
1a_full,micro,240,LINKUSDT,roll_120_xrank,0,0.0
1a_full,micro,240,LINKUSDT,amihud_120,0,0.0
1a_full,micro,240,LINKUSDT,amihud_120_xrank,0,0.0
1a_full,micro,240,LINKUSDT,kyle_120,0,0.0
1a_full,micro,240,LINKUSDT,kyle_120_xrank,0,0.0
1a_full,micro,240,LINKUSDT,vpin_120,0,0.0
1a_full,micro,240,LINKUSDT,vpin_120_xrank,0,0.0
1a_full,micro,240,LINKUSDT,jump_120,0,3.811639359696528e-08
1a_full,micro,240,LINKUSDT,jump_120_xrank,0,0.0
1a_full,micro,240,LINKUSDT,vratio_120,0,0.0
1a_full,micro,240,LINKUSDT,vratio_120_xrank,0,0.0
1a_full,micro,240,LINKUSDT,cvd_slope_120,0,8.909871240803113e-08
1a_full,micro,240,LINKUSDT,cvd_slope_120_xrank,0,0.0
1a_full,micro,240,LINKUSDT,signac_120,0,0.0
1a_full,micro,240,LINKUSDT,signac_120_xrank,0,0.0
1a_full,micro,240,LINKUSDT,sflow_120,0,1.3839164481055377e-08
1a_full,micro,240,LINKUSDT,sflow_120_xrank,0,0.0
1a_full,micro,240,LINKUSDT,rskew_480,0,0.0
1a_full,micro,240,LINKUSDT,rskew_480_xrank,0,0.0
1a_full,micro,240,LINKUSDT,rkurt_480,0,2.8048200206853835e-08
1a_full,micro,240,LINKUSDT,rkurt_480_xrank,0,0.0
1a_full,micro,240,LINKUSDT,roll_480,0,0.0
1a_full,micro,240,LINKUSDT,roll_480_xrank,0,0.0
1a_full,micro,240,LINKUSDT,amihud_480,0,0.0
1a_full,micro,240,LINKUSDT,amihud_480_xrank,0,0.0
1a_full,micro,240,LINKUSDT,kyle_480,0,0.0
1a_full,micro,240,LINKUSDT,kyle_480_xrank,0,0.0
1a_full,micro,240,LINKUSDT,vpin_480,0,0.0
1a_full,micro,240,LINKUSDT,vpin_480_xrank,0,0.0
1a_full,micro,240,LINKUSDT,jump_480,0,1.7065547197603337e-08
1a_full,micro,240,LINKUSDT,jump_480_xrank,0,0.0
1a_full,micro,240,LINKUSDT,vratio_480,0,0.0
1a_full,micro,240,LINKUSDT,vratio_480_xrank,0,0.0
1a_full,micro,240,LINKUSDT,cvd_slope_480,0,9.613481921633138e-08
1a_full,micro,240,LINKUSDT,cvd_slope_480_xrank,0,0.0
1a_full,micro,240,LINKUSDT,signac_480,0,0.0
1a_full,micro,240,LINKUSDT,signac_480_xrank,0,0.0
1a_full,micro,240,LINKUSDT,sflow_480,0,0.0
1a_full,micro,240,LINKUSDT,sflow_480_xrank,0,0.0
1a_full,cross,240,LINKUSDT,own_ret_1,0,0.0
1a_full,cross,240,LINKUSDT,btc_ret_1,0,0.0
1a_full,cross,240,LINKUSDT,eth_ret_1,0,0.0
1a_full,cross,240,LINKUSDT,mkt_ret_1,0,0.0
1a_full,cross,240,LINKUSDT,breadth_1,0,0.0
1a_full,cross,240,LINKUSDT,disp_1,0,0.0
1a_full,cross,240,LINKUSDT,relstr_1,0,0.0
1a_full,cross,240,LINKUSDT,rank_1,0,0.0
1a_full,cross,240,LINKUSDT,btc_minus_own_1,0,0.0
1a_full,cross,240,LINKUSDT,eth_minus_own_1,0,0.0
1a_full,cross,240,LINKUSDT,own_ret_5,0,0.0
1a_full,cross,240,LINKUSDT,btc_ret_5,0,0.0
1a_full,cross,240,LINKUSDT,eth_ret_5,0,0.0
1a_full,cross,240,LINKUSDT,mkt_ret_5,0,0.0
1a_full,cross,240,LINKUSDT,breadth_5,0,0.0
1a_full,cross,240,LINKUSDT,disp_5,0,0.0
1a_full,cross,240,LINKUSDT,relstr_5,0,0.0
1a_full,cross,240,LINKUSDT,rank_5,0,0.0
1a_full,cross,240,LINKUSDT,btc_minus_own_5,0,0.0
1a_full,cross,240,LINKUSDT,eth_minus_own_5,0,0.0
1a_full,cross,240,LINKUSDT,own_ret_15,0,0.0
1a_full,cross,240,LINKUSDT,btc_ret_15,0,0.0
1a_full,cross,240,LINKUSDT,eth_ret_15,0,0.0
1a_full,cross,240,LINKUSDT,mkt_ret_15,0,0.0
1a_full,cross,240,LINKUSDT,breadth_15,0,0.0
1a_full,cross,240,LINKUSDT,disp_15,0,0.0
1a_full,cross,240,LINKUSDT,relstr_15,0,0.0
1a_full,cross,240,LINKUSDT,rank_15,0,0.0
1a_full,cross,240,LINKUSDT,btc_minus_own_15,0,0.0
1a_full,cross,240,LINKUSDT,eth_minus_own_15,0,0.0
1a_full,cross,240,LINKUSDT,own_ret_30,0,0.0
1a_full,cross,240,LINKUSDT,btc_ret_30,0,0.0
1a_full,cross,240,LINKUSDT,eth_ret_30,0,0.0
1a_full,cross,240,LINKUSDT,mkt_ret_30,0,0.0
1a_full,cross,240,LINKUSDT,breadth_30,0,0.0
1a_full,cross,240,LINKUSDT,disp_30,0,0.0
1a_full,cross,240,LINKUSDT,relstr_30,0,0.0
1a_full,cross,240,LINKUSDT,rank_30,0,0.0
1a_full,cross,240,LINKUSDT,btc_minus_own_30,0,0.0
1a_full,cross,240,LINKUSDT,eth_minus_own_30,0,0.0
1a_full,cross,240,LINKUSDT,own_ret_60,0,0.0
1a_full,cross,240,LINKUSDT,btc_ret_60,0,0.0
1a_full,cross,240,LINKUSDT,eth_ret_60,0,0.0
1a_full,cross,240,LINKUSDT,mkt_ret_60,0,0.0
1a_full,cross,240,LINKUSDT,breadth_60,0,0.0
1a_full,cross,240,LINKUSDT,disp_60,0,0.0
1a_full,cross,240,LINKUSDT,relstr_60,0,0.0
1a_full,cross,240,LINKUSDT,rank_60,0,0.0
1a_full,cross,240,LINKUSDT,btc_minus_own_60,0,0.0
1a_full,cross,240,LINKUSDT,eth_minus_own_60,0,0.0
1a_full,cross,240,LINKUSDT,own_ret_180,0,0.0
1a_full,cross,240,LINKUSDT,btc_ret_180,0,0.0
1a_full,cross,240,LINKUSDT,eth_ret_180,0,0.0
1a_full,cross,240,LINKUSDT,mkt_ret_180,0,0.0
1a_full,cross,240,LINKUSDT,breadth_180,0,0.0
1a_full,cross,240,LINKUSDT,disp_180,0,0.0
1a_full,cross,240,LINKUSDT,relstr_180,0,0.0
1a_full,cross,240,LINKUSDT,rank_180,0,0.0
1a_full,cross,240,LINKUSDT,btc_minus_own_180,0,0.0
1a_full,cross,240,LINKUSDT,eth_minus_own_180,0,0.0
1a_full,cross,240,LINKUSDT,own_ret_360,0,0.0
1a_full,cross,240,LINKUSDT,btc_ret_360,0,0.0
1a_full,cross,240,LINKUSDT,eth_ret_360,0,0.0
1a_full,cross,240,LINKUSDT,mkt_ret_360,0,0.0
1a_full,cross,240,LINKUSDT,breadth_360,0,0.0
1a_full,cross,240,LINKUSDT,disp_360,0,0.0
1a_full,cross,240,LINKUSDT,relstr_360,0,0.0
1a_full,cross,240,LINKUSDT,rank_360,0,0.0
1a_full,cross,240,LINKUSDT,btc_minus_own_360,0,0.0
1a_full,cross,240,LINKUSDT,eth_minus_own_360,0,0.0
1a_full,cross,240,LINKUSDT,own_ret_720,0,0.0
1a_full,cross,240,LINKUSDT,btc_ret_720,0,0.0
1a_full,cross,240,LINKUSDT,eth_ret_720,0,0.0
1a_full,cross,240,LINKUSDT,mkt_ret_720,0,0.0
1a_full,cross,240,LINKUSDT,breadth_720,0,0.0
1a_full,cross,240,LINKUSDT,disp_720,0,0.0
1a_full,cross,240,LINKUSDT,relstr_720,0,0.0
1a_full,cross,240,LINKUSDT,rank_720,0,0.0
1a_full,cross,240,LINKUSDT,btc_minus_own_720,0,0.0
1a_full,cross,240,LINKUSDT,eth_minus_own_720,0,0.0
1a_full,cross,240,LINKUSDT,own_ret_1440,0,0.0
1a_full,cross,240,LINKUSDT,btc_ret_1440,0,0.0
1a_full,cross,240,LINKUSDT,eth_ret_1440,0,0.0
1a_full,cross,240,LINKUSDT,mkt_ret_1440,0,0.0
1a_full,cross,240,LINKUSDT,breadth_1440,0,0.0
1a_full,cross,240,LINKUSDT,disp_1440,0,0.0
1a_full,cross,240,LINKUSDT,relstr_1440,0,0.0
1a_full,cross,240,LINKUSDT,rank_1440,0,0.0
1a_full,cross,240,LINKUSDT,btc_minus_own_1440,0,0.0
1a_full,cross,240,LINKUSDT,eth_minus_own_1440,0,0.0
1a_full,micro,240,SOLUSDT,rskew_30,0,6.627159376826341e-10
1a_full,micro,240,SOLUSDT,rskew_30_xrank,0,0.0
1a_full,micro,240,SOLUSDT,rkurt_30,0,2.3973004203980963e-07
1a_full,micro,240,SOLUSDT,rkurt_30_xrank,0,0.0
1a_full,micro,240,SOLUSDT,roll_30,0,0.0
1a_full,micro,240,SOLUSDT,roll_30_xrank,0,0.0
1a_full,micro,240,SOLUSDT,amihud_30,0,0.0
1a_full,micro,240,SOLUSDT,amihud_30_xrank,0,0.0
1a_full,micro,240,SOLUSDT,kyle_30,0,0.0
1a_full,micro,240,SOLUSDT,kyle_30_xrank,0,0.0
1a_full,micro,240,SOLUSDT,vpin_30,0,0.0
1a_full,micro,240,SOLUSDT,vpin_30_xrank,0,0.0
1a_full,micro,240,SOLUSDT,jump_30,0,3.1183747251084526e-10
1a_full,micro,240,SOLUSDT,jump_30_xrank,0,0.0
1a_full,micro,240,SOLUSDT,vratio_30,0,3.100131351629898e-08
1a_full,micro,240,SOLUSDT,vratio_30_xrank,0,0.0
1a_full,micro,240,SOLUSDT,cvd_slope_30,0,0.0
1a_full,micro,240,SOLUSDT,cvd_slope_30_xrank,0,0.0
1a_full,micro,240,SOLUSDT,signac_30,0,0.0
1a_full,micro,240,SOLUSDT,signac_30_xrank,0,0.0
1a_full,micro,240,SOLUSDT,sflow_30,0,0.0
1a_full,micro,240,SOLUSDT,sflow_30_xrank,0,0.0
1a_full,micro,240,SOLUSDT,rskew_120,0,0.0
1a_full,micro,240,SOLUSDT,rskew_120_xrank,0,0.0
1a_full,micro,240,SOLUSDT,rkurt_120,0,1.3361952433399438e-08
1a_full,micro,240,SOLUSDT,rkurt_120_xrank,0,0.0
1a_full,micro,240,SOLUSDT,roll_120,0,0.0
1a_full,micro,240,SOLUSDT,roll_120_xrank,0,0.0
1a_full,micro,240,SOLUSDT,amihud_120,0,0.0
1a_full,micro,240,SOLUSDT,amihud_120_xrank,0,0.0
1a_full,micro,240,SOLUSDT,kyle_120,0,0.0
1a_full,micro,240,SOLUSDT,kyle_120_xrank,0,0.0
1a_full,micro,240,SOLUSDT,vpin_120,0,0.0
1a_full,micro,240,SOLUSDT,vpin_120_xrank,0,0.0
1a_full,micro,240,SOLUSDT,jump_120,0,0.0
1a_full,micro,240,SOLUSDT,jump_120_xrank,0,0.0
1a_full,micro,240,SOLUSDT,vratio_120,0,0.0
1a_full,micro,240,SOLUSDT,vratio_120_xrank,0,0.0
1a_full,micro,240,SOLUSDT,cvd_slope_120,0,0.0
1a_full,micro,240,SOLUSDT,cvd_slope_120_xrank,0,0.0
1a_full,micro,240,SOLUSDT,signac_120,0,0.0
1a_full,micro,240,SOLUSDT,signac_120_xrank,0,0.0
1a_full,micro,240,SOLUSDT,sflow_120,0,0.0
1a_full,micro,240,SOLUSDT,sflow_120_xrank,0,0.0
1a_full,micro,240,SOLUSDT,rskew_480,0,0.0
1a_full,micro,240,SOLUSDT,rskew_480_xrank,0,0.0
1a_full,micro,240,SOLUSDT,rkurt_480,0,3.0058632916052375e-08
1a_full,micro,240,SOLUSDT,rkurt_480_xrank,0,0.0
1a_full,micro,240,SOLUSDT,roll_480,0,0.0
1a_full,micro,240,SOLUSDT,roll_480_xrank,0,0.0
1a_full,micro,240,SOLUSDT,amihud_480,0,0.0
1a_full,micro,240,SOLUSDT,amihud_480_xrank,0,0.0
1a_full,micro,240,SOLUSDT,kyle_480,0,0.0
1a_full,micro,240,SOLUSDT,kyle_480_xrank,0,0.0
1a_full,micro,240,SOLUSDT,vpin_480,0,0.0
1a_full,micro,240,SOLUSDT,vpin_480_xrank,0,0.0
1a_full,micro,240,SOLUSDT,jump_480,0,1.1437133906611052e-08
1a_full,micro,240,SOLUSDT,jump_480_xrank,0,0.0
1a_full,micro,240,SOLUSDT,vratio_480,0,0.0
1a_full,micro,240,SOLUSDT,vratio_480_xrank,0,0.0
1a_full,micro,240,SOLUSDT,cvd_slope_480,0,0.0
1a_full,micro,240,SOLUSDT,cvd_slope_480_xrank,0,0.0
1a_full,micro,240,SOLUSDT,signac_480,0,0.0
1a_full,micro,240,SOLUSDT,signac_480_xrank,0,0.0
1a_full,micro,240,SOLUSDT,sflow_480,0,0.0
1a_full,micro,240,SOLUSDT,sflow_480_xrank,0,0.0
1a_full,cross,240,SOLUSDT,own_ret_1,0,0.0
1a_full,cross,240,SOLUSDT,btc_ret_1,0,0.0
1a_full,cross,240,SOLUSDT,eth_ret_1,0,0.0
1a_full,cross,240,SOLUSDT,mkt_ret_1,0,0.0
1a_full,cross,240,SOLUSDT,breadth_1,0,0.0
1a_full,cross,240,SOLUSDT,disp_1,0,0.0
1a_full,cross,240,SOLUSDT,relstr_1,0,0.0
1a_full,cross,240,SOLUSDT,rank_1,0,0.0
1a_full,cross,240,SOLUSDT,btc_minus_own_1,0,0.0
1a_full,cross,240,SOLUSDT,eth_minus_own_1,0,0.0
1a_full,cross,240,SOLUSDT,own_ret_5,0,0.0
1a_full,cross,240,SOLUSDT,btc_ret_5,0,0.0
1a_full,cross,240,SOLUSDT,eth_ret_5,0,0.0
1a_full,cross,240,SOLUSDT,mkt_ret_5,0,0.0
1a_full,cross,240,SOLUSDT,breadth_5,0,0.0
1a_full,cross,240,SOLUSDT,disp_5,0,0.0
1a_full,cross,240,SOLUSDT,relstr_5,0,0.0
1a_full,cross,240,SOLUSDT,rank_5,0,0.0
1a_full,cross,240,SOLUSDT,btc_minus_own_5,0,0.0
1a_full,cross,240,SOLUSDT,eth_minus_own_5,0,0.0
1a_full,cross,240,SOLUSDT,own_ret_15,0,0.0
1a_full,cross,240,SOLUSDT,btc_ret_15,0,0.0
1a_full,cross,240,SOLUSDT,eth_ret_15,0,0.0
1a_full,cross,240,SOLUSDT,mkt_ret_15,0,0.0
1a_full,cross,240,SOLUSDT,breadth_15,0,0.0
1a_full,cross,240,SOLUSDT,disp_15,0,0.0
1a_full,cross,240,SOLUSDT,relstr_15,0,0.0
1a_full,cross,240,SOLUSDT,rank_15,0,0.0
1a_full,cross,240,SOLUSDT,btc_minus_own_15,0,0.0
1a_full,cross,240,SOLUSDT,eth_minus_own_15,0,0.0
1a_full,cross,240,SOLUSDT,own_ret_30,0,0.0
1a_full,cross,240,SOLUSDT,btc_ret_30,0,0.0
1a_full,cross,240,SOLUSDT,eth_ret_30,0,0.0
1a_full,cross,240,SOLUSDT,mkt_ret_30,0,0.0
1a_full,cross,240,SOLUSDT,breadth_30,0,0.0
1a_full,cross,240,SOLUSDT,disp_30,0,0.0
1a_full,cross,240,SOLUSDT,relstr_30,0,0.0
1a_full,cross,240,SOLUSDT,rank_30,0,0.0
1a_full,cross,240,SOLUSDT,btc_minus_own_30,0,0.0
1a_full,cross,240,SOLUSDT,eth_minus_own_30,0,0.0
1a_full,cross,240,SOLUSDT,own_ret_60,0,0.0
1a_full,cross,240,SOLUSDT,btc_ret_60,0,0.0
1a_full,cross,240,SOLUSDT,eth_ret_60,0,0.0
1a_full,cross,240,SOLUSDT,mkt_ret_60,0,0.0
1a_full,cross,240,SOLUSDT,breadth_60,0,0.0
1a_full,cross,240,SOLUSDT,disp_60,0,0.0
1a_full,cross,240,SOLUSDT,relstr_60,0,0.0
1a_full,cross,240,SOLUSDT,rank_60,0,0.0
1a_full,cross,240,SOLUSDT,btc_minus_own_60,0,0.0
1a_full,cross,240,SOLUSDT,eth_minus_own_60,0,0.0
1a_full,cross,240,SOLUSDT,own_ret_180,0,0.0
1a_full,cross,240,SOLUSDT,btc_ret_180,0,0.0
1a_full,cross,240,SOLUSDT,eth_ret_180,0,0.0
1a_full,cross,240,SOLUSDT,mkt_ret_180,0,0.0
1a_full,cross,240,SOLUSDT,breadth_180,0,0.0
1a_full,cross,240,SOLUSDT,disp_180,0,0.0
1a_full,cross,240,SOLUSDT,relstr_180,0,0.0
1a_full,cross,240,SOLUSDT,rank_180,0,0.0
1a_full,cross,240,SOLUSDT,btc_minus_own_180,0,0.0
1a_full,cross,240,SOLUSDT,eth_minus_own_180,0,0.0
1a_full,cross,240,SOLUSDT,own_ret_360,0,0.0
1a_full,cross,240,SOLUSDT,btc_ret_360,0,0.0
1a_full,cross,240,SOLUSDT,eth_ret_360,0,0.0
1a_full,cross,240,SOLUSDT,mkt_ret_360,0,0.0
1a_full,cross,240,SOLUSDT,breadth_360,0,0.0
1a_full,cross,240,SOLUSDT,disp_360,0,0.0
1a_full,cross,240,SOLUSDT,relstr_360,0,0.0
1a_full,cross,240,SOLUSDT,rank_360,0,0.0
1a_full,cross,240,SOLUSDT,btc_minus_own_360,0,0.0
1a_full,cross,240,SOLUSDT,eth_minus_own_360,0,0.0
1a_full,cross,240,SOLUSDT,own_ret_720,0,0.0
1a_full,cross,240,SOLUSDT,btc_ret_720,0,0.0
1a_full,cross,240,SOLUSDT,eth_ret_720,0,0.0
1a_full,cross,240,SOLUSDT,mkt_ret_720,0,0.0
1a_full,cross,240,SOLUSDT,breadth_720,0,0.0
1a_full,cross,240,SOLUSDT,disp_720,0,0.0
1a_full,cross,240,SOLUSDT,relstr_720,0,0.0
1a_full,cross,240,SOLUSDT,rank_720,0,0.0
1a_full,cross,240,SOLUSDT,btc_minus_own_720,0,0.0
1a_full,cross,240,SOLUSDT,eth_minus_own_720,0,0.0
1a_full,cross,240,SOLUSDT,own_ret_1440,0,0.0
1a_full,cross,240,SOLUSDT,btc_ret_1440,0,0.0
1a_full,cross,240,SOLUSDT,eth_ret_1440,0,0.0
1a_full,cross,240,SOLUSDT,mkt_ret_1440,0,0.0
1a_full,cross,240,SOLUSDT,breadth_1440,0,0.0
1a_full,cross,240,SOLUSDT,disp_1440,0,0.0
1a_full,cross,240,SOLUSDT,relstr_1440,0,0.0
1a_full,cross,240,SOLUSDT,rank_1440,0,0.0
1a_full,cross,240,SOLUSDT,btc_minus_own_1440,0,0.0
1a_full,cross,240,SOLUSDT,eth_minus_own_1440,0,0.0
1a_full,micro,240,XRPUSDT,rskew_30,0,6.5312772967729416e-09
1a_full,micro,240,XRPUSDT,rskew_30_xrank,0,0.0
1a_full,micro,240,XRPUSDT,rkurt_30,0,2.0671065215083217e-07
1a_full,micro,240,XRPUSDT,rkurt_30_xrank,0,0.0
1a_full,micro,240,XRPUSDT,roll_30,0,0.0
1a_full,micro,240,XRPUSDT,roll_30_xrank,0,0.0
1a_full,micro,240,XRPUSDT,amihud_30,0,0.0
1a_full,micro,240,XRPUSDT,amihud_30_xrank,0,0.0
1a_full,micro,240,XRPUSDT,kyle_30,0,0.0
1a_full,micro,240,XRPUSDT,kyle_30_xrank,0,0.0
1a_full,micro,240,XRPUSDT,vpin_30,0,0.0
1a_full,micro,240,XRPUSDT,vpin_30_xrank,0,0.0
1a_full,micro,240,XRPUSDT,jump_30,0,1.0086933066588699e-08
1a_full,micro,240,XRPUSDT,jump_30_xrank,0,0.0
1a_full,micro,240,XRPUSDT,vratio_30,0,0.0
1a_full,micro,240,XRPUSDT,vratio_30_xrank,0,0.0
1a_full,micro,240,XRPUSDT,cvd_slope_30,0,0.0
1a_full,micro,240,XRPUSDT,cvd_slope_30_xrank,0,0.0
1a_full,micro,240,XRPUSDT,signac_30,0,0.0
1a_full,micro,240,XRPUSDT,signac_30_xrank,0,0.0
1a_full,micro,240,XRPUSDT,sflow_30,0,0.0
1a_full,micro,240,XRPUSDT,sflow_30_xrank,0,0.0
1a_full,micro,240,XRPUSDT,rskew_120,0,0.0
1a_full,micro,240,XRPUSDT,rskew_120_xrank,0,0.0
1a_full,micro,240,XRPUSDT,rkurt_120,0,9.315538562759684e-09
1a_full,micro,240,XRPUSDT,rkurt_120_xrank,0,0.0
1a_full,micro,240,XRPUSDT,roll_120,0,0.0
1a_full,micro,240,XRPUSDT,roll_120_xrank,0,0.0
1a_full,micro,240,XRPUSDT,amihud_120,0,0.0
1a_full,micro,240,XRPUSDT,amihud_120_xrank,0,0.0
1a_full,micro,240,XRPUSDT,kyle_120,0,0.0
1a_full,micro,240,XRPUSDT,kyle_120_xrank,0,0.0
1a_full,micro,240,XRPUSDT,vpin_120,0,0.0
1a_full,micro,240,XRPUSDT,vpin_120_xrank,0,0.0
1a_full,micro,240,XRPUSDT,jump_120,0,4.806744446916866e-10
1a_full,micro,240,XRPUSDT,jump_120_xrank,0,0.0
1a_full,micro,240,XRPUSDT,vratio_120,0,0.0
1a_full,micro,240,XRPUSDT,vratio_120_xrank,0,0.0
1a_full,micro,240,XRPUSDT,cvd_slope_120,0,0.0
1a_full,micro,240,XRPUSDT,cvd_slope_120_xrank,0,0.0
1a_full,micro,240,XRPUSDT,signac_120,0,0.0
1a_full,micro,240,XRPUSDT,signac_120_xrank,0,0.0
1a_full,micro,240,XRPUSDT,sflow_120,0,0.0
1a_full,micro,240,XRPUSDT,sflow_120_xrank,0,0.0
1a_full,micro,240,XRPUSDT,rskew_480,0,0.0
1a_full,micro,240,XRPUSDT,rskew_480_xrank,0,0.0
1a_full,micro,240,XRPUSDT,rkurt_480,0,0.0
1a_full,micro,240,XRPUSDT,rkurt_480_xrank,0,0.0
1a_full,micro,240,XRPUSDT,roll_480,0,0.0
1a_full,micro,240,XRPUSDT,roll_480_xrank,0,0.0
1a_full,micro,240,XRPUSDT,amihud_480,0,0.0
1a_full,micro,240,XRPUSDT,amihud_480_xrank,0,0.0
1a_full,micro,240,XRPUSDT,kyle_480,0,0.0
1a_full,micro,240,XRPUSDT,kyle_480_xrank,0,0.0
1a_full,micro,240,XRPUSDT,vpin_480,0,0.0
1a_full,micro,240,XRPUSDT,vpin_480_xrank,0,0.0
1a_full,micro,240,XRPUSDT,jump_480,0,2.69441052802577e-10
1a_full,micro,240,XRPUSDT,jump_480_xrank,0,0.0
1a_full,micro,240,XRPUSDT,vratio_480,0,0.0
1a_full,micro,240,XRPUSDT,vratio_480_xrank,0,0.0
1a_full,micro,240,XRPUSDT,cvd_slope_480,0,0.0
1a_full,micro,240,XRPUSDT,cvd_slope_480_xrank,0,0.0
1a_full,micro,240,XRPUSDT,signac_480,0,0.0
1a_full,micro,240,XRPUSDT,signac_480_xrank,0,0.0
1a_full,micro,240,XRPUSDT,sflow_480,0,0.0
1a_full,micro,240,XRPUSDT,sflow_480_xrank,0,0.0
1a_full,cross,240,XRPUSDT,own_ret_1,0,0.0
1a_full,cross,240,XRPUSDT,btc_ret_1,0,0.0
1a_full,cross,240,XRPUSDT,eth_ret_1,0,0.0
1a_full,cross,240,XRPUSDT,mkt_ret_1,0,0.0
1a_full,cross,240,XRPUSDT,breadth_1,0,0.0
1a_full,cross,240,XRPUSDT,disp_1,0,0.0
1a_full,cross,240,XRPUSDT,relstr_1,0,0.0
1a_full,cross,240,XRPUSDT,rank_1,0,0.0
1a_full,cross,240,XRPUSDT,btc_minus_own_1,0,0.0
1a_full,cross,240,XRPUSDT,eth_minus_own_1,0,0.0
1a_full,cross,240,XRPUSDT,own_ret_5,0,0.0
1a_full,cross,240,XRPUSDT,btc_ret_5,0,0.0
1a_full,cross,240,XRPUSDT,eth_ret_5,0,0.0
1a_full,cross,240,XRPUSDT,mkt_ret_5,0,0.0
1a_full,cross,240,XRPUSDT,breadth_5,0,0.0
1a_full,cross,240,XRPUSDT,disp_5,0,0.0
1a_full,cross,240,XRPUSDT,relstr_5,0,0.0
1a_full,cross,240,XRPUSDT,rank_5,0,0.0
1a_full,cross,240,XRPUSDT,btc_minus_own_5,0,0.0
1a_full,cross,240,XRPUSDT,eth_minus_own_5,0,0.0
1a_full,cross,240,XRPUSDT,own_ret_15,0,0.0
1a_full,cross,240,XRPUSDT,btc_ret_15,0,0.0
1a_full,cross,240,XRPUSDT,eth_ret_15,0,0.0
1a_full,cross,240,XRPUSDT,mkt_ret_15,0,0.0
1a_full,cross,240,XRPUSDT,breadth_15,0,0.0
1a_full,cross,240,XRPUSDT,disp_15,0,0.0
1a_full,cross,240,XRPUSDT,relstr_15,0,0.0
1a_full,cross,240,XRPUSDT,rank_15,0,0.0
1a_full,cross,240,XRPUSDT,btc_minus_own_15,0,0.0
1a_full,cross,240,XRPUSDT,eth_minus_own_15,0,0.0
1a_full,cross,240,XRPUSDT,own_ret_30,0,0.0
1a_full,cross,240,XRPUSDT,btc_ret_30,0,0.0
1a_full,cross,240,XRPUSDT,eth_ret_30,0,0.0
1a_full,cross,240,XRPUSDT,mkt_ret_30,0,0.0
1a_full,cross,240,XRPUSDT,breadth_30,0,0.0
1a_full,cross,240,XRPUSDT,disp_30,0,0.0
1a_full,cross,240,XRPUSDT,relstr_30,0,0.0
1a_full,cross,240,XRPUSDT,rank_30,0,0.0
1a_full,cross,240,XRPUSDT,btc_minus_own_30,0,0.0
1a_full,cross,240,XRPUSDT,eth_minus_own_30,0,0.0
1a_full,cross,240,XRPUSDT,own_ret_60,0,0.0
1a_full,cross,240,XRPUSDT,btc_ret_60,0,0.0
1a_full,cross,240,XRPUSDT,eth_ret_60,0,0.0
1a_full,cross,240,XRPUSDT,mkt_ret_60,0,0.0
1a_full,cross,240,XRPUSDT,breadth_60,0,0.0
1a_full,cross,240,XRPUSDT,disp_60,0,0.0
1a_full,cross,240,XRPUSDT,relstr_60,0,0.0
1a_full,cross,240,XRPUSDT,rank_60,0,0.0
1a_full,cross,240,XRPUSDT,btc_minus_own_60,0,0.0
1a_full,cross,240,XRPUSDT,eth_minus_own_60,0,0.0
1a_full,cross,240,XRPUSDT,own_ret_180,0,0.0
1a_full,cross,240,XRPUSDT,btc_ret_180,0,0.0
1a_full,cross,240,XRPUSDT,eth_ret_180,0,0.0
1a_full,cross,240,XRPUSDT,mkt_ret_180,0,0.0
1a_full,cross,240,XRPUSDT,breadth_180,0,0.0
1a_full,cross,240,XRPUSDT,disp_180,0,0.0
1a_full,cross,240,XRPUSDT,relstr_180,0,0.0
1a_full,cross,240,XRPUSDT,rank_180,0,0.0
1a_full,cross,240,XRPUSDT,btc_minus_own_180,0,0.0
1a_full,cross,240,XRPUSDT,eth_minus_own_180,0,0.0
1a_full,cross,240,XRPUSDT,own_ret_360,0,0.0
1a_full,cross,240,XRPUSDT,btc_ret_360,0,0.0
1a_full,cross,240,XRPUSDT,eth_ret_360,0,0.0
1a_full,cross,240,XRPUSDT,mkt_ret_360,0,0.0
1a_full,cross,240,XRPUSDT,breadth_360,0,0.0
1a_full,cross,240,XRPUSDT,disp_360,0,0.0
1a_full,cross,240,XRPUSDT,relstr_360,0,0.0
1a_full,cross,240,XRPUSDT,rank_360,0,0.0
1a_full,cross,240,XRPUSDT,btc_minus_own_360,0,0.0
1a_full,cross,240,XRPUSDT,eth_minus_own_360,0,0.0
1a_full,cross,240,XRPUSDT,own_ret_720,0,0.0
1a_full,cross,240,XRPUSDT,btc_ret_720,0,0.0
1a_full,cross,240,XRPUSDT,eth_ret_720,0,0.0
1a_full,cross,240,XRPUSDT,mkt_ret_720,0,0.0
1a_full,cross,240,XRPUSDT,breadth_720,0,0.0
1a_full,cross,240,XRPUSDT,disp_720,0,0.0
1a_full,cross,240,XRPUSDT,relstr_720,0,0.0
1a_full,cross,240,XRPUSDT,rank_720,0,0.0
1a_full,cross,240,XRPUSDT,btc_minus_own_720,0,0.0
1a_full,cross,240,XRPUSDT,eth_minus_own_720,0,0.0
1a_full,cross,240,XRPUSDT,own_ret_1440,0,0.0
1a_full,cross,240,XRPUSDT,btc_ret_1440,0,0.0
1a_full,cross,240,XRPUSDT,eth_ret_1440,0,0.0
1a_full,cross,240,XRPUSDT,mkt_ret_1440,0,0.0
1a_full,cross,240,XRPUSDT,breadth_1440,0,0.0
1a_full,cross,240,XRPUSDT,disp_1440,0,0.0
1a_full,cross,240,XRPUSDT,relstr_1440,0,0.0
1a_full,cross,240,XRPUSDT,rank_1440,0,0.0
1a_full,cross,240,XRPUSDT,btc_minus_own_1440,0,0.0
1a_full,cross,240,XRPUSDT,eth_minus_own_1440,0,0.0
1a_full,micro,480,ADAUSDT,rskew_30,0,0.0
1a_full,micro,480,ADAUSDT,rskew_30_xrank,0,0.0
1a_full,micro,480,ADAUSDT,rkurt_30,0,1.1447409775655615e-07
1a_full,micro,480,ADAUSDT,rkurt_30_xrank,0,0.0
1a_full,micro,480,ADAUSDT,roll_30,0,0.0
1a_full,micro,480,ADAUSDT,roll_30_xrank,0,0.0
1a_full,micro,480,ADAUSDT,amihud_30,0,0.0
1a_full,micro,480,ADAUSDT,amihud_30_xrank,0,0.0
1a_full,micro,480,ADAUSDT,kyle_30,0,4.780965845441187e-09
1a_full,micro,480,ADAUSDT,kyle_30_xrank,0,0.0
1a_full,micro,480,ADAUSDT,vpin_30,0,0.0
1a_full,micro,480,ADAUSDT,vpin_30_xrank,0,0.0
1a_full,micro,480,ADAUSDT,jump_30,0,6.493354742787005e-10
1a_full,micro,480,ADAUSDT,jump_30_xrank,0,0.0
1a_full,micro,480,ADAUSDT,vratio_30,0,0.0
1a_full,micro,480,ADAUSDT,vratio_30_xrank,0,0.0
1a_full,micro,480,ADAUSDT,cvd_slope_30,0,0.0
1a_full,micro,480,ADAUSDT,cvd_slope_30_xrank,0,0.0
1a_full,micro,480,ADAUSDT,signac_30,0,0.0
1a_full,micro,480,ADAUSDT,signac_30_xrank,0,0.0
1a_full,micro,480,ADAUSDT,sflow_30,0,2.8133997354018447e-09
1a_full,micro,480,ADAUSDT,sflow_30_xrank,0,0.0
1a_full,micro,480,ADAUSDT,rskew_120,0,1.4795961789104695e-08
1a_full,micro,480,ADAUSDT,rskew_120_xrank,0,0.0
1a_full,micro,480,ADAUSDT,rkurt_120,0,1.540771421559839e-08
1a_full,micro,480,ADAUSDT,rkurt_120_xrank,0,0.0
1a_full,micro,480,ADAUSDT,roll_120,0,0.0
1a_full,micro,480,ADAUSDT,roll_120_xrank,0,0.0
1a_full,micro,480,ADAUSDT,amihud_120,0,0.0
1a_full,micro,480,ADAUSDT,amihud_120_xrank,0,0.0
1a_full,micro,480,ADAUSDT,kyle_120,0,0.0
1a_full,micro,480,ADAUSDT,kyle_120_xrank,0,0.0
1a_full,micro,480,ADAUSDT,vpin_120,0,0.0
1a_full,micro,480,ADAUSDT,vpin_120_xrank,0,0.0
1a_full,micro,480,ADAUSDT,jump_120,0,1.6634859045794315e-09
1a_full,micro,480,ADAUSDT,jump_120_xrank,0,0.0
1a_full,micro,480,ADAUSDT,vratio_120,0,0.0
1a_full,micro,480,ADAUSDT,vratio_120_xrank,0,0.0
1a_full,micro,480,ADAUSDT,cvd_slope_120,0,0.0
1a_full,micro,480,ADAUSDT,cvd_slope_120_xrank,0,0.0
1a_full,micro,480,ADAUSDT,signac_120,0,0.0
1a_full,micro,480,ADAUSDT,signac_120_xrank,0,0.0
1a_full,micro,480,ADAUSDT,sflow_120,0,0.0
1a_full,micro,480,ADAUSDT,sflow_120_xrank,0,0.0
1a_full,micro,480,ADAUSDT,rskew_480,0,0.0
1a_full,micro,480,ADAUSDT,rskew_480_xrank,0,0.0
1a_full,micro,480,ADAUSDT,rkurt_480,0,4.886517146474034e-08
1a_full,micro,480,ADAUSDT,rkurt_480_xrank,0,0.0
1a_full,micro,480,ADAUSDT,roll_480,0,0.0
1a_full,micro,480,ADAUSDT,roll_480_xrank,0,0.0
1a_full,micro,480,ADAUSDT,amihud_480,0,0.0
1a_full,micro,480,ADAUSDT,amihud_480_xrank,0,0.0
1a_full,micro,480,ADAUSDT,kyle_480,0,0.0
1a_full,micro,480,ADAUSDT,kyle_480_xrank,0,0.0
1a_full,micro,480,ADAUSDT,vpin_480,0,0.0
1a_full,micro,480,ADAUSDT,vpin_480_xrank,0,0.0
1a_full,micro,480,ADAUSDT,jump_480,0,0.0
1a_full,micro,480,ADAUSDT,jump_480_xrank,0,0.0
1a_full,micro,480,ADAUSDT,vratio_480,0,0.0
1a_full,micro,480,ADAUSDT,vratio_480_xrank,0,0.0
1a_full,micro,480,ADAUSDT,cvd_slope_480,0,0.0
1a_full,micro,480,ADAUSDT,cvd_slope_480_xrank,0,0.0
1a_full,micro,480,ADAUSDT,signac_480,0,0.0
1a_full,micro,480,ADAUSDT,signac_480_xrank,0,0.0
1a_full,micro,480,ADAUSDT,sflow_480,0,0.0
1a_full,micro,480,ADAUSDT,sflow_480_xrank,0,0.0
1a_full,cross,480,ADAUSDT,own_ret_1,0,0.0
1a_full,cross,480,ADAUSDT,btc_ret_1,0,0.0
1a_full,cross,480,ADAUSDT,eth_ret_1,0,0.0
1a_full,cross,480,ADAUSDT,mkt_ret_1,0,0.0
1a_full,cross,480,ADAUSDT,breadth_1,0,0.0
1a_full,cross,480,ADAUSDT,disp_1,0,0.0
1a_full,cross,480,ADAUSDT,relstr_1,0,0.0
1a_full,cross,480,ADAUSDT,rank_1,0,0.0
1a_full,cross,480,ADAUSDT,btc_minus_own_1,0,0.0
1a_full,cross,480,ADAUSDT,eth_minus_own_1,0,0.0
1a_full,cross,480,ADAUSDT,own_ret_5,0,0.0
1a_full,cross,480,ADAUSDT,btc_ret_5,0,0.0
1a_full,cross,480,ADAUSDT,eth_ret_5,0,0.0
1a_full,cross,480,ADAUSDT,mkt_ret_5,0,0.0
1a_full,cross,480,ADAUSDT,breadth_5,0,0.0
1a_full,cross,480,ADAUSDT,disp_5,0,0.0
1a_full,cross,480,ADAUSDT,relstr_5,0,0.0
1a_full,cross,480,ADAUSDT,rank_5,0,0.0
1a_full,cross,480,ADAUSDT,btc_minus_own_5,0,0.0
1a_full,cross,480,ADAUSDT,eth_minus_own_5,0,0.0
1a_full,cross,480,ADAUSDT,own_ret_15,0,0.0
1a_full,cross,480,ADAUSDT,btc_ret_15,0,0.0
1a_full,cross,480,ADAUSDT,eth_ret_15,0,0.0
1a_full,cross,480,ADAUSDT,mkt_ret_15,0,0.0
1a_full,cross,480,ADAUSDT,breadth_15,0,0.0
1a_full,cross,480,ADAUSDT,disp_15,0,0.0
1a_full,cross,480,ADAUSDT,relstr_15,0,0.0
1a_full,cross,480,ADAUSDT,rank_15,0,0.0
1a_full,cross,480,ADAUSDT,btc_minus_own_15,0,0.0
1a_full,cross,480,ADAUSDT,eth_minus_own_15,0,0.0
1a_full,cross,480,ADAUSDT,own_ret_30,0,0.0
1a_full,cross,480,ADAUSDT,btc_ret_30,0,0.0
1a_full,cross,480,ADAUSDT,eth_ret_30,0,0.0
1a_full,cross,480,ADAUSDT,mkt_ret_30,0,0.0
1a_full,cross,480,ADAUSDT,breadth_30,0,0.0
1a_full,cross,480,ADAUSDT,disp_30,0,0.0
1a_full,cross,480,ADAUSDT,relstr_30,0,0.0
1a_full,cross,480,ADAUSDT,rank_30,0,0.0
1a_full,cross,480,ADAUSDT,btc_minus_own_30,0,0.0
1a_full,cross,480,ADAUSDT,eth_minus_own_30,0,0.0
1a_full,cross,480,ADAUSDT,own_ret_60,0,0.0
1a_full,cross,480,ADAUSDT,btc_ret_60,0,0.0
1a_full,cross,480,ADAUSDT,eth_ret_60,0,0.0
1a_full,cross,480,ADAUSDT,mkt_ret_60,0,0.0
1a_full,cross,480,ADAUSDT,breadth_60,0,0.0
1a_full,cross,480,ADAUSDT,disp_60,0,0.0
1a_full,cross,480,ADAUSDT,relstr_60,0,0.0
1a_full,cross,480,ADAUSDT,rank_60,0,0.0
1a_full,cross,480,ADAUSDT,btc_minus_own_60,0,0.0
1a_full,cross,480,ADAUSDT,eth_minus_own_60,0,0.0
1a_full,cross,480,ADAUSDT,own_ret_180,0,0.0
1a_full,cross,480,ADAUSDT,btc_ret_180,0,0.0
1a_full,cross,480,ADAUSDT,eth_ret_180,0,0.0
1a_full,cross,480,ADAUSDT,mkt_ret_180,0,0.0
1a_full,cross,480,ADAUSDT,breadth_180,0,0.0
1a_full,cross,480,ADAUSDT,disp_180,0,0.0
1a_full,cross,480,ADAUSDT,relstr_180,0,0.0
1a_full,cross,480,ADAUSDT,rank_180,0,0.0
1a_full,cross,480,ADAUSDT,btc_minus_own_180,0,0.0
1a_full,cross,480,ADAUSDT,eth_minus_own_180,0,0.0
1a_full,cross,480,ADAUSDT,own_ret_360,0,0.0
1a_full,cross,480,ADAUSDT,btc_ret_360,0,0.0
1a_full,cross,480,ADAUSDT,eth_ret_360,0,0.0
1a_full,cross,480,ADAUSDT,mkt_ret_360,0,0.0
1a_full,cross,480,ADAUSDT,breadth_360,0,0.0
1a_full,cross,480,ADAUSDT,disp_360,0,0.0
1a_full,cross,480,ADAUSDT,relstr_360,0,0.0
1a_full,cross,480,ADAUSDT,rank_360,0,0.0
1a_full,cross,480,ADAUSDT,btc_minus_own_360,0,0.0
1a_full,cross,480,ADAUSDT,eth_minus_own_360,0,0.0
1a_full,cross,480,ADAUSDT,own_ret_720,0,0.0
1a_full,cross,480,ADAUSDT,btc_ret_720,0,0.0
1a_full,cross,480,ADAUSDT,eth_ret_720,0,0.0
1a_full,cross,480,ADAUSDT,mkt_ret_720,0,0.0
1a_full,cross,480,ADAUSDT,breadth_720,0,0.0
1a_full,cross,480,ADAUSDT,disp_720,0,0.0
1a_full,cross,480,ADAUSDT,relstr_720,0,0.0
1a_full,cross,480,ADAUSDT,rank_720,0,0.0
1a_full,cross,480,ADAUSDT,btc_minus_own_720,0,0.0
1a_full,cross,480,ADAUSDT,eth_minus_own_720,0,0.0
1a_full,cross,480,ADAUSDT,own_ret_1440,0,0.0
1a_full,cross,480,ADAUSDT,btc_ret_1440,0,0.0
1a_full,cross,480,ADAUSDT,eth_ret_1440,0,0.0
1a_full,cross,480,ADAUSDT,mkt_ret_1440,0,0.0
1a_full,cross,480,ADAUSDT,breadth_1440,0,0.0
1a_full,cross,480,ADAUSDT,disp_1440,0,0.0
1a_full,cross,480,ADAUSDT,relstr_1440,0,0.0
1a_full,cross,480,ADAUSDT,rank_1440,0,0.0
1a_full,cross,480,ADAUSDT,btc_minus_own_1440,0,0.0
1a_full,cross,480,ADAUSDT,eth_minus_own_1440,0,0.0
1a_full,micro,480,AVAXUSDT,rskew_30,0,4.332222403036212e-08
1a_full,micro,480,AVAXUSDT,rskew_30_xrank,0,0.0
1a_full,micro,480,AVAXUSDT,rkurt_30,0,1.0464541446708608e-05
1a_full,micro,480,AVAXUSDT,rkurt_30_xrank,0,0.0
1a_full,micro,480,AVAXUSDT,roll_30,0,0.0
1a_full,micro,480,AVAXUSDT,roll_30_xrank,0,0.0
1a_full,micro,480,AVAXUSDT,amihud_30,0,0.0
1a_full,micro,480,AVAXUSDT,amihud_30_xrank,0,0.0
1a_full,micro,480,AVAXUSDT,kyle_30,0,4.69148009329956e-09
1a_full,micro,480,AVAXUSDT,kyle_30_xrank,0,0.0
1a_full,micro,480,AVAXUSDT,vpin_30,0,0.0
1a_full,micro,480,AVAXUSDT,vpin_30_xrank,0,0.0
1a_full,micro,480,AVAXUSDT,jump_30,0,1.0897232005646629e-09
1a_full,micro,480,AVAXUSDT,jump_30_xrank,0,0.0
1a_full,micro,480,AVAXUSDT,vratio_30,0,0.0
1a_full,micro,480,AVAXUSDT,vratio_30_xrank,0,0.0
1a_full,micro,480,AVAXUSDT,cvd_slope_30,0,0.0
1a_full,micro,480,AVAXUSDT,cvd_slope_30_xrank,0,0.0
1a_full,micro,480,AVAXUSDT,signac_30,0,0.0
1a_full,micro,480,AVAXUSDT,signac_30_xrank,0,0.0
1a_full,micro,480,AVAXUSDT,sflow_30,0,0.0
1a_full,micro,480,AVAXUSDT,sflow_30_xrank,0,0.0
1a_full,micro,480,AVAXUSDT,rskew_120,0,1.0541858053159103e-08
1a_full,micro,480,AVAXUSDT,rskew_120_xrank,0,0.0
1a_full,micro,480,AVAXUSDT,rkurt_120,0,2.9184886329858273e-07
1a_full,micro,480,AVAXUSDT,rkurt_120_xrank,0,0.0
1a_full,micro,480,AVAXUSDT,roll_120,0,0.0
1a_full,micro,480,AVAXUSDT,roll_120_xrank,0,0.0
1a_full,micro,480,AVAXUSDT,amihud_120,0,0.0
1a_full,micro,480,AVAXUSDT,amihud_120_xrank,0,0.0
1a_full,micro,480,AVAXUSDT,kyle_120,0,0.0
1a_full,micro,480,AVAXUSDT,kyle_120_xrank,0,0.0
1a_full,micro,480,AVAXUSDT,vpin_120,0,0.0
1a_full,micro,480,AVAXUSDT,vpin_120_xrank,0,0.0
1a_full,micro,480,AVAXUSDT,jump_120,0,7.965868853432312e-09
1a_full,micro,480,AVAXUSDT,jump_120_xrank,0,0.0
1a_full,micro,480,AVAXUSDT,vratio_120,0,0.0
1a_full,micro,480,AVAXUSDT,vratio_120_xrank,0,0.0
1a_full,micro,480,AVAXUSDT,cvd_slope_120,0,0.0
1a_full,micro,480,AVAXUSDT,cvd_slope_120_xrank,0,0.0
1a_full,micro,480,AVAXUSDT,signac_120,0,2.6047505485848887e-08
1a_full,micro,480,AVAXUSDT,signac_120_xrank,0,0.0
1a_full,micro,480,AVAXUSDT,sflow_120,0,0.0
1a_full,micro,480,AVAXUSDT,sflow_120_xrank,0,0.0
1a_full,micro,480,AVAXUSDT,rskew_480,0,1.572794339210759e-08
1a_full,micro,480,AVAXUSDT,rskew_480_xrank,0,0.0
1a_full,micro,480,AVAXUSDT,rkurt_480,0,7.423936665418296e-08
1a_full,micro,480,AVAXUSDT,rkurt_480_xrank,0,0.0
1a_full,micro,480,AVAXUSDT,roll_480,0,0.0
1a_full,micro,480,AVAXUSDT,roll_480_xrank,0,0.0
1a_full,micro,480,AVAXUSDT,amihud_480,0,0.0
1a_full,micro,480,AVAXUSDT,amihud_480_xrank,0,0.0
1a_full,micro,480,AVAXUSDT,kyle_480,0,0.0
1a_full,micro,480,AVAXUSDT,kyle_480_xrank,0,0.0
1a_full,micro,480,AVAXUSDT,vpin_480,0,0.0
1a_full,micro,480,AVAXUSDT,vpin_480_xrank,0,0.0
1a_full,micro,480,AVAXUSDT,jump_480,0,0.0
1a_full,micro,480,AVAXUSDT,jump_480_xrank,0,0.0
1a_full,micro,480,AVAXUSDT,vratio_480,0,0.0
1a_full,micro,480,AVAXUSDT,vratio_480_xrank,0,0.0
1a_full,micro,480,AVAXUSDT,cvd_slope_480,0,0.0
1a_full,micro,480,AVAXUSDT,cvd_slope_480_xrank,0,0.0
1a_full,micro,480,AVAXUSDT,signac_480,0,0.0
1a_full,micro,480,AVAXUSDT,signac_480_xrank,0,0.0
1a_full,micro,480,AVAXUSDT,sflow_480,0,0.0
1a_full,micro,480,AVAXUSDT,sflow_480_xrank,0,0.0
1a_full,cross,480,AVAXUSDT,own_ret_1,0,0.0
1a_full,cross,480,AVAXUSDT,btc_ret_1,0,0.0
1a_full,cross,480,AVAXUSDT,eth_ret_1,0,0.0
1a_full,cross,480,AVAXUSDT,mkt_ret_1,0,0.0
1a_full,cross,480,AVAXUSDT,breadth_1,0,0.0
1a_full,cross,480,AVAXUSDT,disp_1,0,0.0
1a_full,cross,480,AVAXUSDT,relstr_1,0,0.0
1a_full,cross,480,AVAXUSDT,rank_1,0,0.0
1a_full,cross,480,AVAXUSDT,btc_minus_own_1,0,0.0
1a_full,cross,480,AVAXUSDT,eth_minus_own_1,0,0.0
1a_full,cross,480,AVAXUSDT,own_ret_5,0,0.0
1a_full,cross,480,AVAXUSDT,btc_ret_5,0,0.0
1a_full,cross,480,AVAXUSDT,eth_ret_5,0,0.0
1a_full,cross,480,AVAXUSDT,mkt_ret_5,0,0.0
1a_full,cross,480,AVAXUSDT,breadth_5,0,0.0
1a_full,cross,480,AVAXUSDT,disp_5,0,0.0
1a_full,cross,480,AVAXUSDT,relstr_5,0,0.0
1a_full,cross,480,AVAXUSDT,rank_5,0,0.0
1a_full,cross,480,AVAXUSDT,btc_minus_own_5,0,0.0
1a_full,cross,480,AVAXUSDT,eth_minus_own_5,0,0.0
1a_full,cross,480,AVAXUSDT,own_ret_15,0,0.0
1a_full,cross,480,AVAXUSDT,btc_ret_15,0,0.0
1a_full,cross,480,AVAXUSDT,eth_ret_15,0,0.0
1a_full,cross,480,AVAXUSDT,mkt_ret_15,0,0.0
1a_full,cross,480,AVAXUSDT,breadth_15,0,0.0
1a_full,cross,480,AVAXUSDT,disp_15,0,0.0
1a_full,cross,480,AVAXUSDT,relstr_15,0,0.0
1a_full,cross,480,AVAXUSDT,rank_15,0,0.0
1a_full,cross,480,AVAXUSDT,btc_minus_own_15,0,0.0
1a_full,cross,480,AVAXUSDT,eth_minus_own_15,0,0.0
1a_full,cross,480,AVAXUSDT,own_ret_30,0,0.0
1a_full,cross,480,AVAXUSDT,btc_ret_30,0,0.0
1a_full,cross,480,AVAXUSDT,eth_ret_30,0,0.0
1a_full,cross,480,AVAXUSDT,mkt_ret_30,0,0.0
1a_full,cross,480,AVAXUSDT,breadth_30,0,0.0
1a_full,cross,480,AVAXUSDT,disp_30,0,0.0
1a_full,cross,480,AVAXUSDT,relstr_30,0,0.0
1a_full,cross,480,AVAXUSDT,rank_30,0,0.0
1a_full,cross,480,AVAXUSDT,btc_minus_own_30,0,0.0
1a_full,cross,480,AVAXUSDT,eth_minus_own_30,0,0.0
1a_full,cross,480,AVAXUSDT,own_ret_60,0,0.0
1a_full,cross,480,AVAXUSDT,btc_ret_60,0,0.0
1a_full,cross,480,AVAXUSDT,eth_ret_60,0,0.0
1a_full,cross,480,AVAXUSDT,mkt_ret_60,0,0.0
1a_full,cross,480,AVAXUSDT,breadth_60,0,0.0
1a_full,cross,480,AVAXUSDT,disp_60,0,0.0
1a_full,cross,480,AVAXUSDT,relstr_60,0,0.0
1a_full,cross,480,AVAXUSDT,rank_60,0,0.0
1a_full,cross,480,AVAXUSDT,btc_minus_own_60,0,0.0
1a_full,cross,480,AVAXUSDT,eth_minus_own_60,0,0.0
1a_full,cross,480,AVAXUSDT,own_ret_180,0,0.0
1a_full,cross,480,AVAXUSDT,btc_ret_180,0,0.0
1a_full,cross,480,AVAXUSDT,eth_ret_180,0,0.0
1a_full,cross,480,AVAXUSDT,mkt_ret_180,0,0.0
1a_full,cross,480,AVAXUSDT,breadth_180,0,0.0
1a_full,cross,480,AVAXUSDT,disp_180,0,0.0
1a_full,cross,480,AVAXUSDT,relstr_180,0,0.0
1a_full,cross,480,AVAXUSDT,rank_180,0,0.0
1a_full,cross,480,AVAXUSDT,btc_minus_own_180,0,0.0
1a_full,cross,480,AVAXUSDT,eth_minus_own_180,0,0.0
1a_full,cross,480,AVAXUSDT,own_ret_360,0,0.0
1a_full,cross,480,AVAXUSDT,btc_ret_360,0,0.0
1a_full,cross,480,AVAXUSDT,eth_ret_360,0,0.0
1a_full,cross,480,AVAXUSDT,mkt_ret_360,0,0.0
1a_full,cross,480,AVAXUSDT,breadth_360,0,0.0
1a_full,cross,480,AVAXUSDT,disp_360,0,0.0
1a_full,cross,480,AVAXUSDT,relstr_360,0,0.0
1a_full,cross,480,AVAXUSDT,rank_360,0,0.0
1a_full,cross,480,AVAXUSDT,btc_minus_own_360,0,0.0
1a_full,cross,480,AVAXUSDT,eth_minus_own_360,0,0.0
1a_full,cross,480,AVAXUSDT,own_ret_720,0,0.0
1a_full,cross,480,AVAXUSDT,btc_ret_720,0,0.0
1a_full,cross,480,AVAXUSDT,eth_ret_720,0,0.0
1a_full,cross,480,AVAXUSDT,mkt_ret_720,0,0.0
1a_full,cross,480,AVAXUSDT,breadth_720,0,0.0
1a_full,cross,480,AVAXUSDT,disp_720,0,0.0
1a_full,cross,480,AVAXUSDT,relstr_720,0,0.0
1a_full,cross,480,AVAXUSDT,rank_720,0,0.0
1a_full,cross,480,AVAXUSDT,btc_minus_own_720,0,0.0
1a_full,cross,480,AVAXUSDT,eth_minus_own_720,0,0.0
1a_full,cross,480,AVAXUSDT,own_ret_1440,0,0.0
1a_full,cross,480,AVAXUSDT,btc_ret_1440,0,0.0
1a_full,cross,480,AVAXUSDT,eth_ret_1440,0,0.0
1a_full,cross,480,AVAXUSDT,mkt_ret_1440,0,0.0
1a_full,cross,480,AVAXUSDT,breadth_1440,0,0.0
1a_full,cross,480,AVAXUSDT,disp_1440,0,0.0
1a_full,cross,480,AVAXUSDT,relstr_1440,0,0.0
1a_full,cross,480,AVAXUSDT,rank_1440,0,0.0
1a_full,cross,480,AVAXUSDT,btc_minus_own_1440,0,0.0
1a_full,cross,480,AVAXUSDT,eth_minus_own_1440,0,0.0
1a_full,micro,480,BNBUSDT,rskew_30,0,9.145680657240973e-09
1a_full,micro,480,BNBUSDT,rskew_30_xrank,0,0.0
1a_full,micro,480,BNBUSDT,rkurt_30,0,3.029580739166704e-06
1a_full,micro,480,BNBUSDT,rkurt_30_xrank,0,0.0
1a_full,micro,480,BNBUSDT,roll_30,0,0.0
1a_full,micro,480,BNBUSDT,roll_30_xrank,0,0.0
1a_full,micro,480,BNBUSDT,amihud_30,0,0.0
1a_full,micro,480,BNBUSDT,amihud_30_xrank,0,0.0
1a_full,micro,480,BNBUSDT,kyle_30,0,1.0967905694769797e-07
1a_full,micro,480,BNBUSDT,kyle_30_xrank,0,0.0
1a_full,micro,480,BNBUSDT,vpin_30,0,0.0
1a_full,micro,480,BNBUSDT,vpin_30_xrank,0,0.0
1a_full,micro,480,BNBUSDT,jump_30,0,1.4931111902427574e-09
1a_full,micro,480,BNBUSDT,jump_30_xrank,0,0.0
1a_full,micro,480,BNBUSDT,vratio_30,0,0.0
1a_full,micro,480,BNBUSDT,vratio_30_xrank,0,0.0
1a_full,micro,480,BNBUSDT,cvd_slope_30,0,0.0
1a_full,micro,480,BNBUSDT,cvd_slope_30_xrank,0,0.0
1a_full,micro,480,BNBUSDT,signac_30,0,0.0
1a_full,micro,480,BNBUSDT,signac_30_xrank,0,0.0
1a_full,micro,480,BNBUSDT,sflow_30,0,0.0
1a_full,micro,480,BNBUSDT,sflow_30_xrank,0,0.0
1a_full,micro,480,BNBUSDT,rskew_120,0,1.6558077131634263e-09
1a_full,micro,480,BNBUSDT,rskew_120_xrank,0,0.0
1a_full,micro,480,BNBUSDT,rkurt_120,0,8.28935213803561e-08
1a_full,micro,480,BNBUSDT,rkurt_120_xrank,0,0.0
1a_full,micro,480,BNBUSDT,roll_120,0,0.0
1a_full,micro,480,BNBUSDT,roll_120_xrank,0,0.0
1a_full,micro,480,BNBUSDT,amihud_120,0,0.0
1a_full,micro,480,BNBUSDT,amihud_120_xrank,0,0.0
1a_full,micro,480,BNBUSDT,kyle_120,0,0.0
1a_full,micro,480,BNBUSDT,kyle_120_xrank,0,0.0
1a_full,micro,480,BNBUSDT,vpin_120,0,0.0
1a_full,micro,480,BNBUSDT,vpin_120_xrank,0,0.0
1a_full,micro,480,BNBUSDT,jump_120,0,7.628832676687125e-09
1a_full,micro,480,BNBUSDT,jump_120_xrank,0,0.0
1a_full,micro,480,BNBUSDT,vratio_120,0,0.0
1a_full,micro,480,BNBUSDT,vratio_120_xrank,0,0.0
1a_full,micro,480,BNBUSDT,cvd_slope_120,0,0.0
1a_full,micro,480,BNBUSDT,cvd_slope_120_xrank,0,0.0
1a_full,micro,480,BNBUSDT,signac_120,0,0.0
1a_full,micro,480,BNBUSDT,signac_120_xrank,0,0.0
1a_full,micro,480,BNBUSDT,sflow_120,0,0.0
1a_full,micro,480,BNBUSDT,sflow_120_xrank,0,0.0
1a_full,micro,480,BNBUSDT,rskew_480,0,4.515892992884574e-09
1a_full,micro,480,BNBUSDT,rskew_480_xrank,0,0.0
1a_full,micro,480,BNBUSDT,rkurt_480,0,3.69226675900336e-08
1a_full,micro,480,BNBUSDT,rkurt_480_xrank,0,0.0
1a_full,micro,480,BNBUSDT,roll_480,0,0.0
1a_full,micro,480,BNBUSDT,roll_480_xrank,0,0.0
1a_full,micro,480,BNBUSDT,amihud_480,0,0.0
1a_full,micro,480,BNBUSDT,amihud_480_xrank,0,0.0
1a_full,micro,480,BNBUSDT,kyle_480,0,0.0
1a_full,micro,480,BNBUSDT,kyle_480_xrank,0,0.0
1a_full,micro,480,BNBUSDT,vpin_480,0,0.0
1a_full,micro,480,BNBUSDT,vpin_480_xrank,0,0.0
1a_full,micro,480,BNBUSDT,jump_480,0,1.8577028804145357e-09
1a_full,micro,480,BNBUSDT,jump_480_xrank,0,0.0
1a_full,micro,480,BNBUSDT,vratio_480,0,0.0
1a_full,micro,480,BNBUSDT,vratio_480_xrank,0,0.0
1a_full,micro,480,BNBUSDT,cvd_slope_480,0,0.0
1a_full,micro,480,BNBUSDT,cvd_slope_480_xrank,0,0.0
1a_full,micro,480,BNBUSDT,signac_480,0,0.0
1a_full,micro,480,BNBUSDT,signac_480_xrank,0,0.0
1a_full,micro,480,BNBUSDT,sflow_480,0,0.0
1a_full,micro,480,BNBUSDT,sflow_480_xrank,0,0.0
1a_full,cross,480,BNBUSDT,own_ret_1,0,0.0
1a_full,cross,480,BNBUSDT,btc_ret_1,0,0.0
1a_full,cross,480,BNBUSDT,eth_ret_1,0,0.0
1a_full,cross,480,BNBUSDT,mkt_ret_1,0,0.0
1a_full,cross,480,BNBUSDT,breadth_1,0,0.0
1a_full,cross,480,BNBUSDT,disp_1,0,0.0
1a_full,cross,480,BNBUSDT,relstr_1,0,0.0
1a_full,cross,480,BNBUSDT,rank_1,0,0.0
1a_full,cross,480,BNBUSDT,btc_minus_own_1,0,0.0
1a_full,cross,480,BNBUSDT,eth_minus_own_1,0,0.0
1a_full,cross,480,BNBUSDT,own_ret_5,0,0.0
1a_full,cross,480,BNBUSDT,btc_ret_5,0,0.0
1a_full,cross,480,BNBUSDT,eth_ret_5,0,0.0
1a_full,cross,480,BNBUSDT,mkt_ret_5,0,0.0
1a_full,cross,480,BNBUSDT,breadth_5,0,0.0
1a_full,cross,480,BNBUSDT,disp_5,0,0.0
1a_full,cross,480,BNBUSDT,relstr_5,0,0.0
1a_full,cross,480,BNBUSDT,rank_5,0,0.0
1a_full,cross,480,BNBUSDT,btc_minus_own_5,0,0.0
1a_full,cross,480,BNBUSDT,eth_minus_own_5,0,0.0
1a_full,cross,480,BNBUSDT,own_ret_15,0,0.0
1a_full,cross,480,BNBUSDT,btc_ret_15,0,0.0
1a_full,cross,480,BNBUSDT,eth_ret_15,0,0.0
1a_full,cross,480,BNBUSDT,mkt_ret_15,0,0.0
1a_full,cross,480,BNBUSDT,breadth_15,0,0.0
1a_full,cross,480,BNBUSDT,disp_15,0,0.0
1a_full,cross,480,BNBUSDT,relstr_15,0,0.0
1a_full,cross,480,BNBUSDT,rank_15,0,0.0
1a_full,cross,480,BNBUSDT,btc_minus_own_15,0,0.0
1a_full,cross,480,BNBUSDT,eth_minus_own_15,0,0.0
1a_full,cross,480,BNBUSDT,own_ret_30,0,0.0
1a_full,cross,480,BNBUSDT,btc_ret_30,0,0.0
1a_full,cross,480,BNBUSDT,eth_ret_30,0,0.0
1a_full,cross,480,BNBUSDT,mkt_ret_30,0,0.0
1a_full,cross,480,BNBUSDT,breadth_30,0,0.0
1a_full,cross,480,BNBUSDT,disp_30,0,0.0
1a_full,cross,480,BNBUSDT,relstr_30,0,0.0
1a_full,cross,480,BNBUSDT,rank_30,0,0.0
1a_full,cross,480,BNBUSDT,btc_minus_own_30,0,0.0
1a_full,cross,480,BNBUSDT,eth_minus_own_30,0,0.0
1a_full,cross,480,BNBUSDT,own_ret_60,0,0.0
1a_full,cross,480,BNBUSDT,btc_ret_60,0,0.0
1a_full,cross,480,BNBUSDT,eth_ret_60,0,0.0
1a_full,cross,480,BNBUSDT,mkt_ret_60,0,0.0
1a_full,cross,480,BNBUSDT,breadth_60,0,0.0
1a_full,cross,480,BNBUSDT,disp_60,0,0.0
1a_full,cross,480,BNBUSDT,relstr_60,0,0.0
1a_full,cross,480,BNBUSDT,rank_60,0,0.0
1a_full,cross,480,BNBUSDT,btc_minus_own_60,0,0.0
1a_full,cross,480,BNBUSDT,eth_minus_own_60,0,0.0
1a_full,cross,480,BNBUSDT,own_ret_180,0,0.0
1a_full,cross,480,BNBUSDT,btc_ret_180,0,0.0
1a_full,cross,480,BNBUSDT,eth_ret_180,0,0.0
1a_full,cross,480,BNBUSDT,mkt_ret_180,0,0.0
1a_full,cross,480,BNBUSDT,breadth_180,0,0.0
1a_full,cross,480,BNBUSDT,disp_180,0,0.0
1a_full,cross,480,BNBUSDT,relstr_180,0,0.0
1a_full,cross,480,BNBUSDT,rank_180,0,0.0
1a_full,cross,480,BNBUSDT,btc_minus_own_180,0,0.0
1a_full,cross,480,BNBUSDT,eth_minus_own_180,0,0.0
1a_full,cross,480,BNBUSDT,own_ret_360,0,0.0
1a_full,cross,480,BNBUSDT,btc_ret_360,0,0.0
1a_full,cross,480,BNBUSDT,eth_ret_360,0,0.0
1a_full,cross,480,BNBUSDT,mkt_ret_360,0,0.0
1a_full,cross,480,BNBUSDT,breadth_360,0,0.0
1a_full,cross,480,BNBUSDT,disp_360,0,0.0
1a_full,cross,480,BNBUSDT,relstr_360,0,0.0
1a_full,cross,480,BNBUSDT,rank_360,0,0.0
1a_full,cross,480,BNBUSDT,btc_minus_own_360,0,0.0
1a_full,cross,480,BNBUSDT,eth_minus_own_360,0,0.0
1a_full,cross,480,BNBUSDT,own_ret_720,0,0.0
1a_full,cross,480,BNBUSDT,btc_ret_720,0,0.0
1a_full,cross,480,BNBUSDT,eth_ret_720,0,0.0
1a_full,cross,480,BNBUSDT,mkt_ret_720,0,0.0
1a_full,cross,480,BNBUSDT,breadth_720,0,0.0
1a_full,cross,480,BNBUSDT,disp_720,0,0.0
1a_full,cross,480,BNBUSDT,relstr_720,0,0.0
1a_full,cross,480,BNBUSDT,rank_720,0,0.0
1a_full,cross,480,BNBUSDT,btc_minus_own_720,0,0.0
1a_full,cross,480,BNBUSDT,eth_minus_own_720,0,0.0
1a_full,cross,480,BNBUSDT,own_ret_1440,0,0.0
1a_full,cross,480,BNBUSDT,btc_ret_1440,0,0.0
1a_full,cross,480,BNBUSDT,eth_ret_1440,0,0.0
1a_full,cross,480,BNBUSDT,mkt_ret_1440,0,0.0
1a_full,cross,480,BNBUSDT,breadth_1440,0,0.0
1a_full,cross,480,BNBUSDT,disp_1440,0,0.0
1a_full,cross,480,BNBUSDT,relstr_1440,0,0.0
1a_full,cross,480,BNBUSDT,rank_1440,0,0.0
1a_full,cross,480,BNBUSDT,btc_minus_own_1440,0,0.0
1a_full,cross,480,BNBUSDT,eth_minus_own_1440,0,0.0
1a_full,micro,480,BTCUSDT,rskew_30,0,6.09874789558873e-11
1a_full,micro,480,BTCUSDT,rskew_30_xrank,0,0.0
1a_full,micro,480,BTCUSDT,rkurt_30,0,7.755464253023092e-07
1a_full,micro,480,BTCUSDT,rkurt_30_xrank,0,0.0
1a_full,micro,480,BTCUSDT,roll_30,0,0.0
1a_full,micro,480,BTCUSDT,roll_30_xrank,0,0.0
1a_full,micro,480,BTCUSDT,amihud_30,0,0.0
1a_full,micro,480,BTCUSDT,amihud_30_xrank,0,0.0
1a_full,micro,480,BTCUSDT,kyle_30,0,0.0
1a_full,micro,480,BTCUSDT,kyle_30_xrank,0,0.0
1a_full,micro,480,BTCUSDT,vpin_30,0,0.0
1a_full,micro,480,BTCUSDT,vpin_30_xrank,0,0.0
1a_full,micro,480,BTCUSDT,jump_30,0,7.282883185411038e-09
1a_full,micro,480,BTCUSDT,jump_30_xrank,0,0.0
1a_full,micro,480,BTCUSDT,vratio_30,0,0.0
1a_full,micro,480,BTCUSDT,vratio_30_xrank,0,0.0
1a_full,micro,480,BTCUSDT,cvd_slope_30,0,0.0
1a_full,micro,480,BTCUSDT,cvd_slope_30_xrank,0,0.0
1a_full,micro,480,BTCUSDT,signac_30,0,0.0
1a_full,micro,480,BTCUSDT,signac_30_xrank,0,0.0
1a_full,micro,480,BTCUSDT,sflow_30,0,0.0
1a_full,micro,480,BTCUSDT,sflow_30_xrank,0,0.0
1a_full,micro,480,BTCUSDT,rskew_120,0,0.0
1a_full,micro,480,BTCUSDT,rskew_120_xrank,0,0.0
1a_full,micro,480,BTCUSDT,rkurt_120,0,4.34491642664625e-09
1a_full,micro,480,BTCUSDT,rkurt_120_xrank,0,0.0
1a_full,micro,480,BTCUSDT,roll_120,0,0.0
1a_full,micro,480,BTCUSDT,roll_120_xrank,0,0.0
1a_full,micro,480,BTCUSDT,amihud_120,0,5.386616308555858e-08
1a_full,micro,480,BTCUSDT,amihud_120_xrank,0,0.0
1a_full,micro,480,BTCUSDT,kyle_120,0,0.0
1a_full,micro,480,BTCUSDT,kyle_120_xrank,0,0.0
1a_full,micro,480,BTCUSDT,vpin_120,0,0.0
1a_full,micro,480,BTCUSDT,vpin_120_xrank,0,0.0
1a_full,micro,480,BTCUSDT,jump_120,0,7.26527449312897e-10
1a_full,micro,480,BTCUSDT,jump_120_xrank,0,0.0
1a_full,micro,480,BTCUSDT,vratio_120,0,0.0
1a_full,micro,480,BTCUSDT,vratio_120_xrank,0,0.0
1a_full,micro,480,BTCUSDT,cvd_slope_120,0,0.0
1a_full,micro,480,BTCUSDT,cvd_slope_120_xrank,0,0.0
1a_full,micro,480,BTCUSDT,signac_120,0,0.0
1a_full,micro,480,BTCUSDT,signac_120_xrank,0,0.0
1a_full,micro,480,BTCUSDT,sflow_120,0,0.0
1a_full,micro,480,BTCUSDT,sflow_120_xrank,0,0.0
1a_full,micro,480,BTCUSDT,rskew_480,0,0.0
1a_full,micro,480,BTCUSDT,rskew_480_xrank,0,0.0
1a_full,micro,480,BTCUSDT,rkurt_480,0,0.0
1a_full,micro,480,BTCUSDT,rkurt_480_xrank,0,0.0
1a_full,micro,480,BTCUSDT,roll_480,0,0.0
1a_full,micro,480,BTCUSDT,roll_480_xrank,0,0.0
1a_full,micro,480,BTCUSDT,amihud_480,0,0.0
1a_full,micro,480,BTCUSDT,amihud_480_xrank,0,0.0
1a_full,micro,480,BTCUSDT,kyle_480,0,0.0
1a_full,micro,480,BTCUSDT,kyle_480_xrank,0,0.0
1a_full,micro,480,BTCUSDT,vpin_480,0,0.0
1a_full,micro,480,BTCUSDT,vpin_480_xrank,0,0.0
1a_full,micro,480,BTCUSDT,jump_480,0,0.0
1a_full,micro,480,BTCUSDT,jump_480_xrank,0,0.0
1a_full,micro,480,BTCUSDT,vratio_480,0,0.0
1a_full,micro,480,BTCUSDT,vratio_480_xrank,0,0.0
1a_full,micro,480,BTCUSDT,cvd_slope_480,0,0.0
1a_full,micro,480,BTCUSDT,cvd_slope_480_xrank,0,0.0
1a_full,micro,480,BTCUSDT,signac_480,0,0.0
1a_full,micro,480,BTCUSDT,signac_480_xrank,0,0.0
1a_full,micro,480,BTCUSDT,sflow_480,0,0.0
1a_full,micro,480,BTCUSDT,sflow_480_xrank,0,0.0
1a_full,cross,480,BTCUSDT,own_ret_1,0,0.0
1a_full,cross,480,BTCUSDT,btc_ret_1,0,0.0
1a_full,cross,480,BTCUSDT,eth_ret_1,0,0.0
1a_full,cross,480,BTCUSDT,mkt_ret_1,0,0.0
1a_full,cross,480,BTCUSDT,breadth_1,0,0.0
1a_full,cross,480,BTCUSDT,disp_1,0,0.0
1a_full,cross,480,BTCUSDT,relstr_1,0,0.0
1a_full,cross,480,BTCUSDT,rank_1,0,0.0
1a_full,cross,480,BTCUSDT,btc_minus_own_1,0,0.0
1a_full,cross,480,BTCUSDT,eth_minus_own_1,0,0.0
1a_full,cross,480,BTCUSDT,own_ret_5,0,0.0
1a_full,cross,480,BTCUSDT,btc_ret_5,0,0.0
1a_full,cross,480,BTCUSDT,eth_ret_5,0,0.0
1a_full,cross,480,BTCUSDT,mkt_ret_5,0,0.0
1a_full,cross,480,BTCUSDT,breadth_5,0,0.0
1a_full,cross,480,BTCUSDT,disp_5,0,0.0
1a_full,cross,480,BTCUSDT,relstr_5,0,0.0
1a_full,cross,480,BTCUSDT,rank_5,0,0.0
1a_full,cross,480,BTCUSDT,btc_minus_own_5,0,0.0
1a_full,cross,480,BTCUSDT,eth_minus_own_5,0,0.0
1a_full,cross,480,BTCUSDT,own_ret_15,0,0.0
1a_full,cross,480,BTCUSDT,btc_ret_15,0,0.0
1a_full,cross,480,BTCUSDT,eth_ret_15,0,0.0
1a_full,cross,480,BTCUSDT,mkt_ret_15,0,0.0
1a_full,cross,480,BTCUSDT,breadth_15,0,0.0
1a_full,cross,480,BTCUSDT,disp_15,0,0.0
1a_full,cross,480,BTCUSDT,relstr_15,0,0.0
1a_full,cross,480,BTCUSDT,rank_15,0,0.0
1a_full,cross,480,BTCUSDT,btc_minus_own_15,0,0.0
1a_full,cross,480,BTCUSDT,eth_minus_own_15,0,0.0
1a_full,cross,480,BTCUSDT,own_ret_30,0,0.0
1a_full,cross,480,BTCUSDT,btc_ret_30,0,0.0
1a_full,cross,480,BTCUSDT,eth_ret_30,0,0.0
1a_full,cross,480,BTCUSDT,mkt_ret_30,0,0.0
1a_full,cross,480,BTCUSDT,breadth_30,0,0.0
1a_full,cross,480,BTCUSDT,disp_30,0,0.0
1a_full,cross,480,BTCUSDT,relstr_30,0,0.0
1a_full,cross,480,BTCUSDT,rank_30,0,0.0
1a_full,cross,480,BTCUSDT,btc_minus_own_30,0,0.0
1a_full,cross,480,BTCUSDT,eth_minus_own_30,0,0.0
1a_full,cross,480,BTCUSDT,own_ret_60,0,0.0
1a_full,cross,480,BTCUSDT,btc_ret_60,0,0.0
1a_full,cross,480,BTCUSDT,eth_ret_60,0,0.0
1a_full,cross,480,BTCUSDT,mkt_ret_60,0,0.0
1a_full,cross,480,BTCUSDT,breadth_60,0,0.0
1a_full,cross,480,BTCUSDT,disp_60,0,0.0
1a_full,cross,480,BTCUSDT,relstr_60,0,0.0
1a_full,cross,480,BTCUSDT,rank_60,0,0.0
1a_full,cross,480,BTCUSDT,btc_minus_own_60,0,0.0
1a_full,cross,480,BTCUSDT,eth_minus_own_60,0,0.0
1a_full,cross,480,BTCUSDT,own_ret_180,0,0.0
1a_full,cross,480,BTCUSDT,btc_ret_180,0,0.0
1a_full,cross,480,BTCUSDT,eth_ret_180,0,0.0
1a_full,cross,480,BTCUSDT,mkt_ret_180,0,0.0
1a_full,cross,480,BTCUSDT,breadth_180,0,0.0
1a_full,cross,480,BTCUSDT,disp_180,0,0.0
1a_full,cross,480,BTCUSDT,relstr_180,0,0.0
1a_full,cross,480,BTCUSDT,rank_180,0,0.0
1a_full,cross,480,BTCUSDT,btc_minus_own_180,0,0.0
1a_full,cross,480,BTCUSDT,eth_minus_own_180,0,0.0
1a_full,cross,480,BTCUSDT,own_ret_360,0,0.0
1a_full,cross,480,BTCUSDT,btc_ret_360,0,0.0
1a_full,cross,480,BTCUSDT,eth_ret_360,0,0.0
1a_full,cross,480,BTCUSDT,mkt_ret_360,0,0.0
1a_full,cross,480,BTCUSDT,breadth_360,0,0.0
1a_full,cross,480,BTCUSDT,disp_360,0,0.0
1a_full,cross,480,BTCUSDT,relstr_360,0,0.0
1a_full,cross,480,BTCUSDT,rank_360,0,0.0
1a_full,cross,480,BTCUSDT,btc_minus_own_360,0,0.0
1a_full,cross,480,BTCUSDT,eth_minus_own_360,0,0.0
1a_full,cross,480,BTCUSDT,own_ret_720,0,0.0
1a_full,cross,480,BTCUSDT,btc_ret_720,0,0.0
1a_full,cross,480,BTCUSDT,eth_ret_720,0,0.0
1a_full,cross,480,BTCUSDT,mkt_ret_720,0,0.0
1a_full,cross,480,BTCUSDT,breadth_720,0,0.0
1a_full,cross,480,BTCUSDT,disp_720,0,0.0
1a_full,cross,480,BTCUSDT,relstr_720,0,0.0
1a_full,cross,480,BTCUSDT,rank_720,0,0.0
1a_full,cross,480,BTCUSDT,btc_minus_own_720,0,0.0
1a_full,cross,480,BTCUSDT,eth_minus_own_720,0,0.0
1a_full,cross,480,BTCUSDT,own_ret_1440,0,0.0
1a_full,cross,480,BTCUSDT,btc_ret_1440,0,0.0
1a_full,cross,480,BTCUSDT,eth_ret_1440,0,0.0
1a_full,cross,480,BTCUSDT,mkt_ret_1440,0,0.0
1a_full,cross,480,BTCUSDT,breadth_1440,0,0.0
1a_full,cross,480,BTCUSDT,disp_1440,0,0.0
1a_full,cross,480,BTCUSDT,relstr_1440,0,0.0
1a_full,cross,480,BTCUSDT,rank_1440,0,0.0
1a_full,cross,480,BTCUSDT,btc_minus_own_1440,0,0.0
1a_full,cross,480,BTCUSDT,eth_minus_own_1440,0,0.0
1a_full,micro,480,DOGEUSDT,rskew_30,0,1.6245479628196335e-08
1a_full,micro,480,DOGEUSDT,rskew_30_xrank,0,0.0
1a_full,micro,480,DOGEUSDT,rkurt_30,0,1.6043906043705647e-06
1a_full,micro,480,DOGEUSDT,rkurt_30_xrank,0,0.0
1a_full,micro,480,DOGEUSDT,roll_30,0,0.0
1a_full,micro,480,DOGEUSDT,roll_30_xrank,0,0.0
1a_full,micro,480,DOGEUSDT,amihud_30,0,0.0
1a_full,micro,480,DOGEUSDT,amihud_30_xrank,0,0.0
1a_full,micro,480,DOGEUSDT,kyle_30,0,1.9613523249972786e-08
1a_full,micro,480,DOGEUSDT,kyle_30_xrank,0,0.0
1a_full,micro,480,DOGEUSDT,vpin_30,0,5.069060549089954e-08
1a_full,micro,480,DOGEUSDT,vpin_30_xrank,0,0.0
1a_full,micro,480,DOGEUSDT,jump_30,0,7.73671704479284e-09
1a_full,micro,480,DOGEUSDT,jump_30_xrank,0,0.0
1a_full,micro,480,DOGEUSDT,vratio_30,0,6.692965826005093e-08
1a_full,micro,480,DOGEUSDT,vratio_30_xrank,0,0.0
1a_full,micro,480,DOGEUSDT,cvd_slope_30,0,0.0
1a_full,micro,480,DOGEUSDT,cvd_slope_30_xrank,0,0.0
1a_full,micro,480,DOGEUSDT,signac_30,0,0.0
1a_full,micro,480,DOGEUSDT,signac_30_xrank,0,0.0
1a_full,micro,480,DOGEUSDT,sflow_30,0,0.0
1a_full,micro,480,DOGEUSDT,sflow_30_xrank,0,0.0
1a_full,micro,480,DOGEUSDT,rskew_120,0,5.6442357454500325e-09
1a_full,micro,480,DOGEUSDT,rskew_120_xrank,0,0.0
1a_full,micro,480,DOGEUSDT,rkurt_120,0,8.440552790034417e-08
1a_full,micro,480,DOGEUSDT,rkurt_120_xrank,0,0.0
1a_full,micro,480,DOGEUSDT,roll_120,0,0.0
1a_full,micro,480,DOGEUSDT,roll_120_xrank,0,0.0
1a_full,micro,480,DOGEUSDT,amihud_120,0,0.0
1a_full,micro,480,DOGEUSDT,amihud_120_xrank,0,0.0
1a_full,micro,480,DOGEUSDT,kyle_120,0,0.0
1a_full,micro,480,DOGEUSDT,kyle_120_xrank,0,0.0
1a_full,micro,480,DOGEUSDT,vpin_120,0,0.0
1a_full,micro,480,DOGEUSDT,vpin_120_xrank,0,0.0
1a_full,micro,480,DOGEUSDT,jump_120,0,1.4853458463193192e-09
1a_full,micro,480,DOGEUSDT,jump_120_xrank,0,0.0
1a_full,micro,480,DOGEUSDT,vratio_120,0,0.0
1a_full,micro,480,DOGEUSDT,vratio_120_xrank,0,0.0
1a_full,micro,480,DOGEUSDT,cvd_slope_120,0,0.0
1a_full,micro,480,DOGEUSDT,cvd_slope_120_xrank,0,0.0
1a_full,micro,480,DOGEUSDT,signac_120,0,0.0
1a_full,micro,480,DOGEUSDT,signac_120_xrank,0,0.0
1a_full,micro,480,DOGEUSDT,sflow_120,0,0.0
1a_full,micro,480,DOGEUSDT,sflow_120_xrank,0,0.0
1a_full,micro,480,DOGEUSDT,rskew_480,0,0.0
1a_full,micro,480,DOGEUSDT,rskew_480_xrank,0,0.0
1a_full,micro,480,DOGEUSDT,rkurt_480,0,5.670656477718694e-08
1a_full,micro,480,DOGEUSDT,rkurt_480_xrank,0,0.0
1a_full,micro,480,DOGEUSDT,roll_480,0,0.0
1a_full,micro,480,DOGEUSDT,roll_480_xrank,0,0.0
1a_full,micro,480,DOGEUSDT,amihud_480,0,0.0
1a_full,micro,480,DOGEUSDT,amihud_480_xrank,0,0.0
1a_full,micro,480,DOGEUSDT,kyle_480,0,0.0
1a_full,micro,480,DOGEUSDT,kyle_480_xrank,0,0.0
1a_full,micro,480,DOGEUSDT,vpin_480,0,0.0
1a_full,micro,480,DOGEUSDT,vpin_480_xrank,0,0.0
1a_full,micro,480,DOGEUSDT,jump_480,0,2.4517190055917126e-08
1a_full,micro,480,DOGEUSDT,jump_480_xrank,0,0.0
1a_full,micro,480,DOGEUSDT,vratio_480,0,0.0
1a_full,micro,480,DOGEUSDT,vratio_480_xrank,0,0.0
1a_full,micro,480,DOGEUSDT,cvd_slope_480,0,0.0
1a_full,micro,480,DOGEUSDT,cvd_slope_480_xrank,0,0.0
1a_full,micro,480,DOGEUSDT,signac_480,0,0.0
1a_full,micro,480,DOGEUSDT,signac_480_xrank,0,0.0
1a_full,micro,480,DOGEUSDT,sflow_480,0,0.0
1a_full,micro,480,DOGEUSDT,sflow_480_xrank,0,0.0
1a_full,cross,480,DOGEUSDT,own_ret_1,0,0.0
1a_full,cross,480,DOGEUSDT,btc_ret_1,0,0.0
1a_full,cross,480,DOGEUSDT,eth_ret_1,0,0.0
1a_full,cross,480,DOGEUSDT,mkt_ret_1,0,0.0
1a_full,cross,480,DOGEUSDT,breadth_1,0,0.0
1a_full,cross,480,DOGEUSDT,disp_1,0,0.0
1a_full,cross,480,DOGEUSDT,relstr_1,0,0.0
1a_full,cross,480,DOGEUSDT,rank_1,0,0.0
1a_full,cross,480,DOGEUSDT,btc_minus_own_1,0,0.0
1a_full,cross,480,DOGEUSDT,eth_minus_own_1,0,0.0
1a_full,cross,480,DOGEUSDT,own_ret_5,0,0.0
1a_full,cross,480,DOGEUSDT,btc_ret_5,0,0.0
1a_full,cross,480,DOGEUSDT,eth_ret_5,0,0.0
1a_full,cross,480,DOGEUSDT,mkt_ret_5,0,0.0
1a_full,cross,480,DOGEUSDT,breadth_5,0,0.0
1a_full,cross,480,DOGEUSDT,disp_5,0,0.0
1a_full,cross,480,DOGEUSDT,relstr_5,0,0.0
1a_full,cross,480,DOGEUSDT,rank_5,0,0.0
1a_full,cross,480,DOGEUSDT,btc_minus_own_5,0,0.0
1a_full,cross,480,DOGEUSDT,eth_minus_own_5,0,0.0
1a_full,cross,480,DOGEUSDT,own_ret_15,0,0.0
1a_full,cross,480,DOGEUSDT,btc_ret_15,0,0.0
1a_full,cross,480,DOGEUSDT,eth_ret_15,0,0.0
1a_full,cross,480,DOGEUSDT,mkt_ret_15,0,0.0
1a_full,cross,480,DOGEUSDT,breadth_15,0,0.0
1a_full,cross,480,DOGEUSDT,disp_15,0,0.0
1a_full,cross,480,DOGEUSDT,relstr_15,0,0.0
1a_full,cross,480,DOGEUSDT,rank_15,0,0.0
1a_full,cross,480,DOGEUSDT,btc_minus_own_15,0,0.0
1a_full,cross,480,DOGEUSDT,eth_minus_own_15,0,0.0
1a_full,cross,480,DOGEUSDT,own_ret_30,0,0.0
1a_full,cross,480,DOGEUSDT,btc_ret_30,0,0.0
1a_full,cross,480,DOGEUSDT,eth_ret_30,0,0.0
1a_full,cross,480,DOGEUSDT,mkt_ret_30,0,0.0
1a_full,cross,480,DOGEUSDT,breadth_30,0,0.0
1a_full,cross,480,DOGEUSDT,disp_30,0,0.0
1a_full,cross,480,DOGEUSDT,relstr_30,0,0.0
1a_full,cross,480,DOGEUSDT,rank_30,0,0.0
1a_full,cross,480,DOGEUSDT,btc_minus_own_30,0,0.0
1a_full,cross,480,DOGEUSDT,eth_minus_own_30,0,0.0
1a_full,cross,480,DOGEUSDT,own_ret_60,0,0.0
1a_full,cross,480,DOGEUSDT,btc_ret_60,0,0.0
1a_full,cross,480,DOGEUSDT,eth_ret_60,0,0.0
1a_full,cross,480,DOGEUSDT,mkt_ret_60,0,0.0
1a_full,cross,480,DOGEUSDT,breadth_60,0,0.0
1a_full,cross,480,DOGEUSDT,disp_60,0,0.0
1a_full,cross,480,DOGEUSDT,relstr_60,0,0.0
1a_full,cross,480,DOGEUSDT,rank_60,0,0.0
1a_full,cross,480,DOGEUSDT,btc_minus_own_60,0,0.0
1a_full,cross,480,DOGEUSDT,eth_minus_own_60,0,0.0
1a_full,cross,480,DOGEUSDT,own_ret_180,0,0.0
1a_full,cross,480,DOGEUSDT,btc_ret_180,0,0.0
1a_full,cross,480,DOGEUSDT,eth_ret_180,0,0.0
1a_full,cross,480,DOGEUSDT,mkt_ret_180,0,0.0
1a_full,cross,480,DOGEUSDT,breadth_180,0,0.0
1a_full,cross,480,DOGEUSDT,disp_180,0,0.0
1a_full,cross,480,DOGEUSDT,relstr_180,0,0.0
1a_full,cross,480,DOGEUSDT,rank_180,0,0.0
1a_full,cross,480,DOGEUSDT,btc_minus_own_180,0,0.0
1a_full,cross,480,DOGEUSDT,eth_minus_own_180,0,0.0
1a_full,cross,480,DOGEUSDT,own_ret_360,0,0.0
1a_full,cross,480,DOGEUSDT,btc_ret_360,0,0.0
1a_full,cross,480,DOGEUSDT,eth_ret_360,0,0.0
1a_full,cross,480,DOGEUSDT,mkt_ret_360,0,0.0
1a_full,cross,480,DOGEUSDT,breadth_360,0,0.0
1a_full,cross,480,DOGEUSDT,disp_360,0,0.0
1a_full,cross,480,DOGEUSDT,relstr_360,0,0.0
1a_full,cross,480,DOGEUSDT,rank_360,0,0.0
1a_full,cross,480,DOGEUSDT,btc_minus_own_360,0,0.0
1a_full,cross,480,DOGEUSDT,eth_minus_own_360,0,0.0
1a_full,cross,480,DOGEUSDT,own_ret_720,0,0.0
1a_full,cross,480,DOGEUSDT,btc_ret_720,0,0.0
1a_full,cross,480,DOGEUSDT,eth_ret_720,0,0.0
1a_full,cross,480,DOGEUSDT,mkt_ret_720,0,0.0
1a_full,cross,480,DOGEUSDT,breadth_720,0,0.0
1a_full,cross,480,DOGEUSDT,disp_720,0,0.0
1a_full,cross,480,DOGEUSDT,relstr_720,0,0.0
1a_full,cross,480,DOGEUSDT,rank_720,0,0.0
1a_full,cross,480,DOGEUSDT,btc_minus_own_720,0,0.0
1a_full,cross,480,DOGEUSDT,eth_minus_own_720,0,0.0
1a_full,cross,480,DOGEUSDT,own_ret_1440,0,0.0
1a_full,cross,480,DOGEUSDT,btc_ret_1440,0,0.0
1a_full,cross,480,DOGEUSDT,eth_ret_1440,0,0.0
1a_full,cross,480,DOGEUSDT,mkt_ret_1440,0,0.0
1a_full,cross,480,DOGEUSDT,breadth_1440,0,0.0
1a_full,cross,480,DOGEUSDT,disp_1440,0,0.0
1a_full,cross,480,DOGEUSDT,relstr_1440,0,0.0
1a_full,cross,480,DOGEUSDT,rank_1440,0,0.0
1a_full,cross,480,DOGEUSDT,btc_minus_own_1440,0,0.0
1a_full,cross,480,DOGEUSDT,eth_minus_own_1440,0,0.0
1a_full,micro,480,DOTUSDT,rskew_30,0,9.831784275604605e-10
1a_full,micro,480,DOTUSDT,rskew_30_xrank,0,0.0
1a_full,micro,480,DOTUSDT,rkurt_30,0,1.7342703131362214e-06
1a_full,micro,480,DOTUSDT,rkurt_30_xrank,0,0.0
1a_full,micro,480,DOTUSDT,roll_30,0,0.0
1a_full,micro,480,DOTUSDT,roll_30_xrank,0,0.0
1a_full,micro,480,DOTUSDT,amihud_30,0,0.0
1a_full,micro,480,DOTUSDT,amihud_30_xrank,0,0.0
1a_full,micro,480,DOTUSDT,kyle_30,0,6.719168510471718e-08
1a_full,micro,480,DOTUSDT,kyle_30_xrank,0,0.0
1a_full,micro,480,DOTUSDT,vpin_30,0,0.0
1a_full,micro,480,DOTUSDT,vpin_30_xrank,0,0.0
1a_full,micro,480,DOTUSDT,jump_30,0,3.098433865034167e-08
1a_full,micro,480,DOTUSDT,jump_30_xrank,0,0.0
1a_full,micro,480,DOTUSDT,vratio_30,0,0.0
1a_full,micro,480,DOTUSDT,vratio_30_xrank,0,0.0
1a_full,micro,480,DOTUSDT,cvd_slope_30,0,0.0
1a_full,micro,480,DOTUSDT,cvd_slope_30_xrank,0,0.0
1a_full,micro,480,DOTUSDT,signac_30,0,0.0
1a_full,micro,480,DOTUSDT,signac_30_xrank,0,0.0
1a_full,micro,480,DOTUSDT,sflow_30,0,0.0
1a_full,micro,480,DOTUSDT,sflow_30_xrank,0,0.0
1a_full,micro,480,DOTUSDT,rskew_120,0,3.3002094390610637e-09
1a_full,micro,480,DOTUSDT,rskew_120_xrank,0,0.0
1a_full,micro,480,DOTUSDT,rkurt_120,0,8.279086216589349e-08
1a_full,micro,480,DOTUSDT,rkurt_120_xrank,0,0.0
1a_full,micro,480,DOTUSDT,roll_120,0,0.0
1a_full,micro,480,DOTUSDT,roll_120_xrank,0,0.0
1a_full,micro,480,DOTUSDT,amihud_120,0,0.0
1a_full,micro,480,DOTUSDT,amihud_120_xrank,0,0.0
1a_full,micro,480,DOTUSDT,kyle_120,0,9.171212411729357e-08
1a_full,micro,480,DOTUSDT,kyle_120_xrank,0,0.0
1a_full,micro,480,DOTUSDT,vpin_120,0,0.0
1a_full,micro,480,DOTUSDT,vpin_120_xrank,0,0.0
1a_full,micro,480,DOTUSDT,jump_120,0,2.6929273033715617e-08
1a_full,micro,480,DOTUSDT,jump_120_xrank,0,0.0
1a_full,micro,480,DOTUSDT,vratio_120,0,0.0
1a_full,micro,480,DOTUSDT,vratio_120_xrank,0,0.0
1a_full,micro,480,DOTUSDT,cvd_slope_120,0,8.646645177634582e-09
1a_full,micro,480,DOTUSDT,cvd_slope_120_xrank,0,0.0
1a_full,micro,480,DOTUSDT,signac_120,0,0.0
1a_full,micro,480,DOTUSDT,signac_120_xrank,0,0.0
1a_full,micro,480,DOTUSDT,sflow_120,0,0.0
1a_full,micro,480,DOTUSDT,sflow_120_xrank,0,0.0
1a_full,micro,480,DOTUSDT,rskew_480,0,3.015425409369499e-10
1a_full,micro,480,DOTUSDT,rskew_480_xrank,0,0.0
1a_full,micro,480,DOTUSDT,rkurt_480,0,3.2512183167909825e-08
1a_full,micro,480,DOTUSDT,rkurt_480_xrank,0,0.0
1a_full,micro,480,DOTUSDT,roll_480,0,0.0
1a_full,micro,480,DOTUSDT,roll_480_xrank,0,0.0
1a_full,micro,480,DOTUSDT,amihud_480,0,0.0
1a_full,micro,480,DOTUSDT,amihud_480_xrank,0,0.0
1a_full,micro,480,DOTUSDT,kyle_480,0,6.50163300974782e-08
1a_full,micro,480,DOTUSDT,kyle_480_xrank,0,0.0
1a_full,micro,480,DOTUSDT,vpin_480,0,0.0
1a_full,micro,480,DOTUSDT,vpin_480_xrank,0,0.0
1a_full,micro,480,DOTUSDT,jump_480,0,1.987012332449467e-08
1a_full,micro,480,DOTUSDT,jump_480_xrank,0,0.0
1a_full,micro,480,DOTUSDT,vratio_480,0,0.0
1a_full,micro,480,DOTUSDT,vratio_480_xrank,0,0.0
1a_full,micro,480,DOTUSDT,cvd_slope_480,0,0.0
1a_full,micro,480,DOTUSDT,cvd_slope_480_xrank,0,0.0
1a_full,micro,480,DOTUSDT,signac_480,0,0.0
1a_full,micro,480,DOTUSDT,signac_480_xrank,0,0.0
1a_full,micro,480,DOTUSDT,sflow_480,0,0.0
1a_full,micro,480,DOTUSDT,sflow_480_xrank,0,0.0
1a_full,cross,480,DOTUSDT,own_ret_1,0,0.0
1a_full,cross,480,DOTUSDT,btc_ret_1,0,0.0
1a_full,cross,480,DOTUSDT,eth_ret_1,0,0.0
1a_full,cross,480,DOTUSDT,mkt_ret_1,0,0.0
1a_full,cross,480,DOTUSDT,breadth_1,0,0.0
1a_full,cross,480,DOTUSDT,disp_1,0,0.0
1a_full,cross,480,DOTUSDT,relstr_1,0,0.0
1a_full,cross,480,DOTUSDT,rank_1,0,0.0
1a_full,cross,480,DOTUSDT,btc_minus_own_1,0,0.0
1a_full,cross,480,DOTUSDT,eth_minus_own_1,0,0.0
1a_full,cross,480,DOTUSDT,own_ret_5,0,0.0
1a_full,cross,480,DOTUSDT,btc_ret_5,0,0.0
1a_full,cross,480,DOTUSDT,eth_ret_5,0,0.0
1a_full,cross,480,DOTUSDT,mkt_ret_5,0,0.0
1a_full,cross,480,DOTUSDT,breadth_5,0,0.0
1a_full,cross,480,DOTUSDT,disp_5,0,0.0
1a_full,cross,480,DOTUSDT,relstr_5,0,0.0
1a_full,cross,480,DOTUSDT,rank_5,0,0.0
1a_full,cross,480,DOTUSDT,btc_minus_own_5,0,0.0
1a_full,cross,480,DOTUSDT,eth_minus_own_5,0,0.0
1a_full,cross,480,DOTUSDT,own_ret_15,0,0.0
1a_full,cross,480,DOTUSDT,btc_ret_15,0,0.0
1a_full,cross,480,DOTUSDT,eth_ret_15,0,0.0
1a_full,cross,480,DOTUSDT,mkt_ret_15,0,0.0
1a_full,cross,480,DOTUSDT,breadth_15,0,0.0
1a_full,cross,480,DOTUSDT,disp_15,0,0.0
1a_full,cross,480,DOTUSDT,relstr_15,0,0.0
1a_full,cross,480,DOTUSDT,rank_15,0,0.0
1a_full,cross,480,DOTUSDT,btc_minus_own_15,0,0.0
1a_full,cross,480,DOTUSDT,eth_minus_own_15,0,0.0
1a_full,cross,480,DOTUSDT,own_ret_30,0,0.0
1a_full,cross,480,DOTUSDT,btc_ret_30,0,0.0
1a_full,cross,480,DOTUSDT,eth_ret_30,0,0.0
1a_full,cross,480,DOTUSDT,mkt_ret_30,0,0.0
1a_full,cross,480,DOTUSDT,breadth_30,0,0.0
1a_full,cross,480,DOTUSDT,disp_30,0,0.0
1a_full,cross,480,DOTUSDT,relstr_30,0,0.0
1a_full,cross,480,DOTUSDT,rank_30,0,0.0
1a_full,cross,480,DOTUSDT,btc_minus_own_30,0,0.0
1a_full,cross,480,DOTUSDT,eth_minus_own_30,0,0.0
1a_full,cross,480,DOTUSDT,own_ret_60,0,0.0
1a_full,cross,480,DOTUSDT,btc_ret_60,0,0.0
1a_full,cross,480,DOTUSDT,eth_ret_60,0,0.0
1a_full,cross,480,DOTUSDT,mkt_ret_60,0,0.0
1a_full,cross,480,DOTUSDT,breadth_60,0,0.0
1a_full,cross,480,DOTUSDT,disp_60,0,0.0
1a_full,cross,480,DOTUSDT,relstr_60,0,0.0
1a_full,cross,480,DOTUSDT,rank_60,0,0.0
1a_full,cross,480,DOTUSDT,btc_minus_own_60,0,0.0
1a_full,cross,480,DOTUSDT,eth_minus_own_60,0,0.0
1a_full,cross,480,DOTUSDT,own_ret_180,0,0.0
1a_full,cross,480,DOTUSDT,btc_ret_180,0,0.0
1a_full,cross,480,DOTUSDT,eth_ret_180,0,0.0
1a_full,cross,480,DOTUSDT,mkt_ret_180,0,0.0
1a_full,cross,480,DOTUSDT,breadth_180,0,0.0
1a_full,cross,480,DOTUSDT,disp_180,0,0.0
1a_full,cross,480,DOTUSDT,relstr_180,0,0.0
1a_full,cross,480,DOTUSDT,rank_180,0,0.0
1a_full,cross,480,DOTUSDT,btc_minus_own_180,0,0.0
1a_full,cross,480,DOTUSDT,eth_minus_own_180,0,0.0
1a_full,cross,480,DOTUSDT,own_ret_360,0,0.0
1a_full,cross,480,DOTUSDT,btc_ret_360,0,0.0
1a_full,cross,480,DOTUSDT,eth_ret_360,0,0.0
1a_full,cross,480,DOTUSDT,mkt_ret_360,0,0.0
1a_full,cross,480,DOTUSDT,breadth_360,0,0.0
1a_full,cross,480,DOTUSDT,disp_360,0,0.0
1a_full,cross,480,DOTUSDT,relstr_360,0,0.0
1a_full,cross,480,DOTUSDT,rank_360,0,0.0
1a_full,cross,480,DOTUSDT,btc_minus_own_360,0,0.0
1a_full,cross,480,DOTUSDT,eth_minus_own_360,0,0.0
1a_full,cross,480,DOTUSDT,own_ret_720,0,0.0
1a_full,cross,480,DOTUSDT,btc_ret_720,0,0.0
1a_full,cross,480,DOTUSDT,eth_ret_720,0,0.0
1a_full,cross,480,DOTUSDT,mkt_ret_720,0,0.0
1a_full,cross,480,DOTUSDT,breadth_720,0,0.0
1a_full,cross,480,DOTUSDT,disp_720,0,0.0
1a_full,cross,480,DOTUSDT,relstr_720,0,0.0
1a_full,cross,480,DOTUSDT,rank_720,0,0.0
1a_full,cross,480,DOTUSDT,btc_minus_own_720,0,0.0
1a_full,cross,480,DOTUSDT,eth_minus_own_720,0,0.0
1a_full,cross,480,DOTUSDT,own_ret_1440,0,0.0
1a_full,cross,480,DOTUSDT,btc_ret_1440,0,0.0
1a_full,cross,480,DOTUSDT,eth_ret_1440,0,0.0
1a_full,cross,480,DOTUSDT,mkt_ret_1440,0,0.0
1a_full,cross,480,DOTUSDT,breadth_1440,0,0.0
1a_full,cross,480,DOTUSDT,disp_1440,0,0.0
1a_full,cross,480,DOTUSDT,relstr_1440,0,0.0
1a_full,cross,480,DOTUSDT,rank_1440,0,0.0
1a_full,cross,480,DOTUSDT,btc_minus_own_1440,0,0.0
1a_full,cross,480,DOTUSDT,eth_minus_own_1440,0,0.0
1a_full,micro,480,ETHUSDT,rskew_30,0,4.156643385044845e-08
1a_full,micro,480,ETHUSDT,rskew_30_xrank,0,0.0
1a_full,micro,480,ETHUSDT,rkurt_30,0,2.126478420905187e-06
1a_full,micro,480,ETHUSDT,rkurt_30_xrank,0,0.0
1a_full,micro,480,ETHUSDT,roll_30,0,0.0
1a_full,micro,480,ETHUSDT,roll_30_xrank,0,0.0
1a_full,micro,480,ETHUSDT,amihud_30,0,0.0
1a_full,micro,480,ETHUSDT,amihud_30_xrank,0,0.0
1a_full,micro,480,ETHUSDT,kyle_30,0,0.0
1a_full,micro,480,ETHUSDT,kyle_30_xrank,0,0.0
1a_full,micro,480,ETHUSDT,vpin_30,0,0.0
1a_full,micro,480,ETHUSDT,vpin_30_xrank,0,0.0
1a_full,micro,480,ETHUSDT,jump_30,0,0.0
1a_full,micro,480,ETHUSDT,jump_30_xrank,0,0.0
1a_full,micro,480,ETHUSDT,vratio_30,0,0.0
1a_full,micro,480,ETHUSDT,vratio_30_xrank,0,0.0
1a_full,micro,480,ETHUSDT,cvd_slope_30,0,0.0
1a_full,micro,480,ETHUSDT,cvd_slope_30_xrank,0,0.0
1a_full,micro,480,ETHUSDT,signac_30,0,0.0
1a_full,micro,480,ETHUSDT,signac_30_xrank,0,0.0
1a_full,micro,480,ETHUSDT,sflow_30,0,0.0
1a_full,micro,480,ETHUSDT,sflow_30_xrank,0,0.0
1a_full,micro,480,ETHUSDT,rskew_120,0,1.6082298825992325e-09
1a_full,micro,480,ETHUSDT,rskew_120_xrank,0,0.0
1a_full,micro,480,ETHUSDT,rkurt_120,0,1.8263072831814497e-07
1a_full,micro,480,ETHUSDT,rkurt_120_xrank,0,0.0
1a_full,micro,480,ETHUSDT,roll_120,0,0.0
1a_full,micro,480,ETHUSDT,roll_120_xrank,0,0.0
1a_full,micro,480,ETHUSDT,amihud_120,0,0.0
1a_full,micro,480,ETHUSDT,amihud_120_xrank,0,0.0
1a_full,micro,480,ETHUSDT,kyle_120,0,0.0
1a_full,micro,480,ETHUSDT,kyle_120_xrank,0,0.0
1a_full,micro,480,ETHUSDT,vpin_120,0,0.0
1a_full,micro,480,ETHUSDT,vpin_120_xrank,0,0.0
1a_full,micro,480,ETHUSDT,jump_120,0,1.548838746145975e-08
1a_full,micro,480,ETHUSDT,jump_120_xrank,0,0.0
1a_full,micro,480,ETHUSDT,vratio_120,0,0.0
1a_full,micro,480,ETHUSDT,vratio_120_xrank,0,0.0
1a_full,micro,480,ETHUSDT,cvd_slope_120,0,0.0
1a_full,micro,480,ETHUSDT,cvd_slope_120_xrank,0,0.0
1a_full,micro,480,ETHUSDT,signac_120,0,0.0
1a_full,micro,480,ETHUSDT,signac_120_xrank,0,0.0
1a_full,micro,480,ETHUSDT,sflow_120,0,0.0
1a_full,micro,480,ETHUSDT,sflow_120_xrank,0,0.0
1a_full,micro,480,ETHUSDT,rskew_480,0,4.12061718080281e-09
1a_full,micro,480,ETHUSDT,rskew_480_xrank,0,0.0
1a_full,micro,480,ETHUSDT,rkurt_480,0,5.25919965355115e-08
1a_full,micro,480,ETHUSDT,rkurt_480_xrank,0,0.0
1a_full,micro,480,ETHUSDT,roll_480,0,0.0
1a_full,micro,480,ETHUSDT,roll_480_xrank,0,0.0
1a_full,micro,480,ETHUSDT,amihud_480,0,0.0
1a_full,micro,480,ETHUSDT,amihud_480_xrank,0,0.0
1a_full,micro,480,ETHUSDT,kyle_480,0,0.0
1a_full,micro,480,ETHUSDT,kyle_480_xrank,0,0.0
1a_full,micro,480,ETHUSDT,vpin_480,0,0.0
1a_full,micro,480,ETHUSDT,vpin_480_xrank,0,0.0
1a_full,micro,480,ETHUSDT,jump_480,0,5.27506593961391e-10
1a_full,micro,480,ETHUSDT,jump_480_xrank,0,0.0
1a_full,micro,480,ETHUSDT,vratio_480,0,0.0
1a_full,micro,480,ETHUSDT,vratio_480_xrank,0,0.0
1a_full,micro,480,ETHUSDT,cvd_slope_480,0,0.0
1a_full,micro,480,ETHUSDT,cvd_slope_480_xrank,0,0.0
1a_full,micro,480,ETHUSDT,signac_480,0,0.0
1a_full,micro,480,ETHUSDT,signac_480_xrank,0,0.0
1a_full,micro,480,ETHUSDT,sflow_480,0,0.0
1a_full,micro,480,ETHUSDT,sflow_480_xrank,0,0.0
1a_full,cross,480,ETHUSDT,own_ret_1,0,0.0
1a_full,cross,480,ETHUSDT,btc_ret_1,0,0.0
1a_full,cross,480,ETHUSDT,eth_ret_1,0,0.0
1a_full,cross,480,ETHUSDT,mkt_ret_1,0,0.0
1a_full,cross,480,ETHUSDT,breadth_1,0,0.0
1a_full,cross,480,ETHUSDT,disp_1,0,0.0
1a_full,cross,480,ETHUSDT,relstr_1,0,0.0
1a_full,cross,480,ETHUSDT,rank_1,0,0.0
1a_full,cross,480,ETHUSDT,btc_minus_own_1,0,0.0
1a_full,cross,480,ETHUSDT,eth_minus_own_1,0,0.0
1a_full,cross,480,ETHUSDT,own_ret_5,0,0.0
1a_full,cross,480,ETHUSDT,btc_ret_5,0,0.0
1a_full,cross,480,ETHUSDT,eth_ret_5,0,0.0
1a_full,cross,480,ETHUSDT,mkt_ret_5,0,0.0
1a_full,cross,480,ETHUSDT,breadth_5,0,0.0
1a_full,cross,480,ETHUSDT,disp_5,0,0.0
1a_full,cross,480,ETHUSDT,relstr_5,0,0.0
1a_full,cross,480,ETHUSDT,rank_5,0,0.0
1a_full,cross,480,ETHUSDT,btc_minus_own_5,0,0.0
1a_full,cross,480,ETHUSDT,eth_minus_own_5,0,0.0
1a_full,cross,480,ETHUSDT,own_ret_15,0,0.0
1a_full,cross,480,ETHUSDT,btc_ret_15,0,0.0
1a_full,cross,480,ETHUSDT,eth_ret_15,0,0.0
1a_full,cross,480,ETHUSDT,mkt_ret_15,0,0.0
1a_full,cross,480,ETHUSDT,breadth_15,0,0.0
1a_full,cross,480,ETHUSDT,disp_15,0,0.0
1a_full,cross,480,ETHUSDT,relstr_15,0,0.0
1a_full,cross,480,ETHUSDT,rank_15,0,0.0
1a_full,cross,480,ETHUSDT,btc_minus_own_15,0,0.0
1a_full,cross,480,ETHUSDT,eth_minus_own_15,0,0.0
1a_full,cross,480,ETHUSDT,own_ret_30,0,0.0
1a_full,cross,480,ETHUSDT,btc_ret_30,0,0.0
1a_full,cross,480,ETHUSDT,eth_ret_30,0,0.0
1a_full,cross,480,ETHUSDT,mkt_ret_30,0,0.0
1a_full,cross,480,ETHUSDT,breadth_30,0,0.0
1a_full,cross,480,ETHUSDT,disp_30,0,0.0
1a_full,cross,480,ETHUSDT,relstr_30,0,0.0
1a_full,cross,480,ETHUSDT,rank_30,0,0.0
1a_full,cross,480,ETHUSDT,btc_minus_own_30,0,0.0
1a_full,cross,480,ETHUSDT,eth_minus_own_30,0,0.0
1a_full,cross,480,ETHUSDT,own_ret_60,0,0.0
1a_full,cross,480,ETHUSDT,btc_ret_60,0,0.0
1a_full,cross,480,ETHUSDT,eth_ret_60,0,0.0
1a_full,cross,480,ETHUSDT,mkt_ret_60,0,0.0
1a_full,cross,480,ETHUSDT,breadth_60,0,0.0
1a_full,cross,480,ETHUSDT,disp_60,0,0.0
1a_full,cross,480,ETHUSDT,relstr_60,0,0.0
1a_full,cross,480,ETHUSDT,rank_60,0,0.0
1a_full,cross,480,ETHUSDT,btc_minus_own_60,0,0.0
1a_full,cross,480,ETHUSDT,eth_minus_own_60,0,0.0
1a_full,cross,480,ETHUSDT,own_ret_180,0,0.0
1a_full,cross,480,ETHUSDT,btc_ret_180,0,0.0
1a_full,cross,480,ETHUSDT,eth_ret_180,0,0.0
1a_full,cross,480,ETHUSDT,mkt_ret_180,0,0.0
1a_full,cross,480,ETHUSDT,breadth_180,0,0.0
1a_full,cross,480,ETHUSDT,disp_180,0,0.0
1a_full,cross,480,ETHUSDT,relstr_180,0,0.0
1a_full,cross,480,ETHUSDT,rank_180,0,0.0
1a_full,cross,480,ETHUSDT,btc_minus_own_180,0,0.0
1a_full,cross,480,ETHUSDT,eth_minus_own_180,0,0.0
1a_full,cross,480,ETHUSDT,own_ret_360,0,0.0
1a_full,cross,480,ETHUSDT,btc_ret_360,0,0.0
1a_full,cross,480,ETHUSDT,eth_ret_360,0,0.0
1a_full,cross,480,ETHUSDT,mkt_ret_360,0,0.0
1a_full,cross,480,ETHUSDT,breadth_360,0,0.0
1a_full,cross,480,ETHUSDT,disp_360,0,0.0
1a_full,cross,480,ETHUSDT,relstr_360,0,0.0
1a_full,cross,480,ETHUSDT,rank_360,0,0.0
1a_full,cross,480,ETHUSDT,btc_minus_own_360,0,0.0
1a_full,cross,480,ETHUSDT,eth_minus_own_360,0,0.0
1a_full,cross,480,ETHUSDT,own_ret_720,0,0.0
1a_full,cross,480,ETHUSDT,btc_ret_720,0,0.0
1a_full,cross,480,ETHUSDT,eth_ret_720,0,0.0
1a_full,cross,480,ETHUSDT,mkt_ret_720,0,0.0
1a_full,cross,480,ETHUSDT,breadth_720,0,0.0
1a_full,cross,480,ETHUSDT,disp_720,0,0.0
1a_full,cross,480,ETHUSDT,relstr_720,0,0.0
1a_full,cross,480,ETHUSDT,rank_720,0,0.0
1a_full,cross,480,ETHUSDT,btc_minus_own_720,0,0.0
1a_full,cross,480,ETHUSDT,eth_minus_own_720,0,0.0
1a_full,cross,480,ETHUSDT,own_ret_1440,0,0.0
1a_full,cross,480,ETHUSDT,btc_ret_1440,0,0.0
1a_full,cross,480,ETHUSDT,eth_ret_1440,0,0.0
1a_full,cross,480,ETHUSDT,mkt_ret_1440,0,0.0
1a_full,cross,480,ETHUSDT,breadth_1440,0,0.0
1a_full,cross,480,ETHUSDT,disp_1440,0,0.0
1a_full,cross,480,ETHUSDT,relstr_1440,0,0.0
1a_full,cross,480,ETHUSDT,rank_1440,0,0.0
1a_full,cross,480,ETHUSDT,btc_minus_own_1440,0,0.0
1a_full,cross,480,ETHUSDT,eth_minus_own_1440,0,0.0
1a_full,micro,480,LINKUSDT,rskew_30,0,0.0
1a_full,micro,480,LINKUSDT,rskew_30_xrank,0,0.0
1a_full,micro,480,LINKUSDT,rkurt_30,0,6.187548819980293e-07
1a_full,micro,480,LINKUSDT,rkurt_30_xrank,0,0.0
1a_full,micro,480,LINKUSDT,roll_30,0,0.0
1a_full,micro,480,LINKUSDT,roll_30_xrank,0,0.0
1a_full,micro,480,LINKUSDT,amihud_30,0,0.0
1a_full,micro,480,LINKUSDT,amihud_30_xrank,0,0.0
1a_full,micro,480,LINKUSDT,kyle_30,0,4.2054910665001444e-08
1a_full,micro,480,LINKUSDT,kyle_30_xrank,0,0.0
1a_full,micro,480,LINKUSDT,vpin_30,0,0.0
1a_full,micro,480,LINKUSDT,vpin_30_xrank,0,0.0
1a_full,micro,480,LINKUSDT,jump_30,0,0.0
1a_full,micro,480,LINKUSDT,jump_30_xrank,0,0.0
1a_full,micro,480,LINKUSDT,vratio_30,0,0.0
1a_full,micro,480,LINKUSDT,vratio_30_xrank,0,0.0
1a_full,micro,480,LINKUSDT,cvd_slope_30,0,0.0
1a_full,micro,480,LINKUSDT,cvd_slope_30_xrank,0,0.0
1a_full,micro,480,LINKUSDT,signac_30,0,0.0
1a_full,micro,480,LINKUSDT,signac_30_xrank,0,0.0
1a_full,micro,480,LINKUSDT,sflow_30,0,0.0
1a_full,micro,480,LINKUSDT,sflow_30_xrank,0,0.0
1a_full,micro,480,LINKUSDT,rskew_120,0,1.2056773981972135e-11
1a_full,micro,480,LINKUSDT,rskew_120_xrank,0,0.0
1a_full,micro,480,LINKUSDT,rkurt_120,0,2.3148770011971465e-08
1a_full,micro,480,LINKUSDT,rkurt_120_xrank,0,0.0
1a_full,micro,480,LINKUSDT,roll_120,0,0.0
1a_full,micro,480,LINKUSDT,roll_120_xrank,0,0.0
1a_full,micro,480,LINKUSDT,amihud_120,0,0.0
1a_full,micro,480,LINKUSDT,amihud_120_xrank,0,0.0
1a_full,micro,480,LINKUSDT,kyle_120,0,0.0
1a_full,micro,480,LINKUSDT,kyle_120_xrank,0,0.0
1a_full,micro,480,LINKUSDT,vpin_120,0,0.0
1a_full,micro,480,LINKUSDT,vpin_120_xrank,0,0.0
1a_full,micro,480,LINKUSDT,jump_120,0,3.560316130801766e-08
1a_full,micro,480,LINKUSDT,jump_120_xrank,0,0.0
1a_full,micro,480,LINKUSDT,vratio_120,0,0.0
1a_full,micro,480,LINKUSDT,vratio_120_xrank,0,0.0
1a_full,micro,480,LINKUSDT,cvd_slope_120,0,8.909871240803113e-08
1a_full,micro,480,LINKUSDT,cvd_slope_120_xrank,0,0.0
1a_full,micro,480,LINKUSDT,signac_120,0,0.0
1a_full,micro,480,LINKUSDT,signac_120_xrank,0,0.0
1a_full,micro,480,LINKUSDT,sflow_120,0,1.3839164481055377e-08
1a_full,micro,480,LINKUSDT,sflow_120_xrank,0,0.0
1a_full,micro,480,LINKUSDT,rskew_480,0,0.0
1a_full,micro,480,LINKUSDT,rskew_480_xrank,0,0.0
1a_full,micro,480,LINKUSDT,rkurt_480,0,2.8048200206853835e-08
1a_full,micro,480,LINKUSDT,rkurt_480_xrank,0,0.0
1a_full,micro,480,LINKUSDT,roll_480,0,0.0
1a_full,micro,480,LINKUSDT,roll_480_xrank,0,0.0
1a_full,micro,480,LINKUSDT,amihud_480,0,0.0
1a_full,micro,480,LINKUSDT,amihud_480_xrank,0,0.0
1a_full,micro,480,LINKUSDT,kyle_480,0,0.0
1a_full,micro,480,LINKUSDT,kyle_480_xrank,0,0.0
1a_full,micro,480,LINKUSDT,vpin_480,0,0.0
1a_full,micro,480,LINKUSDT,vpin_480_xrank,0,0.0
1a_full,micro,480,LINKUSDT,jump_480,0,2.1220520451947777e-08
1a_full,micro,480,LINKUSDT,jump_480_xrank,0,0.0
1a_full,micro,480,LINKUSDT,vratio_480,0,0.0
1a_full,micro,480,LINKUSDT,vratio_480_xrank,0,0.0
1a_full,micro,480,LINKUSDT,cvd_slope_480,0,9.613481921633138e-08
1a_full,micro,480,LINKUSDT,cvd_slope_480_xrank,0,0.0
1a_full,micro,480,LINKUSDT,signac_480,0,0.0
1a_full,micro,480,LINKUSDT,signac_480_xrank,0,0.0
1a_full,micro,480,LINKUSDT,sflow_480,0,0.0
1a_full,micro,480,LINKUSDT,sflow_480_xrank,0,0.0
1a_full,cross,480,LINKUSDT,own_ret_1,0,0.0
1a_full,cross,480,LINKUSDT,btc_ret_1,0,0.0
1a_full,cross,480,LINKUSDT,eth_ret_1,0,0.0
1a_full,cross,480,LINKUSDT,mkt_ret_1,0,0.0
1a_full,cross,480,LINKUSDT,breadth_1,0,0.0
1a_full,cross,480,LINKUSDT,disp_1,0,0.0
1a_full,cross,480,LINKUSDT,relstr_1,0,0.0
1a_full,cross,480,LINKUSDT,rank_1,0,0.0
1a_full,cross,480,LINKUSDT,btc_minus_own_1,0,0.0
1a_full,cross,480,LINKUSDT,eth_minus_own_1,0,0.0
1a_full,cross,480,LINKUSDT,own_ret_5,0,0.0
1a_full,cross,480,LINKUSDT,btc_ret_5,0,0.0
1a_full,cross,480,LINKUSDT,eth_ret_5,0,0.0
1a_full,cross,480,LINKUSDT,mkt_ret_5,0,0.0
1a_full,cross,480,LINKUSDT,breadth_5,0,0.0
1a_full,cross,480,LINKUSDT,disp_5,0,0.0
1a_full,cross,480,LINKUSDT,relstr_5,0,0.0
1a_full,cross,480,LINKUSDT,rank_5,0,0.0
1a_full,cross,480,LINKUSDT,btc_minus_own_5,0,0.0
1a_full,cross,480,LINKUSDT,eth_minus_own_5,0,0.0
1a_full,cross,480,LINKUSDT,own_ret_15,0,0.0
1a_full,cross,480,LINKUSDT,btc_ret_15,0,0.0
1a_full,cross,480,LINKUSDT,eth_ret_15,0,0.0
1a_full,cross,480,LINKUSDT,mkt_ret_15,0,0.0
1a_full,cross,480,LINKUSDT,breadth_15,0,0.0
1a_full,cross,480,LINKUSDT,disp_15,0,0.0
1a_full,cross,480,LINKUSDT,relstr_15,0,0.0
1a_full,cross,480,LINKUSDT,rank_15,0,0.0
1a_full,cross,480,LINKUSDT,btc_minus_own_15,0,0.0
1a_full,cross,480,LINKUSDT,eth_minus_own_15,0,0.0
1a_full,cross,480,LINKUSDT,own_ret_30,0,0.0
1a_full,cross,480,LINKUSDT,btc_ret_30,0,0.0
1a_full,cross,480,LINKUSDT,eth_ret_30,0,0.0
1a_full,cross,480,LINKUSDT,mkt_ret_30,0,0.0
1a_full,cross,480,LINKUSDT,breadth_30,0,0.0
1a_full,cross,480,LINKUSDT,disp_30,0,0.0
1a_full,cross,480,LINKUSDT,relstr_30,0,0.0
1a_full,cross,480,LINKUSDT,rank_30,0,0.0
1a_full,cross,480,LINKUSDT,btc_minus_own_30,0,0.0
1a_full,cross,480,LINKUSDT,eth_minus_own_30,0,0.0
1a_full,cross,480,LINKUSDT,own_ret_60,0,0.0
1a_full,cross,480,LINKUSDT,btc_ret_60,0,0.0
1a_full,cross,480,LINKUSDT,eth_ret_60,0,0.0
1a_full,cross,480,LINKUSDT,mkt_ret_60,0,0.0
1a_full,cross,480,LINKUSDT,breadth_60,0,0.0
1a_full,cross,480,LINKUSDT,disp_60,0,0.0
1a_full,cross,480,LINKUSDT,relstr_60,0,0.0
1a_full,cross,480,LINKUSDT,rank_60,0,0.0
1a_full,cross,480,LINKUSDT,btc_minus_own_60,0,0.0
1a_full,cross,480,LINKUSDT,eth_minus_own_60,0,0.0
1a_full,cross,480,LINKUSDT,own_ret_180,0,0.0
1a_full,cross,480,LINKUSDT,btc_ret_180,0,0.0
1a_full,cross,480,LINKUSDT,eth_ret_180,0,0.0
1a_full,cross,480,LINKUSDT,mkt_ret_180,0,0.0
1a_full,cross,480,LINKUSDT,breadth_180,0,0.0
1a_full,cross,480,LINKUSDT,disp_180,0,0.0
1a_full,cross,480,LINKUSDT,relstr_180,0,0.0
1a_full,cross,480,LINKUSDT,rank_180,0,0.0
1a_full,cross,480,LINKUSDT,btc_minus_own_180,0,0.0
1a_full,cross,480,LINKUSDT,eth_minus_own_180,0,0.0
1a_full,cross,480,LINKUSDT,own_ret_360,0,0.0
1a_full,cross,480,LINKUSDT,btc_ret_360,0,0.0
1a_full,cross,480,LINKUSDT,eth_ret_360,0,0.0
1a_full,cross,480,LINKUSDT,mkt_ret_360,0,0.0
1a_full,cross,480,LINKUSDT,breadth_360,0,0.0
1a_full,cross,480,LINKUSDT,disp_360,0,0.0
1a_full,cross,480,LINKUSDT,relstr_360,0,0.0
1a_full,cross,480,LINKUSDT,rank_360,0,0.0
1a_full,cross,480,LINKUSDT,btc_minus_own_360,0,0.0
1a_full,cross,480,LINKUSDT,eth_minus_own_360,0,0.0
1a_full,cross,480,LINKUSDT,own_ret_720,0,0.0
1a_full,cross,480,LINKUSDT,btc_ret_720,0,0.0
1a_full,cross,480,LINKUSDT,eth_ret_720,0,0.0
1a_full,cross,480,LINKUSDT,mkt_ret_720,0,0.0
1a_full,cross,480,LINKUSDT,breadth_720,0,0.0
1a_full,cross,480,LINKUSDT,disp_720,0,0.0
1a_full,cross,480,LINKUSDT,relstr_720,0,0.0
1a_full,cross,480,LINKUSDT,rank_720,0,0.0
1a_full,cross,480,LINKUSDT,btc_minus_own_720,0,0.0
1a_full,cross,480,LINKUSDT,eth_minus_own_720,0,0.0
1a_full,cross,480,LINKUSDT,own_ret_1440,0,0.0
1a_full,cross,480,LINKUSDT,btc_ret_1440,0,0.0
1a_full,cross,480,LINKUSDT,eth_ret_1440,0,0.0
1a_full,cross,480,LINKUSDT,mkt_ret_1440,0,0.0
1a_full,cross,480,LINKUSDT,breadth_1440,0,0.0
1a_full,cross,480,LINKUSDT,disp_1440,0,0.0
1a_full,cross,480,LINKUSDT,relstr_1440,0,0.0
1a_full,cross,480,LINKUSDT,rank_1440,0,0.0
1a_full,cross,480,LINKUSDT,btc_minus_own_1440,0,0.0
1a_full,cross,480,LINKUSDT,eth_minus_own_1440,0,0.0
1a_full,micro,480,SOLUSDT,rskew_30,0,4.415285081993403e-10
1a_full,micro,480,SOLUSDT,rskew_30_xrank,0,0.0
1a_full,micro,480,SOLUSDT,rkurt_30,0,1.3921513186687662e-07
1a_full,micro,480,SOLUSDT,rkurt_30_xrank,0,0.0
1a_full,micro,480,SOLUSDT,roll_30,0,0.0
1a_full,micro,480,SOLUSDT,roll_30_xrank,0,0.0
1a_full,micro,480,SOLUSDT,amihud_30,0,0.0
1a_full,micro,480,SOLUSDT,amihud_30_xrank,0,0.0
1a_full,micro,480,SOLUSDT,kyle_30,0,0.0
1a_full,micro,480,SOLUSDT,kyle_30_xrank,0,0.0
1a_full,micro,480,SOLUSDT,vpin_30,0,0.0
1a_full,micro,480,SOLUSDT,vpin_30_xrank,0,0.0
1a_full,micro,480,SOLUSDT,jump_30,0,3.1183747251084526e-10
1a_full,micro,480,SOLUSDT,jump_30_xrank,0,0.0
1a_full,micro,480,SOLUSDT,vratio_30,0,3.100131351629898e-08
1a_full,micro,480,SOLUSDT,vratio_30_xrank,0,0.0
1a_full,micro,480,SOLUSDT,cvd_slope_30,0,0.0
1a_full,micro,480,SOLUSDT,cvd_slope_30_xrank,0,0.0
1a_full,micro,480,SOLUSDT,signac_30,0,0.0
1a_full,micro,480,SOLUSDT,signac_30_xrank,0,0.0
1a_full,micro,480,SOLUSDT,sflow_30,0,0.0
1a_full,micro,480,SOLUSDT,sflow_30_xrank,0,0.0
1a_full,micro,480,SOLUSDT,rskew_120,0,0.0
1a_full,micro,480,SOLUSDT,rskew_120_xrank,0,0.0
1a_full,micro,480,SOLUSDT,rkurt_120,0,1.3361952433399438e-08
1a_full,micro,480,SOLUSDT,rkurt_120_xrank,0,0.0
1a_full,micro,480,SOLUSDT,roll_120,0,0.0
1a_full,micro,480,SOLUSDT,roll_120_xrank,0,0.0
1a_full,micro,480,SOLUSDT,amihud_120,0,0.0
1a_full,micro,480,SOLUSDT,amihud_120_xrank,0,0.0
1a_full,micro,480,SOLUSDT,kyle_120,0,0.0
1a_full,micro,480,SOLUSDT,kyle_120_xrank,0,0.0
1a_full,micro,480,SOLUSDT,vpin_120,0,0.0
1a_full,micro,480,SOLUSDT,vpin_120_xrank,0,0.0
1a_full,micro,480,SOLUSDT,jump_120,0,0.0
1a_full,micro,480,SOLUSDT,jump_120_xrank,0,0.0
1a_full,micro,480,SOLUSDT,vratio_120,0,0.0
1a_full,micro,480,SOLUSDT,vratio_120_xrank,0,0.0
1a_full,micro,480,SOLUSDT,cvd_slope_120,0,0.0
1a_full,micro,480,SOLUSDT,cvd_slope_120_xrank,0,0.0
1a_full,micro,480,SOLUSDT,signac_120,0,0.0
1a_full,micro,480,SOLUSDT,signac_120_xrank,0,0.0
1a_full,micro,480,SOLUSDT,sflow_120,0,0.0
1a_full,micro,480,SOLUSDT,sflow_120_xrank,0,0.0
1a_full,micro,480,SOLUSDT,rskew_480,0,0.0
1a_full,micro,480,SOLUSDT,rskew_480_xrank,0,0.0
1a_full,micro,480,SOLUSDT,rkurt_480,0,3.0058632916052375e-08
1a_full,micro,480,SOLUSDT,rkurt_480_xrank,0,0.0
1a_full,micro,480,SOLUSDT,roll_480,0,0.0
1a_full,micro,480,SOLUSDT,roll_480_xrank,0,0.0
1a_full,micro,480,SOLUSDT,amihud_480,0,0.0
1a_full,micro,480,SOLUSDT,amihud_480_xrank,0,0.0
1a_full,micro,480,SOLUSDT,kyle_480,0,0.0
1a_full,micro,480,SOLUSDT,kyle_480_xrank,0,0.0
1a_full,micro,480,SOLUSDT,vpin_480,0,0.0
1a_full,micro,480,SOLUSDT,vpin_480_xrank,0,0.0
1a_full,micro,480,SOLUSDT,jump_480,0,1.5993512292311607e-08
1a_full,micro,480,SOLUSDT,jump_480_xrank,0,0.0
1a_full,micro,480,SOLUSDT,vratio_480,0,0.0
1a_full,micro,480,SOLUSDT,vratio_480_xrank,0,0.0
1a_full,micro,480,SOLUSDT,cvd_slope_480,0,0.0
1a_full,micro,480,SOLUSDT,cvd_slope_480_xrank,0,0.0
1a_full,micro,480,SOLUSDT,signac_480,0,0.0
1a_full,micro,480,SOLUSDT,signac_480_xrank,0,0.0
1a_full,micro,480,SOLUSDT,sflow_480,0,0.0
1a_full,micro,480,SOLUSDT,sflow_480_xrank,0,0.0
1a_full,cross,480,SOLUSDT,own_ret_1,0,0.0
1a_full,cross,480,SOLUSDT,btc_ret_1,0,0.0
1a_full,cross,480,SOLUSDT,eth_ret_1,0,0.0
1a_full,cross,480,SOLUSDT,mkt_ret_1,0,0.0
1a_full,cross,480,SOLUSDT,breadth_1,0,0.0
1a_full,cross,480,SOLUSDT,disp_1,0,0.0
1a_full,cross,480,SOLUSDT,relstr_1,0,0.0
1a_full,cross,480,SOLUSDT,rank_1,0,0.0
1a_full,cross,480,SOLUSDT,btc_minus_own_1,0,0.0
1a_full,cross,480,SOLUSDT,eth_minus_own_1,0,0.0
1a_full,cross,480,SOLUSDT,own_ret_5,0,0.0
1a_full,cross,480,SOLUSDT,btc_ret_5,0,0.0
1a_full,cross,480,SOLUSDT,eth_ret_5,0,0.0
1a_full,cross,480,SOLUSDT,mkt_ret_5,0,0.0
1a_full,cross,480,SOLUSDT,breadth_5,0,0.0
1a_full,cross,480,SOLUSDT,disp_5,0,0.0
1a_full,cross,480,SOLUSDT,relstr_5,0,0.0
1a_full,cross,480,SOLUSDT,rank_5,0,0.0
1a_full,cross,480,SOLUSDT,btc_minus_own_5,0,0.0
1a_full,cross,480,SOLUSDT,eth_minus_own_5,0,0.0
1a_full,cross,480,SOLUSDT,own_ret_15,0,0.0
1a_full,cross,480,SOLUSDT,btc_ret_15,0,0.0
1a_full,cross,480,SOLUSDT,eth_ret_15,0,0.0
1a_full,cross,480,SOLUSDT,mkt_ret_15,0,0.0
1a_full,cross,480,SOLUSDT,breadth_15,0,0.0
1a_full,cross,480,SOLUSDT,disp_15,0,0.0
1a_full,cross,480,SOLUSDT,relstr_15,0,0.0
1a_full,cross,480,SOLUSDT,rank_15,0,0.0
1a_full,cross,480,SOLUSDT,btc_minus_own_15,0,0.0
1a_full,cross,480,SOLUSDT,eth_minus_own_15,0,0.0
1a_full,cross,480,SOLUSDT,own_ret_30,0,0.0
1a_full,cross,480,SOLUSDT,btc_ret_30,0,0.0
1a_full,cross,480,SOLUSDT,eth_ret_30,0,0.0
1a_full,cross,480,SOLUSDT,mkt_ret_30,0,0.0
1a_full,cross,480,SOLUSDT,breadth_30,0,0.0
1a_full,cross,480,SOLUSDT,disp_30,0,0.0
1a_full,cross,480,SOLUSDT,relstr_30,0,0.0
1a_full,cross,480,SOLUSDT,rank_30,0,0.0
1a_full,cross,480,SOLUSDT,btc_minus_own_30,0,0.0
1a_full,cross,480,SOLUSDT,eth_minus_own_30,0,0.0
1a_full,cross,480,SOLUSDT,own_ret_60,0,0.0
1a_full,cross,480,SOLUSDT,btc_ret_60,0,0.0
1a_full,cross,480,SOLUSDT,eth_ret_60,0,0.0
1a_full,cross,480,SOLUSDT,mkt_ret_60,0,0.0
1a_full,cross,480,SOLUSDT,breadth_60,0,0.0
1a_full,cross,480,SOLUSDT,disp_60,0,0.0
1a_full,cross,480,SOLUSDT,relstr_60,0,0.0
1a_full,cross,480,SOLUSDT,rank_60,0,0.0
1a_full,cross,480,SOLUSDT,btc_minus_own_60,0,0.0
1a_full,cross,480,SOLUSDT,eth_minus_own_60,0,0.0
1a_full,cross,480,SOLUSDT,own_ret_180,0,0.0
1a_full,cross,480,SOLUSDT,btc_ret_180,0,0.0
1a_full,cross,480,SOLUSDT,eth_ret_180,0,0.0
1a_full,cross,480,SOLUSDT,mkt_ret_180,0,0.0
1a_full,cross,480,SOLUSDT,breadth_180,0,0.0
1a_full,cross,480,SOLUSDT,disp_180,0,0.0
1a_full,cross,480,SOLUSDT,relstr_180,0,0.0
1a_full,cross,480,SOLUSDT,rank_180,0,0.0
1a_full,cross,480,SOLUSDT,btc_minus_own_180,0,0.0
1a_full,cross,480,SOLUSDT,eth_minus_own_180,0,0.0
1a_full,cross,480,SOLUSDT,own_ret_360,0,0.0
1a_full,cross,480,SOLUSDT,btc_ret_360,0,0.0
1a_full,cross,480,SOLUSDT,eth_ret_360,0,0.0
1a_full,cross,480,SOLUSDT,mkt_ret_360,0,0.0
1a_full,cross,480,SOLUSDT,breadth_360,0,0.0
1a_full,cross,480,SOLUSDT,disp_360,0,0.0
1a_full,cross,480,SOLUSDT,relstr_360,0,0.0
1a_full,cross,480,SOLUSDT,rank_360,0,0.0
1a_full,cross,480,SOLUSDT,btc_minus_own_360,0,0.0
1a_full,cross,480,SOLUSDT,eth_minus_own_360,0,0.0
1a_full,cross,480,SOLUSDT,own_ret_720,0,0.0
1a_full,cross,480,SOLUSDT,btc_ret_720,0,0.0
1a_full,cross,480,SOLUSDT,eth_ret_720,0,0.0
1a_full,cross,480,SOLUSDT,mkt_ret_720,0,0.0
1a_full,cross,480,SOLUSDT,breadth_720,0,0.0
1a_full,cross,480,SOLUSDT,disp_720,0,0.0
1a_full,cross,480,SOLUSDT,relstr_720,0,0.0
1a_full,cross,480,SOLUSDT,rank_720,0,0.0
1a_full,cross,480,SOLUSDT,btc_minus_own_720,0,0.0
1a_full,cross,480,SOLUSDT,eth_minus_own_720,0,0.0
1a_full,cross,480,SOLUSDT,own_ret_1440,0,0.0
1a_full,cross,480,SOLUSDT,btc_ret_1440,0,0.0
1a_full,cross,480,SOLUSDT,eth_ret_1440,0,0.0
1a_full,cross,480,SOLUSDT,mkt_ret_1440,0,0.0
1a_full,cross,480,SOLUSDT,breadth_1440,0,0.0
1a_full,cross,480,SOLUSDT,disp_1440,0,0.0
1a_full,cross,480,SOLUSDT,relstr_1440,0,0.0
1a_full,cross,480,SOLUSDT,rank_1440,0,0.0
1a_full,cross,480,SOLUSDT,btc_minus_own_1440,0,0.0
1a_full,cross,480,SOLUSDT,eth_minus_own_1440,0,0.0
1a_full,micro,480,XRPUSDT,rskew_30,0,6.5312772967729416e-09
1a_full,micro,480,XRPUSDT,rskew_30_xrank,0,0.0
1a_full,micro,480,XRPUSDT,rkurt_30,0,2.0671065215083217e-07
1a_full,micro,480,XRPUSDT,rkurt_30_xrank,0,0.0
1a_full,micro,480,XRPUSDT,roll_30,0,0.0
1a_full,micro,480,XRPUSDT,roll_30_xrank,0,0.0
1a_full,micro,480,XRPUSDT,amihud_30,0,0.0
1a_full,micro,480,XRPUSDT,amihud_30_xrank,0,0.0
1a_full,micro,480,XRPUSDT,kyle_30,0,0.0
1a_full,micro,480,XRPUSDT,kyle_30_xrank,0,0.0
1a_full,micro,480,XRPUSDT,vpin_30,0,0.0
1a_full,micro,480,XRPUSDT,vpin_30_xrank,0,0.0
1a_full,micro,480,XRPUSDT,jump_30,0,1.0086933066588699e-08
1a_full,micro,480,XRPUSDT,jump_30_xrank,0,0.0
1a_full,micro,480,XRPUSDT,vratio_30,0,0.0
1a_full,micro,480,XRPUSDT,vratio_30_xrank,0,0.0
1a_full,micro,480,XRPUSDT,cvd_slope_30,0,0.0
1a_full,micro,480,XRPUSDT,cvd_slope_30_xrank,0,0.0
1a_full,micro,480,XRPUSDT,signac_30,0,0.0
1a_full,micro,480,XRPUSDT,signac_30_xrank,0,0.0
1a_full,micro,480,XRPUSDT,sflow_30,0,0.0
1a_full,micro,480,XRPUSDT,sflow_30_xrank,0,0.0
1a_full,micro,480,XRPUSDT,rskew_120,0,0.0
1a_full,micro,480,XRPUSDT,rskew_120_xrank,0,0.0
1a_full,micro,480,XRPUSDT,rkurt_120,0,1.863107712551937e-08
1a_full,micro,480,XRPUSDT,rkurt_120_xrank,0,0.0
1a_full,micro,480,XRPUSDT,roll_120,0,0.0
1a_full,micro,480,XRPUSDT,roll_120_xrank,0,0.0
1a_full,micro,480,XRPUSDT,amihud_120,0,0.0
1a_full,micro,480,XRPUSDT,amihud_120_xrank,0,0.0
1a_full,micro,480,XRPUSDT,kyle_120,0,0.0
1a_full,micro,480,XRPUSDT,kyle_120_xrank,0,0.0
1a_full,micro,480,XRPUSDT,vpin_120,0,0.0
1a_full,micro,480,XRPUSDT,vpin_120_xrank,0,0.0
1a_full,micro,480,XRPUSDT,jump_120,0,5.179046635994666e-10
1a_full,micro,480,XRPUSDT,jump_120_xrank,0,0.0
1a_full,micro,480,XRPUSDT,vratio_120,0,0.0
1a_full,micro,480,XRPUSDT,vratio_120_xrank,0,0.0
1a_full,micro,480,XRPUSDT,cvd_slope_120,0,0.0
1a_full,micro,480,XRPUSDT,cvd_slope_120_xrank,0,0.0
1a_full,micro,480,XRPUSDT,signac_120,0,0.0
1a_full,micro,480,XRPUSDT,signac_120_xrank,0,0.0
1a_full,micro,480,XRPUSDT,sflow_120,0,0.0
1a_full,micro,480,XRPUSDT,sflow_120_xrank,0,0.0
1a_full,micro,480,XRPUSDT,rskew_480,0,0.0
1a_full,micro,480,XRPUSDT,rskew_480_xrank,0,0.0
1a_full,micro,480,XRPUSDT,rkurt_480,0,0.0
1a_full,micro,480,XRPUSDT,rkurt_480_xrank,0,0.0
1a_full,micro,480,XRPUSDT,roll_480,0,0.0
1a_full,micro,480,XRPUSDT,roll_480_xrank,0,0.0
1a_full,micro,480,XRPUSDT,amihud_480,0,0.0
1a_full,micro,480,XRPUSDT,amihud_480_xrank,0,0.0
1a_full,micro,480,XRPUSDT,kyle_480,0,0.0
1a_full,micro,480,XRPUSDT,kyle_480_xrank,0,0.0
1a_full,micro,480,XRPUSDT,vpin_480,0,0.0
1a_full,micro,480,XRPUSDT,vpin_480_xrank,0,0.0
1a_full,micro,480,XRPUSDT,jump_480,0,2.2014942646642055e-10
1a_full,micro,480,XRPUSDT,jump_480_xrank,0,0.0
1a_full,micro,480,XRPUSDT,vratio_480,0,0.0
1a_full,micro,480,XRPUSDT,vratio_480_xrank,0,0.0
1a_full,micro,480,XRPUSDT,cvd_slope_480,0,0.0
1a_full,micro,480,XRPUSDT,cvd_slope_480_xrank,0,0.0
1a_full,micro,480,XRPUSDT,signac_480,0,0.0
1a_full,micro,480,XRPUSDT,signac_480_xrank,0,0.0
1a_full,micro,480,XRPUSDT,sflow_480,0,0.0
1a_full,micro,480,XRPUSDT,sflow_480_xrank,0,0.0
1a_full,cross,480,XRPUSDT,own_ret_1,0,0.0
1a_full,cross,480,XRPUSDT,btc_ret_1,0,0.0
1a_full,cross,480,XRPUSDT,eth_ret_1,0,0.0
1a_full,cross,480,XRPUSDT,mkt_ret_1,0,0.0
1a_full,cross,480,XRPUSDT,breadth_1,0,0.0
1a_full,cross,480,XRPUSDT,disp_1,0,0.0
1a_full,cross,480,XRPUSDT,relstr_1,0,0.0
1a_full,cross,480,XRPUSDT,rank_1,0,0.0
1a_full,cross,480,XRPUSDT,btc_minus_own_1,0,0.0
1a_full,cross,480,XRPUSDT,eth_minus_own_1,0,0.0
1a_full,cross,480,XRPUSDT,own_ret_5,0,0.0
1a_full,cross,480,XRPUSDT,btc_ret_5,0,0.0
1a_full,cross,480,XRPUSDT,eth_ret_5,0,0.0
1a_full,cross,480,XRPUSDT,mkt_ret_5,0,0.0
1a_full,cross,480,XRPUSDT,breadth_5,0,0.0
1a_full,cross,480,XRPUSDT,disp_5,0,0.0
1a_full,cross,480,XRPUSDT,relstr_5,0,0.0
1a_full,cross,480,XRPUSDT,rank_5,0,0.0
1a_full,cross,480,XRPUSDT,btc_minus_own_5,0,0.0
1a_full,cross,480,XRPUSDT,eth_minus_own_5,0,0.0
1a_full,cross,480,XRPUSDT,own_ret_15,0,0.0
1a_full,cross,480,XRPUSDT,btc_ret_15,0,0.0
1a_full,cross,480,XRPUSDT,eth_ret_15,0,0.0
1a_full,cross,480,XRPUSDT,mkt_ret_15,0,0.0
1a_full,cross,480,XRPUSDT,breadth_15,0,0.0
1a_full,cross,480,XRPUSDT,disp_15,0,0.0
1a_full,cross,480,XRPUSDT,relstr_15,0,0.0
1a_full,cross,480,XRPUSDT,rank_15,0,0.0
1a_full,cross,480,XRPUSDT,btc_minus_own_15,0,0.0
1a_full,cross,480,XRPUSDT,eth_minus_own_15,0,0.0
1a_full,cross,480,XRPUSDT,own_ret_30,0,0.0
1a_full,cross,480,XRPUSDT,btc_ret_30,0,0.0
1a_full,cross,480,XRPUSDT,eth_ret_30,0,0.0
1a_full,cross,480,XRPUSDT,mkt_ret_30,0,0.0
1a_full,cross,480,XRPUSDT,breadth_30,0,0.0
1a_full,cross,480,XRPUSDT,disp_30,0,0.0
1a_full,cross,480,XRPUSDT,relstr_30,0,0.0
1a_full,cross,480,XRPUSDT,rank_30,0,0.0
1a_full,cross,480,XRPUSDT,btc_minus_own_30,0,0.0
1a_full,cross,480,XRPUSDT,eth_minus_own_30,0,0.0
1a_full,cross,480,XRPUSDT,own_ret_60,0,0.0
1a_full,cross,480,XRPUSDT,btc_ret_60,0,0.0
1a_full,cross,480,XRPUSDT,eth_ret_60,0,0.0
1a_full,cross,480,XRPUSDT,mkt_ret_60,0,0.0
1a_full,cross,480,XRPUSDT,breadth_60,0,0.0
1a_full,cross,480,XRPUSDT,disp_60,0,0.0
1a_full,cross,480,XRPUSDT,relstr_60,0,0.0
1a_full,cross,480,XRPUSDT,rank_60,0,0.0
1a_full,cross,480,XRPUSDT,btc_minus_own_60,0,0.0
1a_full,cross,480,XRPUSDT,eth_minus_own_60,0,0.0
1a_full,cross,480,XRPUSDT,own_ret_180,0,0.0
1a_full,cross,480,XRPUSDT,btc_ret_180,0,0.0
1a_full,cross,480,XRPUSDT,eth_ret_180,0,0.0
1a_full,cross,480,XRPUSDT,mkt_ret_180,0,0.0
1a_full,cross,480,XRPUSDT,breadth_180,0,0.0
1a_full,cross,480,XRPUSDT,disp_180,0,0.0
1a_full,cross,480,XRPUSDT,relstr_180,0,0.0
1a_full,cross,480,XRPUSDT,rank_180,0,0.0
1a_full,cross,480,XRPUSDT,btc_minus_own_180,0,0.0
1a_full,cross,480,XRPUSDT,eth_minus_own_180,0,0.0
1a_full,cross,480,XRPUSDT,own_ret_360,0,0.0
1a_full,cross,480,XRPUSDT,btc_ret_360,0,0.0
1a_full,cross,480,XRPUSDT,eth_ret_360,0,0.0
1a_full,cross,480,XRPUSDT,mkt_ret_360,0,0.0
1a_full,cross,480,XRPUSDT,breadth_360,0,0.0
1a_full,cross,480,XRPUSDT,disp_360,0,0.0
1a_full,cross,480,XRPUSDT,relstr_360,0,0.0
1a_full,cross,480,XRPUSDT,rank_360,0,0.0
1a_full,cross,480,XRPUSDT,btc_minus_own_360,0,0.0
1a_full,cross,480,XRPUSDT,eth_minus_own_360,0,0.0
1a_full,cross,480,XRPUSDT,own_ret_720,0,0.0
1a_full,cross,480,XRPUSDT,btc_ret_720,0,0.0
1a_full,cross,480,XRPUSDT,eth_ret_720,0,0.0
1a_full,cross,480,XRPUSDT,mkt_ret_720,0,0.0
1a_full,cross,480,XRPUSDT,breadth_720,0,0.0
1a_full,cross,480,XRPUSDT,disp_720,0,0.0
1a_full,cross,480,XRPUSDT,relstr_720,0,0.0
1a_full,cross,480,XRPUSDT,rank_720,0,0.0
1a_full,cross,480,XRPUSDT,btc_minus_own_720,0,0.0
1a_full,cross,480,XRPUSDT,eth_minus_own_720,0,0.0
1a_full,cross,480,XRPUSDT,own_ret_1440,0,0.0
1a_full,cross,480,XRPUSDT,btc_ret_1440,0,0.0
1a_full,cross,480,XRPUSDT,eth_ret_1440,0,0.0
1a_full,cross,480,XRPUSDT,mkt_ret_1440,0,0.0
1a_full,cross,480,XRPUSDT,breadth_1440,0,0.0
1a_full,cross,480,XRPUSDT,disp_1440,0,0.0
1a_full,cross,480,XRPUSDT,relstr_1440,0,0.0
1a_full,cross,480,XRPUSDT,rank_1440,0,0.0
1a_full,cross,480,XRPUSDT,btc_minus_own_1440,0,0.0
1a_full,cross,480,XRPUSDT,eth_minus_own_1440,0,0.0
1b_live,micro,10,ADAUSDT,rskew_30,0,1.2381602687572268e-10
1b_live,micro,10,ADAUSDT,rskew_30_xrank,0,0.0
1b_live,micro,10,ADAUSDT,rkurt_30,0,1.1024147994476152e-07
1b_live,micro,10,ADAUSDT,rkurt_30_xrank,0,0.0
1b_live,micro,10,ADAUSDT,roll_30,0,0.0
1b_live,micro,10,ADAUSDT,roll_30_xrank,0,0.0
1b_live,micro,10,ADAUSDT,amihud_30,0,0.0
1b_live,micro,10,ADAUSDT,amihud_30_xrank,0,0.0
1b_live,micro,10,ADAUSDT,kyle_30,0,2.436135559946706e-08
1b_live,micro,10,ADAUSDT,kyle_30_xrank,0,0.0
1b_live,micro,10,ADAUSDT,vpin_30,0,0.0
1b_live,micro,10,ADAUSDT,vpin_30_xrank,0,0.0
1b_live,micro,10,ADAUSDT,jump_30,0,1.1044046788200035e-09
1b_live,micro,10,ADAUSDT,jump_30_xrank,0,0.0
1b_live,micro,10,ADAUSDT,vratio_30,0,0.0
1b_live,micro,10,ADAUSDT,vratio_30_xrank,0,0.0
1b_live,micro,10,ADAUSDT,cvd_slope_30,0,0.0
1b_live,micro,10,ADAUSDT,cvd_slope_30_xrank,0,0.0
1b_live,micro,10,ADAUSDT,signac_30,0,0.0
1b_live,micro,10,ADAUSDT,signac_30_xrank,0,0.0
1b_live,micro,10,ADAUSDT,sflow_30,0,0.0
1b_live,micro,10,ADAUSDT,sflow_30_xrank,0,0.0
1b_live,micro,10,ADAUSDT,rskew_120,0,0.0
1b_live,micro,10,ADAUSDT,rskew_120_xrank,0,0.0
1b_live,micro,10,ADAUSDT,rkurt_120,0,3.191459896356719e-08
1b_live,micro,10,ADAUSDT,rkurt_120_xrank,0,0.0
1b_live,micro,10,ADAUSDT,roll_120,0,0.0
1b_live,micro,10,ADAUSDT,roll_120_xrank,0,0.0
1b_live,micro,10,ADAUSDT,amihud_120,0,0.0
1b_live,micro,10,ADAUSDT,amihud_120_xrank,0,0.0
1b_live,micro,10,ADAUSDT,kyle_120,0,0.0
1b_live,micro,10,ADAUSDT,kyle_120_xrank,0,0.0
1b_live,micro,10,ADAUSDT,vpin_120,0,0.0
1b_live,micro,10,ADAUSDT,vpin_120_xrank,0,0.0
1b_live,micro,10,ADAUSDT,jump_120,0,0.0
1b_live,micro,10,ADAUSDT,jump_120_xrank,0,0.0
1b_live,micro,10,ADAUSDT,vratio_120,0,0.0
1b_live,micro,10,ADAUSDT,vratio_120_xrank,0,0.0
1b_live,micro,10,ADAUSDT,cvd_slope_120,0,0.0
1b_live,micro,10,ADAUSDT,cvd_slope_120_xrank,0,0.0
1b_live,micro,10,ADAUSDT,signac_120,0,0.0
1b_live,micro,10,ADAUSDT,signac_120_xrank,0,0.0
1b_live,micro,10,ADAUSDT,sflow_120,0,0.0
1b_live,micro,10,ADAUSDT,sflow_120_xrank,0,0.0
1b_live,micro,10,ADAUSDT,rskew_480,0,0.0
1b_live,micro,10,ADAUSDT,rskew_480_xrank,0,0.0
1b_live,micro,10,ADAUSDT,rkurt_480,0,4.766486583207552e-08
1b_live,micro,10,ADAUSDT,rkurt_480_xrank,0,0.0
1b_live,micro,10,ADAUSDT,roll_480,0,0.0
1b_live,micro,10,ADAUSDT,roll_480_xrank,0,0.0
1b_live,micro,10,ADAUSDT,amihud_480,0,0.0
1b_live,micro,10,ADAUSDT,amihud_480_xrank,0,0.0
1b_live,micro,10,ADAUSDT,kyle_480,0,0.0
1b_live,micro,10,ADAUSDT,kyle_480_xrank,0,0.0
1b_live,micro,10,ADAUSDT,vpin_480,0,0.0
1b_live,micro,10,ADAUSDT,vpin_480_xrank,0,0.0
1b_live,micro,10,ADAUSDT,jump_480,0,0.0
1b_live,micro,10,ADAUSDT,jump_480_xrank,0,0.0
1b_live,micro,10,ADAUSDT,vratio_480,0,0.0
1b_live,micro,10,ADAUSDT,vratio_480_xrank,0,0.0
1b_live,micro,10,ADAUSDT,cvd_slope_480,0,5.179792150755702e-09
1b_live,micro,10,ADAUSDT,cvd_slope_480_xrank,0,0.0
1b_live,micro,10,ADAUSDT,signac_480,0,0.0
1b_live,micro,10,ADAUSDT,signac_480_xrank,0,0.0
1b_live,micro,10,ADAUSDT,sflow_480,0,0.0
1b_live,micro,10,ADAUSDT,sflow_480_xrank,0,0.0
1b_live,cross,10,ADAUSDT,own_ret_1,0,0.0
1b_live,cross,10,ADAUSDT,btc_ret_1,0,0.0
1b_live,cross,10,ADAUSDT,eth_ret_1,0,0.0
1b_live,cross,10,ADAUSDT,mkt_ret_1,0,0.0
1b_live,cross,10,ADAUSDT,breadth_1,0,0.0
1b_live,cross,10,ADAUSDT,disp_1,0,0.0
1b_live,cross,10,ADAUSDT,relstr_1,0,0.0
1b_live,cross,10,ADAUSDT,rank_1,0,0.0
1b_live,cross,10,ADAUSDT,btc_minus_own_1,0,0.0
1b_live,cross,10,ADAUSDT,eth_minus_own_1,0,0.0
1b_live,cross,10,ADAUSDT,own_ret_5,0,0.0
1b_live,cross,10,ADAUSDT,btc_ret_5,0,0.0
1b_live,cross,10,ADAUSDT,eth_ret_5,0,0.0
1b_live,cross,10,ADAUSDT,mkt_ret_5,0,0.0
1b_live,cross,10,ADAUSDT,breadth_5,0,0.0
1b_live,cross,10,ADAUSDT,disp_5,0,0.0
1b_live,cross,10,ADAUSDT,relstr_5,0,0.0
1b_live,cross,10,ADAUSDT,rank_5,0,0.0
1b_live,cross,10,ADAUSDT,btc_minus_own_5,0,0.0
1b_live,cross,10,ADAUSDT,eth_minus_own_5,0,0.0
1b_live,cross,10,ADAUSDT,own_ret_15,0,0.0
1b_live,cross,10,ADAUSDT,btc_ret_15,0,0.0
1b_live,cross,10,ADAUSDT,eth_ret_15,0,0.0
1b_live,cross,10,ADAUSDT,mkt_ret_15,0,0.0
1b_live,cross,10,ADAUSDT,breadth_15,0,0.0
1b_live,cross,10,ADAUSDT,disp_15,0,0.0
1b_live,cross,10,ADAUSDT,relstr_15,0,0.0
1b_live,cross,10,ADAUSDT,rank_15,0,0.0
1b_live,cross,10,ADAUSDT,btc_minus_own_15,0,0.0
1b_live,cross,10,ADAUSDT,eth_minus_own_15,0,0.0
1b_live,cross,10,ADAUSDT,own_ret_30,0,0.0
1b_live,cross,10,ADAUSDT,btc_ret_30,0,0.0
1b_live,cross,10,ADAUSDT,eth_ret_30,0,0.0
1b_live,cross,10,ADAUSDT,mkt_ret_30,0,0.0
1b_live,cross,10,ADAUSDT,breadth_30,0,0.0
1b_live,cross,10,ADAUSDT,disp_30,0,0.0
1b_live,cross,10,ADAUSDT,relstr_30,0,0.0
1b_live,cross,10,ADAUSDT,rank_30,0,0.0
1b_live,cross,10,ADAUSDT,btc_minus_own_30,0,0.0
1b_live,cross,10,ADAUSDT,eth_minus_own_30,0,0.0
1b_live,cross,10,ADAUSDT,own_ret_60,0,0.0
1b_live,cross,10,ADAUSDT,btc_ret_60,0,0.0
1b_live,cross,10,ADAUSDT,eth_ret_60,0,0.0
1b_live,cross,10,ADAUSDT,mkt_ret_60,0,0.0
1b_live,cross,10,ADAUSDT,breadth_60,0,0.0
1b_live,cross,10,ADAUSDT,disp_60,0,0.0
1b_live,cross,10,ADAUSDT,relstr_60,0,0.0
1b_live,cross,10,ADAUSDT,rank_60,0,0.0
1b_live,cross,10,ADAUSDT,btc_minus_own_60,0,0.0
1b_live,cross,10,ADAUSDT,eth_minus_own_60,0,0.0
1b_live,cross,10,ADAUSDT,own_ret_180,0,0.0
1b_live,cross,10,ADAUSDT,btc_ret_180,0,0.0
1b_live,cross,10,ADAUSDT,eth_ret_180,0,0.0
1b_live,cross,10,ADAUSDT,mkt_ret_180,0,0.0
1b_live,cross,10,ADAUSDT,breadth_180,0,0.0
1b_live,cross,10,ADAUSDT,disp_180,0,0.0
1b_live,cross,10,ADAUSDT,relstr_180,0,0.0
1b_live,cross,10,ADAUSDT,rank_180,0,0.0
1b_live,cross,10,ADAUSDT,btc_minus_own_180,0,0.0
1b_live,cross,10,ADAUSDT,eth_minus_own_180,0,0.0
1b_live,cross,10,ADAUSDT,own_ret_360,0,0.0
1b_live,cross,10,ADAUSDT,btc_ret_360,0,0.0
1b_live,cross,10,ADAUSDT,eth_ret_360,0,0.0
1b_live,cross,10,ADAUSDT,mkt_ret_360,0,0.0
1b_live,cross,10,ADAUSDT,breadth_360,0,0.0
1b_live,cross,10,ADAUSDT,disp_360,0,0.0
1b_live,cross,10,ADAUSDT,relstr_360,0,0.0
1b_live,cross,10,ADAUSDT,rank_360,0,0.0
1b_live,cross,10,ADAUSDT,btc_minus_own_360,0,0.0
1b_live,cross,10,ADAUSDT,eth_minus_own_360,0,0.0
1b_live,cross,10,ADAUSDT,own_ret_720,0,0.0
1b_live,cross,10,ADAUSDT,btc_ret_720,0,0.0
1b_live,cross,10,ADAUSDT,eth_ret_720,0,0.0
1b_live,cross,10,ADAUSDT,mkt_ret_720,0,0.0
1b_live,cross,10,ADAUSDT,breadth_720,0,0.0
1b_live,cross,10,ADAUSDT,disp_720,0,0.0
1b_live,cross,10,ADAUSDT,relstr_720,0,0.0
1b_live,cross,10,ADAUSDT,rank_720,0,0.0
1b_live,cross,10,ADAUSDT,btc_minus_own_720,0,0.0
1b_live,cross,10,ADAUSDT,eth_minus_own_720,0,0.0
1b_live,cross,10,ADAUSDT,own_ret_1440,0,0.0
1b_live,cross,10,ADAUSDT,btc_ret_1440,0,0.0
1b_live,cross,10,ADAUSDT,eth_ret_1440,0,0.0
1b_live,cross,10,ADAUSDT,mkt_ret_1440,0,0.0
1b_live,cross,10,ADAUSDT,breadth_1440,0,0.0
1b_live,cross,10,ADAUSDT,disp_1440,0,0.0
1b_live,cross,10,ADAUSDT,relstr_1440,0,0.0
1b_live,cross,10,ADAUSDT,rank_1440,0,0.0
1b_live,cross,10,ADAUSDT,btc_minus_own_1440,0,0.0
1b_live,cross,10,ADAUSDT,eth_minus_own_1440,0,0.0
1b_live,micro,10,AVAXUSDT,rskew_30,0,2.8800240414739164e-08
1b_live,micro,10,AVAXUSDT,rskew_30_xrank,0,0.0
1b_live,micro,10,AVAXUSDT,rkurt_30,0,1.4617497981816996e-05
1b_live,micro,10,AVAXUSDT,rkurt_30_xrank,0,0.0
1b_live,micro,10,AVAXUSDT,roll_30,0,0.0
1b_live,micro,10,AVAXUSDT,roll_30_xrank,0,0.0
1b_live,micro,10,AVAXUSDT,amihud_30,0,0.0
1b_live,micro,10,AVAXUSDT,amihud_30_xrank,0,0.0
1b_live,micro,10,AVAXUSDT,kyle_30,0,0.0
1b_live,micro,10,AVAXUSDT,kyle_30_xrank,0,0.0
1b_live,micro,10,AVAXUSDT,vpin_30,0,0.0
1b_live,micro,10,AVAXUSDT,vpin_30_xrank,0,0.0
1b_live,micro,10,AVAXUSDT,jump_30,0,3.3089140316633348e-09
1b_live,micro,10,AVAXUSDT,jump_30_xrank,0,0.0
1b_live,micro,10,AVAXUSDT,vratio_30,0,0.0
1b_live,micro,10,AVAXUSDT,vratio_30_xrank,0,0.0
1b_live,micro,10,AVAXUSDT,cvd_slope_30,0,0.0
1b_live,micro,10,AVAXUSDT,cvd_slope_30_xrank,0,0.0
1b_live,micro,10,AVAXUSDT,signac_30,0,0.0
1b_live,micro,10,AVAXUSDT,signac_30_xrank,0,0.0
1b_live,micro,10,AVAXUSDT,sflow_30,0,0.0
1b_live,micro,10,AVAXUSDT,sflow_30_xrank,0,0.0
1b_live,micro,10,AVAXUSDT,rskew_120,0,1.1042915026848732e-08
1b_live,micro,10,AVAXUSDT,rskew_120_xrank,0,0.0
1b_live,micro,10,AVAXUSDT,rkurt_120,0,2.935822180916148e-07
1b_live,micro,10,AVAXUSDT,rkurt_120_xrank,0,0.0
1b_live,micro,10,AVAXUSDT,roll_120,0,0.0
1b_live,micro,10,AVAXUSDT,roll_120_xrank,0,0.0
1b_live,micro,10,AVAXUSDT,amihud_120,0,0.0
1b_live,micro,10,AVAXUSDT,amihud_120_xrank,0,0.0
1b_live,micro,10,AVAXUSDT,kyle_120,0,6.040198030632382e-08
1b_live,micro,10,AVAXUSDT,kyle_120_xrank,0,0.0
1b_live,micro,10,AVAXUSDT,vpin_120,0,0.0
1b_live,micro,10,AVAXUSDT,vpin_120_xrank,0,0.0
1b_live,micro,10,AVAXUSDT,jump_120,0,5.065843855511787e-10
1b_live,micro,10,AVAXUSDT,jump_120_xrank,0,0.0
1b_live,micro,10,AVAXUSDT,vratio_120,0,0.0
1b_live,micro,10,AVAXUSDT,vratio_120_xrank,0,0.0
1b_live,micro,10,AVAXUSDT,cvd_slope_120,0,0.0
1b_live,micro,10,AVAXUSDT,cvd_slope_120_xrank,0,0.0
1b_live,micro,10,AVAXUSDT,signac_120,0,0.0
1b_live,micro,10,AVAXUSDT,signac_120_xrank,0,0.0
1b_live,micro,10,AVAXUSDT,sflow_120,0,0.0
1b_live,micro,10,AVAXUSDT,sflow_120_xrank,0,0.0
1b_live,micro,10,AVAXUSDT,rskew_480,0,1.018398698704459e-09
1b_live,micro,10,AVAXUSDT,rskew_480_xrank,0,0.0
1b_live,micro,10,AVAXUSDT,rkurt_480,0,4.155594268695495e-08
1b_live,micro,10,AVAXUSDT,rkurt_480_xrank,0,0.0
1b_live,micro,10,AVAXUSDT,roll_480,0,0.0
1b_live,micro,10,AVAXUSDT,roll_480_xrank,0,0.0
1b_live,micro,10,AVAXUSDT,amihud_480,0,0.0
1b_live,micro,10,AVAXUSDT,amihud_480_xrank,0,0.0
1b_live,micro,10,AVAXUSDT,kyle_480,0,0.0
1b_live,micro,10,AVAXUSDT,kyle_480_xrank,0,0.0
1b_live,micro,10,AVAXUSDT,vpin_480,0,0.0
1b_live,micro,10,AVAXUSDT,vpin_480_xrank,0,0.0
1b_live,micro,10,AVAXUSDT,jump_480,0,0.0
1b_live,micro,10,AVAXUSDT,jump_480_xrank,0,0.0
1b_live,micro,10,AVAXUSDT,vratio_480,0,0.0
1b_live,micro,10,AVAXUSDT,vratio_480_xrank,0,0.0
1b_live,micro,10,AVAXUSDT,cvd_slope_480,0,0.0
1b_live,micro,10,AVAXUSDT,cvd_slope_480_xrank,0,0.0
1b_live,micro,10,AVAXUSDT,signac_480,0,0.0
1b_live,micro,10,AVAXUSDT,signac_480_xrank,0,0.0
1b_live,micro,10,AVAXUSDT,sflow_480,0,0.0
1b_live,micro,10,AVAXUSDT,sflow_480_xrank,0,0.0
1b_live,cross,10,AVAXUSDT,own_ret_1,0,0.0
1b_live,cross,10,AVAXUSDT,btc_ret_1,0,0.0
1b_live,cross,10,AVAXUSDT,eth_ret_1,0,0.0
1b_live,cross,10,AVAXUSDT,mkt_ret_1,0,0.0
1b_live,cross,10,AVAXUSDT,breadth_1,0,0.0
1b_live,cross,10,AVAXUSDT,disp_1,0,0.0
1b_live,cross,10,AVAXUSDT,relstr_1,0,0.0
1b_live,cross,10,AVAXUSDT,rank_1,0,0.0
1b_live,cross,10,AVAXUSDT,btc_minus_own_1,0,0.0
1b_live,cross,10,AVAXUSDT,eth_minus_own_1,0,0.0
1b_live,cross,10,AVAXUSDT,own_ret_5,0,0.0
1b_live,cross,10,AVAXUSDT,btc_ret_5,0,0.0
1b_live,cross,10,AVAXUSDT,eth_ret_5,0,0.0
1b_live,cross,10,AVAXUSDT,mkt_ret_5,0,0.0
1b_live,cross,10,AVAXUSDT,breadth_5,0,0.0
1b_live,cross,10,AVAXUSDT,disp_5,0,0.0
1b_live,cross,10,AVAXUSDT,relstr_5,0,0.0
1b_live,cross,10,AVAXUSDT,rank_5,0,0.0
1b_live,cross,10,AVAXUSDT,btc_minus_own_5,0,0.0
1b_live,cross,10,AVAXUSDT,eth_minus_own_5,0,0.0
1b_live,cross,10,AVAXUSDT,own_ret_15,0,0.0
1b_live,cross,10,AVAXUSDT,btc_ret_15,0,0.0
1b_live,cross,10,AVAXUSDT,eth_ret_15,0,0.0
1b_live,cross,10,AVAXUSDT,mkt_ret_15,0,0.0
1b_live,cross,10,AVAXUSDT,breadth_15,0,0.0
1b_live,cross,10,AVAXUSDT,disp_15,0,0.0
1b_live,cross,10,AVAXUSDT,relstr_15,0,0.0
1b_live,cross,10,AVAXUSDT,rank_15,0,0.0
1b_live,cross,10,AVAXUSDT,btc_minus_own_15,0,0.0
1b_live,cross,10,AVAXUSDT,eth_minus_own_15,0,0.0
1b_live,cross,10,AVAXUSDT,own_ret_30,0,0.0
1b_live,cross,10,AVAXUSDT,btc_ret_30,0,0.0
1b_live,cross,10,AVAXUSDT,eth_ret_30,0,0.0
1b_live,cross,10,AVAXUSDT,mkt_ret_30,0,0.0
1b_live,cross,10,AVAXUSDT,breadth_30,0,0.0
1b_live,cross,10,AVAXUSDT,disp_30,0,0.0
1b_live,cross,10,AVAXUSDT,relstr_30,0,0.0
1b_live,cross,10,AVAXUSDT,rank_30,0,0.0
1b_live,cross,10,AVAXUSDT,btc_minus_own_30,0,0.0
1b_live,cross,10,AVAXUSDT,eth_minus_own_30,0,0.0
1b_live,cross,10,AVAXUSDT,own_ret_60,0,0.0
1b_live,cross,10,AVAXUSDT,btc_ret_60,0,0.0
1b_live,cross,10,AVAXUSDT,eth_ret_60,0,0.0
1b_live,cross,10,AVAXUSDT,mkt_ret_60,0,0.0
1b_live,cross,10,AVAXUSDT,breadth_60,0,0.0
1b_live,cross,10,AVAXUSDT,disp_60,0,0.0
1b_live,cross,10,AVAXUSDT,relstr_60,0,0.0
1b_live,cross,10,AVAXUSDT,rank_60,0,0.0
1b_live,cross,10,AVAXUSDT,btc_minus_own_60,0,0.0
1b_live,cross,10,AVAXUSDT,eth_minus_own_60,0,0.0
1b_live,cross,10,AVAXUSDT,own_ret_180,0,0.0
1b_live,cross,10,AVAXUSDT,btc_ret_180,0,0.0
1b_live,cross,10,AVAXUSDT,eth_ret_180,0,0.0
1b_live,cross,10,AVAXUSDT,mkt_ret_180,0,0.0
1b_live,cross,10,AVAXUSDT,breadth_180,0,0.0
1b_live,cross,10,AVAXUSDT,disp_180,0,0.0
1b_live,cross,10,AVAXUSDT,relstr_180,0,0.0
1b_live,cross,10,AVAXUSDT,rank_180,0,0.0
1b_live,cross,10,AVAXUSDT,btc_minus_own_180,0,0.0
1b_live,cross,10,AVAXUSDT,eth_minus_own_180,0,0.0
1b_live,cross,10,AVAXUSDT,own_ret_360,0,0.0
1b_live,cross,10,AVAXUSDT,btc_ret_360,0,0.0
1b_live,cross,10,AVAXUSDT,eth_ret_360,0,0.0
1b_live,cross,10,AVAXUSDT,mkt_ret_360,0,0.0
1b_live,cross,10,AVAXUSDT,breadth_360,0,0.0
1b_live,cross,10,AVAXUSDT,disp_360,0,0.0
1b_live,cross,10,AVAXUSDT,relstr_360,0,0.0
1b_live,cross,10,AVAXUSDT,rank_360,0,0.0
1b_live,cross,10,AVAXUSDT,btc_minus_own_360,0,0.0
1b_live,cross,10,AVAXUSDT,eth_minus_own_360,0,0.0
1b_live,cross,10,AVAXUSDT,own_ret_720,0,0.0
1b_live,cross,10,AVAXUSDT,btc_ret_720,0,0.0
1b_live,cross,10,AVAXUSDT,eth_ret_720,0,0.0
1b_live,cross,10,AVAXUSDT,mkt_ret_720,0,0.0
1b_live,cross,10,AVAXUSDT,breadth_720,0,0.0
1b_live,cross,10,AVAXUSDT,disp_720,0,0.0
1b_live,cross,10,AVAXUSDT,relstr_720,0,0.0
1b_live,cross,10,AVAXUSDT,rank_720,0,0.0
1b_live,cross,10,AVAXUSDT,btc_minus_own_720,0,0.0
1b_live,cross,10,AVAXUSDT,eth_minus_own_720,0,0.0
1b_live,cross,10,AVAXUSDT,own_ret_1440,0,0.0
1b_live,cross,10,AVAXUSDT,btc_ret_1440,0,0.0
1b_live,cross,10,AVAXUSDT,eth_ret_1440,0,0.0
1b_live,cross,10,AVAXUSDT,mkt_ret_1440,0,0.0
1b_live,cross,10,AVAXUSDT,breadth_1440,0,0.0
1b_live,cross,10,AVAXUSDT,disp_1440,0,0.0
1b_live,cross,10,AVAXUSDT,relstr_1440,0,0.0
1b_live,cross,10,AVAXUSDT,rank_1440,0,0.0
1b_live,cross,10,AVAXUSDT,btc_minus_own_1440,0,0.0
1b_live,cross,10,AVAXUSDT,eth_minus_own_1440,0,0.0
1b_live,micro,10,BNBUSDT,rskew_30,0,1.6732040197808828e-09
1b_live,micro,10,BNBUSDT,rskew_30_xrank,0,0.0
1b_live,micro,10,BNBUSDT,rkurt_30,0,1.104253897210583e-06
1b_live,micro,10,BNBUSDT,rkurt_30_xrank,0,0.0
1b_live,micro,10,BNBUSDT,roll_30,0,0.0
1b_live,micro,10,BNBUSDT,roll_30_xrank,0,0.0
1b_live,micro,10,BNBUSDT,amihud_30,0,0.0
1b_live,micro,10,BNBUSDT,amihud_30_xrank,0,0.0
1b_live,micro,10,BNBUSDT,kyle_30,0,5.432051963794038e-08
1b_live,micro,10,BNBUSDT,kyle_30_xrank,0,0.0
1b_live,micro,10,BNBUSDT,vpin_30,0,0.0
1b_live,micro,10,BNBUSDT,vpin_30_xrank,0,0.0
1b_live,micro,10,BNBUSDT,jump_30,0,3.035791706906821e-08
1b_live,micro,10,BNBUSDT,jump_30_xrank,0,0.0
1b_live,micro,10,BNBUSDT,vratio_30,0,0.0
1b_live,micro,10,BNBUSDT,vratio_30_xrank,0,0.0
1b_live,micro,10,BNBUSDT,cvd_slope_30,0,0.0
1b_live,micro,10,BNBUSDT,cvd_slope_30_xrank,0,0.0
1b_live,micro,10,BNBUSDT,signac_30,0,0.0
1b_live,micro,10,BNBUSDT,signac_30_xrank,0,0.0
1b_live,micro,10,BNBUSDT,sflow_30,0,0.0
1b_live,micro,10,BNBUSDT,sflow_30_xrank,0,0.0
1b_live,micro,10,BNBUSDT,rskew_120,0,0.0
1b_live,micro,10,BNBUSDT,rskew_120_xrank,0,0.0
1b_live,micro,10,BNBUSDT,rkurt_120,0,8.333815060268535e-08
1b_live,micro,10,BNBUSDT,rkurt_120_xrank,0,0.0
1b_live,micro,10,BNBUSDT,roll_120,0,0.0
1b_live,micro,10,BNBUSDT,roll_120_xrank,0,0.0
1b_live,micro,10,BNBUSDT,amihud_120,0,0.0
1b_live,micro,10,BNBUSDT,amihud_120_xrank,0,0.0
1b_live,micro,10,BNBUSDT,kyle_120,0,3.727040009948723e-08
1b_live,micro,10,BNBUSDT,kyle_120_xrank,0,0.0
1b_live,micro,10,BNBUSDT,vpin_120,0,0.0
1b_live,micro,10,BNBUSDT,vpin_120_xrank,0,0.0
1b_live,micro,10,BNBUSDT,jump_120,0,1.6972512284496588e-08
1b_live,micro,10,BNBUSDT,jump_120_xrank,0,0.0
1b_live,micro,10,BNBUSDT,vratio_120,0,0.0
1b_live,micro,10,BNBUSDT,vratio_120_xrank,0,0.0
1b_live,micro,10,BNBUSDT,cvd_slope_120,0,0.0
1b_live,micro,10,BNBUSDT,cvd_slope_120_xrank,0,0.0
1b_live,micro,10,BNBUSDT,signac_120,0,0.0
1b_live,micro,10,BNBUSDT,signac_120_xrank,0,0.0
1b_live,micro,10,BNBUSDT,sflow_120,0,0.0
1b_live,micro,10,BNBUSDT,sflow_120_xrank,0,0.0
1b_live,micro,10,BNBUSDT,rskew_480,0,0.0
1b_live,micro,10,BNBUSDT,rskew_480_xrank,0,0.0
1b_live,micro,10,BNBUSDT,rkurt_480,0,7.666621826274422e-08
1b_live,micro,10,BNBUSDT,rkurt_480_xrank,0,0.0
1b_live,micro,10,BNBUSDT,roll_480,0,0.0
1b_live,micro,10,BNBUSDT,roll_480_xrank,0,0.0
1b_live,micro,10,BNBUSDT,amihud_480,0,0.0
1b_live,micro,10,BNBUSDT,amihud_480_xrank,0,0.0
1b_live,micro,10,BNBUSDT,kyle_480,0,0.0
1b_live,micro,10,BNBUSDT,kyle_480_xrank,0,0.0
1b_live,micro,10,BNBUSDT,vpin_480,0,0.0
1b_live,micro,10,BNBUSDT,vpin_480_xrank,0,0.0
1b_live,micro,10,BNBUSDT,jump_480,0,1.5967710709219318e-08
1b_live,micro,10,BNBUSDT,jump_480_xrank,0,0.0
1b_live,micro,10,BNBUSDT,vratio_480,0,0.0
1b_live,micro,10,BNBUSDT,vratio_480_xrank,0,0.0
1b_live,micro,10,BNBUSDT,cvd_slope_480,0,0.0
1b_live,micro,10,BNBUSDT,cvd_slope_480_xrank,0,0.0
1b_live,micro,10,BNBUSDT,signac_480,0,0.0
1b_live,micro,10,BNBUSDT,signac_480_xrank,0,0.0
1b_live,micro,10,BNBUSDT,sflow_480,0,0.0
1b_live,micro,10,BNBUSDT,sflow_480_xrank,0,0.0
1b_live,cross,10,BNBUSDT,own_ret_1,0,0.0
1b_live,cross,10,BNBUSDT,btc_ret_1,0,0.0
1b_live,cross,10,BNBUSDT,eth_ret_1,0,0.0
1b_live,cross,10,BNBUSDT,mkt_ret_1,0,0.0
1b_live,cross,10,BNBUSDT,breadth_1,0,0.0
1b_live,cross,10,BNBUSDT,disp_1,0,0.0
1b_live,cross,10,BNBUSDT,relstr_1,0,0.0
1b_live,cross,10,BNBUSDT,rank_1,0,0.0
1b_live,cross,10,BNBUSDT,btc_minus_own_1,0,0.0
1b_live,cross,10,BNBUSDT,eth_minus_own_1,0,0.0
1b_live,cross,10,BNBUSDT,own_ret_5,0,0.0
1b_live,cross,10,BNBUSDT,btc_ret_5,0,0.0
1b_live,cross,10,BNBUSDT,eth_ret_5,0,0.0
1b_live,cross,10,BNBUSDT,mkt_ret_5,0,0.0
1b_live,cross,10,BNBUSDT,breadth_5,0,0.0
1b_live,cross,10,BNBUSDT,disp_5,0,0.0
1b_live,cross,10,BNBUSDT,relstr_5,0,0.0
1b_live,cross,10,BNBUSDT,rank_5,0,0.0
1b_live,cross,10,BNBUSDT,btc_minus_own_5,0,0.0
1b_live,cross,10,BNBUSDT,eth_minus_own_5,0,0.0
1b_live,cross,10,BNBUSDT,own_ret_15,0,0.0
1b_live,cross,10,BNBUSDT,btc_ret_15,0,0.0
1b_live,cross,10,BNBUSDT,eth_ret_15,0,0.0
1b_live,cross,10,BNBUSDT,mkt_ret_15,0,0.0
1b_live,cross,10,BNBUSDT,breadth_15,0,0.0
1b_live,cross,10,BNBUSDT,disp_15,0,0.0
1b_live,cross,10,BNBUSDT,relstr_15,0,0.0
1b_live,cross,10,BNBUSDT,rank_15,0,0.0
1b_live,cross,10,BNBUSDT,btc_minus_own_15,0,0.0
1b_live,cross,10,BNBUSDT,eth_minus_own_15,0,0.0
1b_live,cross,10,BNBUSDT,own_ret_30,0,0.0
1b_live,cross,10,BNBUSDT,btc_ret_30,0,0.0
1b_live,cross,10,BNBUSDT,eth_ret_30,0,0.0
1b_live,cross,10,BNBUSDT,mkt_ret_30,0,0.0
1b_live,cross,10,BNBUSDT,breadth_30,0,0.0
1b_live,cross,10,BNBUSDT,disp_30,0,0.0
1b_live,cross,10,BNBUSDT,relstr_30,0,0.0
1b_live,cross,10,BNBUSDT,rank_30,0,0.0
1b_live,cross,10,BNBUSDT,btc_minus_own_30,0,0.0
1b_live,cross,10,BNBUSDT,eth_minus_own_30,0,0.0
1b_live,cross,10,BNBUSDT,own_ret_60,0,0.0
1b_live,cross,10,BNBUSDT,btc_ret_60,0,0.0
1b_live,cross,10,BNBUSDT,eth_ret_60,0,0.0
1b_live,cross,10,BNBUSDT,mkt_ret_60,0,0.0
1b_live,cross,10,BNBUSDT,breadth_60,0,0.0
1b_live,cross,10,BNBUSDT,disp_60,0,0.0
1b_live,cross,10,BNBUSDT,relstr_60,0,0.0
1b_live,cross,10,BNBUSDT,rank_60,0,0.0
1b_live,cross,10,BNBUSDT,btc_minus_own_60,0,0.0
1b_live,cross,10,BNBUSDT,eth_minus_own_60,0,0.0
1b_live,cross,10,BNBUSDT,own_ret_180,0,0.0
1b_live,cross,10,BNBUSDT,btc_ret_180,0,0.0
1b_live,cross,10,BNBUSDT,eth_ret_180,0,0.0
1b_live,cross,10,BNBUSDT,mkt_ret_180,0,0.0
1b_live,cross,10,BNBUSDT,breadth_180,0,0.0
1b_live,cross,10,BNBUSDT,disp_180,0,0.0
1b_live,cross,10,BNBUSDT,relstr_180,0,0.0
1b_live,cross,10,BNBUSDT,rank_180,0,0.0
1b_live,cross,10,BNBUSDT,btc_minus_own_180,0,0.0
1b_live,cross,10,BNBUSDT,eth_minus_own_180,0,0.0
1b_live,cross,10,BNBUSDT,own_ret_360,0,0.0
1b_live,cross,10,BNBUSDT,btc_ret_360,0,0.0
1b_live,cross,10,BNBUSDT,eth_ret_360,0,0.0
1b_live,cross,10,BNBUSDT,mkt_ret_360,0,0.0
1b_live,cross,10,BNBUSDT,breadth_360,0,0.0
1b_live,cross,10,BNBUSDT,disp_360,0,0.0
1b_live,cross,10,BNBUSDT,relstr_360,0,0.0
1b_live,cross,10,BNBUSDT,rank_360,0,0.0
1b_live,cross,10,BNBUSDT,btc_minus_own_360,0,0.0
1b_live,cross,10,BNBUSDT,eth_minus_own_360,0,0.0
1b_live,cross,10,BNBUSDT,own_ret_720,0,0.0
1b_live,cross,10,BNBUSDT,btc_ret_720,0,0.0
1b_live,cross,10,BNBUSDT,eth_ret_720,0,0.0
1b_live,cross,10,BNBUSDT,mkt_ret_720,0,0.0
1b_live,cross,10,BNBUSDT,breadth_720,0,0.0
1b_live,cross,10,BNBUSDT,disp_720,0,0.0
1b_live,cross,10,BNBUSDT,relstr_720,0,0.0
1b_live,cross,10,BNBUSDT,rank_720,0,0.0
1b_live,cross,10,BNBUSDT,btc_minus_own_720,0,0.0
1b_live,cross,10,BNBUSDT,eth_minus_own_720,0,0.0
1b_live,cross,10,BNBUSDT,own_ret_1440,0,0.0
1b_live,cross,10,BNBUSDT,btc_ret_1440,0,0.0
1b_live,cross,10,BNBUSDT,eth_ret_1440,0,0.0
1b_live,cross,10,BNBUSDT,mkt_ret_1440,0,0.0
1b_live,cross,10,BNBUSDT,breadth_1440,0,0.0
1b_live,cross,10,BNBUSDT,disp_1440,0,0.0
1b_live,cross,10,BNBUSDT,relstr_1440,0,0.0
1b_live,cross,10,BNBUSDT,rank_1440,0,0.0
1b_live,cross,10,BNBUSDT,btc_minus_own_1440,0,0.0
1b_live,cross,10,BNBUSDT,eth_minus_own_1440,0,0.0
1b_live,micro,10,BTCUSDT,rskew_30,0,0.0
1b_live,micro,10,BTCUSDT,rskew_30_xrank,0,0.0
1b_live,micro,10,BTCUSDT,rkurt_30,0,2.6083253601427714e-07
1b_live,micro,10,BTCUSDT,rkurt_30_xrank,0,0.0
1b_live,micro,10,BTCUSDT,roll_30,0,0.0
1b_live,micro,10,BTCUSDT,roll_30_xrank,0,0.0
1b_live,micro,10,BTCUSDT,amihud_30,0,0.0
1b_live,micro,10,BTCUSDT,amihud_30_xrank,0,0.0
1b_live,micro,10,BTCUSDT,kyle_30,0,0.0
1b_live,micro,10,BTCUSDT,kyle_30_xrank,0,0.0
1b_live,micro,10,BTCUSDT,vpin_30,0,0.0
1b_live,micro,10,BTCUSDT,vpin_30_xrank,0,0.0
1b_live,micro,10,BTCUSDT,jump_30,0,2.236914475872709e-08
1b_live,micro,10,BTCUSDT,jump_30_xrank,0,0.0
1b_live,micro,10,BTCUSDT,vratio_30,0,0.0
1b_live,micro,10,BTCUSDT,vratio_30_xrank,0,0.0
1b_live,micro,10,BTCUSDT,cvd_slope_30,0,0.0
1b_live,micro,10,BTCUSDT,cvd_slope_30_xrank,0,0.0
1b_live,micro,10,BTCUSDT,signac_30,0,0.0
1b_live,micro,10,BTCUSDT,signac_30_xrank,0,0.0
1b_live,micro,10,BTCUSDT,sflow_30,0,0.0
1b_live,micro,10,BTCUSDT,sflow_30_xrank,0,0.0
1b_live,micro,10,BTCUSDT,rskew_120,0,0.0
1b_live,micro,10,BTCUSDT,rskew_120_xrank,0,0.0
1b_live,micro,10,BTCUSDT,rkurt_120,0,8.711342758260798e-09
1b_live,micro,10,BTCUSDT,rkurt_120_xrank,0,0.0
1b_live,micro,10,BTCUSDT,roll_120,0,0.0
1b_live,micro,10,BTCUSDT,roll_120_xrank,0,0.0
1b_live,micro,10,BTCUSDT,amihud_120,0,0.0
1b_live,micro,10,BTCUSDT,amihud_120_xrank,0,0.0
1b_live,micro,10,BTCUSDT,kyle_120,0,0.0
1b_live,micro,10,BTCUSDT,kyle_120_xrank,0,0.0
1b_live,micro,10,BTCUSDT,vpin_120,0,0.0
1b_live,micro,10,BTCUSDT,vpin_120_xrank,0,0.0
1b_live,micro,10,BTCUSDT,jump_120,0,7.29193816439988e-10
1b_live,micro,10,BTCUSDT,jump_120_xrank,0,0.0
1b_live,micro,10,BTCUSDT,vratio_120,0,0.0
1b_live,micro,10,BTCUSDT,vratio_120_xrank,0,0.0
1b_live,micro,10,BTCUSDT,cvd_slope_120,0,0.0
1b_live,micro,10,BTCUSDT,cvd_slope_120_xrank,0,0.0
1b_live,micro,10,BTCUSDT,signac_120,0,0.0
1b_live,micro,10,BTCUSDT,signac_120_xrank,0,0.0
1b_live,micro,10,BTCUSDT,sflow_120,0,0.0
1b_live,micro,10,BTCUSDT,sflow_120_xrank,0,0.0
1b_live,micro,10,BTCUSDT,rskew_480,0,0.0
1b_live,micro,10,BTCUSDT,rskew_480_xrank,0,0.0
1b_live,micro,10,BTCUSDT,rkurt_480,0,0.0
1b_live,micro,10,BTCUSDT,rkurt_480_xrank,0,0.0
1b_live,micro,10,BTCUSDT,roll_480,0,0.0
1b_live,micro,10,BTCUSDT,roll_480_xrank,0,0.0
1b_live,micro,10,BTCUSDT,amihud_480,0,0.0
1b_live,micro,10,BTCUSDT,amihud_480_xrank,0,0.0
1b_live,micro,10,BTCUSDT,kyle_480,0,0.0
1b_live,micro,10,BTCUSDT,kyle_480_xrank,0,0.0
1b_live,micro,10,BTCUSDT,vpin_480,0,0.0
1b_live,micro,10,BTCUSDT,vpin_480_xrank,0,0.0
1b_live,micro,10,BTCUSDT,jump_480,0,6.626356408023781e-11
1b_live,micro,10,BTCUSDT,jump_480_xrank,0,0.0
1b_live,micro,10,BTCUSDT,vratio_480,0,0.0
1b_live,micro,10,BTCUSDT,vratio_480_xrank,0,0.0
1b_live,micro,10,BTCUSDT,cvd_slope_480,0,0.0
1b_live,micro,10,BTCUSDT,cvd_slope_480_xrank,0,0.0
1b_live,micro,10,BTCUSDT,signac_480,0,0.0
1b_live,micro,10,BTCUSDT,signac_480_xrank,0,0.0
1b_live,micro,10,BTCUSDT,sflow_480,0,0.0
1b_live,micro,10,BTCUSDT,sflow_480_xrank,0,0.0
1b_live,cross,10,BTCUSDT,own_ret_1,0,0.0
1b_live,cross,10,BTCUSDT,btc_ret_1,0,0.0
1b_live,cross,10,BTCUSDT,eth_ret_1,0,0.0
1b_live,cross,10,BTCUSDT,mkt_ret_1,0,0.0
1b_live,cross,10,BTCUSDT,breadth_1,0,0.0
1b_live,cross,10,BTCUSDT,disp_1,0,0.0
1b_live,cross,10,BTCUSDT,relstr_1,0,0.0
1b_live,cross,10,BTCUSDT,rank_1,0,0.0
1b_live,cross,10,BTCUSDT,btc_minus_own_1,0,0.0
1b_live,cross,10,BTCUSDT,eth_minus_own_1,0,0.0
1b_live,cross,10,BTCUSDT,own_ret_5,0,0.0
1b_live,cross,10,BTCUSDT,btc_ret_5,0,0.0
1b_live,cross,10,BTCUSDT,eth_ret_5,0,0.0
1b_live,cross,10,BTCUSDT,mkt_ret_5,0,0.0
1b_live,cross,10,BTCUSDT,breadth_5,0,0.0
1b_live,cross,10,BTCUSDT,disp_5,0,0.0
1b_live,cross,10,BTCUSDT,relstr_5,0,0.0
1b_live,cross,10,BTCUSDT,rank_5,0,0.0
1b_live,cross,10,BTCUSDT,btc_minus_own_5,0,0.0
1b_live,cross,10,BTCUSDT,eth_minus_own_5,0,0.0
1b_live,cross,10,BTCUSDT,own_ret_15,0,0.0
1b_live,cross,10,BTCUSDT,btc_ret_15,0,0.0
1b_live,cross,10,BTCUSDT,eth_ret_15,0,0.0
1b_live,cross,10,BTCUSDT,mkt_ret_15,0,0.0
1b_live,cross,10,BTCUSDT,breadth_15,0,0.0
1b_live,cross,10,BTCUSDT,disp_15,0,0.0
1b_live,cross,10,BTCUSDT,relstr_15,0,0.0
1b_live,cross,10,BTCUSDT,rank_15,0,0.0
1b_live,cross,10,BTCUSDT,btc_minus_own_15,0,0.0
1b_live,cross,10,BTCUSDT,eth_minus_own_15,0,0.0
1b_live,cross,10,BTCUSDT,own_ret_30,0,0.0
1b_live,cross,10,BTCUSDT,btc_ret_30,0,0.0
1b_live,cross,10,BTCUSDT,eth_ret_30,0,0.0
1b_live,cross,10,BTCUSDT,mkt_ret_30,0,0.0
1b_live,cross,10,BTCUSDT,breadth_30,0,0.0
1b_live,cross,10,BTCUSDT,disp_30,0,0.0
1b_live,cross,10,BTCUSDT,relstr_30,0,0.0
1b_live,cross,10,BTCUSDT,rank_30,0,0.0
1b_live,cross,10,BTCUSDT,btc_minus_own_30,0,0.0
1b_live,cross,10,BTCUSDT,eth_minus_own_30,0,0.0
1b_live,cross,10,BTCUSDT,own_ret_60,0,0.0
1b_live,cross,10,BTCUSDT,btc_ret_60,0,0.0
1b_live,cross,10,BTCUSDT,eth_ret_60,0,0.0
1b_live,cross,10,BTCUSDT,mkt_ret_60,0,0.0
1b_live,cross,10,BTCUSDT,breadth_60,0,0.0
1b_live,cross,10,BTCUSDT,disp_60,0,0.0
1b_live,cross,10,BTCUSDT,relstr_60,0,0.0
1b_live,cross,10,BTCUSDT,rank_60,0,0.0
1b_live,cross,10,BTCUSDT,btc_minus_own_60,0,0.0
1b_live,cross,10,BTCUSDT,eth_minus_own_60,0,0.0
1b_live,cross,10,BTCUSDT,own_ret_180,0,0.0
1b_live,cross,10,BTCUSDT,btc_ret_180,0,0.0
1b_live,cross,10,BTCUSDT,eth_ret_180,0,0.0
1b_live,cross,10,BTCUSDT,mkt_ret_180,0,0.0
1b_live,cross,10,BTCUSDT,breadth_180,0,0.0
1b_live,cross,10,BTCUSDT,disp_180,0,0.0
1b_live,cross,10,BTCUSDT,relstr_180,0,0.0
1b_live,cross,10,BTCUSDT,rank_180,0,0.0
1b_live,cross,10,BTCUSDT,btc_minus_own_180,0,0.0
1b_live,cross,10,BTCUSDT,eth_minus_own_180,0,0.0
1b_live,cross,10,BTCUSDT,own_ret_360,0,0.0
1b_live,cross,10,BTCUSDT,btc_ret_360,0,0.0
1b_live,cross,10,BTCUSDT,eth_ret_360,0,0.0
1b_live,cross,10,BTCUSDT,mkt_ret_360,0,0.0
1b_live,cross,10,BTCUSDT,breadth_360,0,0.0
1b_live,cross,10,BTCUSDT,disp_360,0,0.0
1b_live,cross,10,BTCUSDT,relstr_360,0,0.0
1b_live,cross,10,BTCUSDT,rank_360,0,0.0
1b_live,cross,10,BTCUSDT,btc_minus_own_360,0,0.0
1b_live,cross,10,BTCUSDT,eth_minus_own_360,0,0.0
1b_live,cross,10,BTCUSDT,own_ret_720,0,0.0
1b_live,cross,10,BTCUSDT,btc_ret_720,0,0.0
1b_live,cross,10,BTCUSDT,eth_ret_720,0,0.0
1b_live,cross,10,BTCUSDT,mkt_ret_720,0,0.0
1b_live,cross,10,BTCUSDT,breadth_720,0,0.0
1b_live,cross,10,BTCUSDT,disp_720,0,0.0
1b_live,cross,10,BTCUSDT,relstr_720,0,0.0
1b_live,cross,10,BTCUSDT,rank_720,0,0.0
1b_live,cross,10,BTCUSDT,btc_minus_own_720,0,0.0
1b_live,cross,10,BTCUSDT,eth_minus_own_720,0,0.0
1b_live,cross,10,BTCUSDT,own_ret_1440,0,0.0
1b_live,cross,10,BTCUSDT,btc_ret_1440,0,0.0
1b_live,cross,10,BTCUSDT,eth_ret_1440,0,0.0
1b_live,cross,10,BTCUSDT,mkt_ret_1440,0,0.0
1b_live,cross,10,BTCUSDT,breadth_1440,0,0.0
1b_live,cross,10,BTCUSDT,disp_1440,0,0.0
1b_live,cross,10,BTCUSDT,relstr_1440,0,0.0
1b_live,cross,10,BTCUSDT,rank_1440,0,0.0
1b_live,cross,10,BTCUSDT,btc_minus_own_1440,0,0.0
1b_live,cross,10,BTCUSDT,eth_minus_own_1440,0,0.0
1b_live,micro,10,DOGEUSDT,rskew_30,0,6.559796261740303e-09
1b_live,micro,10,DOGEUSDT,rskew_30_xrank,0,0.0
1b_live,micro,10,DOGEUSDT,rkurt_30,0,3.250728696002625e-06
1b_live,micro,10,DOGEUSDT,rkurt_30_xrank,0,0.0
1b_live,micro,10,DOGEUSDT,roll_30,0,0.0
1b_live,micro,10,DOGEUSDT,roll_30_xrank,0,0.0
1b_live,micro,10,DOGEUSDT,amihud_30,0,0.0
1b_live,micro,10,DOGEUSDT,amihud_30_xrank,0,0.0
1b_live,micro,10,DOGEUSDT,kyle_30,0,3.9794080919364205e-08
1b_live,micro,10,DOGEUSDT,kyle_30_xrank,0,0.0
1b_live,micro,10,DOGEUSDT,vpin_30,0,0.0
1b_live,micro,10,DOGEUSDT,vpin_30_xrank,0,0.0
1b_live,micro,10,DOGEUSDT,jump_30,0,0.0
1b_live,micro,10,DOGEUSDT,jump_30_xrank,0,0.0
1b_live,micro,10,DOGEUSDT,vratio_30,0,0.0
1b_live,micro,10,DOGEUSDT,vratio_30_xrank,0,0.0
1b_live,micro,10,DOGEUSDT,cvd_slope_30,0,0.0
1b_live,micro,10,DOGEUSDT,cvd_slope_30_xrank,0,0.0
1b_live,micro,10,DOGEUSDT,signac_30,0,0.0
1b_live,micro,10,DOGEUSDT,signac_30_xrank,0,0.0
1b_live,micro,10,DOGEUSDT,sflow_30,0,0.0
1b_live,micro,10,DOGEUSDT,sflow_30_xrank,0,0.0
1b_live,micro,10,DOGEUSDT,rskew_120,0,0.0
1b_live,micro,10,DOGEUSDT,rskew_120_xrank,0,0.0
1b_live,micro,10,DOGEUSDT,rkurt_120,0,8.670087225937095e-08
1b_live,micro,10,DOGEUSDT,rkurt_120_xrank,0,0.0
1b_live,micro,10,DOGEUSDT,roll_120,0,0.0
1b_live,micro,10,DOGEUSDT,roll_120_xrank,0,0.0
1b_live,micro,10,DOGEUSDT,amihud_120,0,0.0
1b_live,micro,10,DOGEUSDT,amihud_120_xrank,0,0.0
1b_live,micro,10,DOGEUSDT,kyle_120,0,0.0
1b_live,micro,10,DOGEUSDT,kyle_120_xrank,0,0.0
1b_live,micro,10,DOGEUSDT,vpin_120,0,0.0
1b_live,micro,10,DOGEUSDT,vpin_120_xrank,0,0.0
1b_live,micro,10,DOGEUSDT,jump_120,0,2.7498744614717907e-08
1b_live,micro,10,DOGEUSDT,jump_120_xrank,0,0.0
1b_live,micro,10,DOGEUSDT,vratio_120,0,0.0
1b_live,micro,10,DOGEUSDT,vratio_120_xrank,0,0.0
1b_live,micro,10,DOGEUSDT,cvd_slope_120,0,0.0
1b_live,micro,10,DOGEUSDT,cvd_slope_120_xrank,0,0.0
1b_live,micro,10,DOGEUSDT,signac_120,0,0.0
1b_live,micro,10,DOGEUSDT,signac_120_xrank,0,0.0
1b_live,micro,10,DOGEUSDT,sflow_120,0,0.0
1b_live,micro,10,DOGEUSDT,sflow_120_xrank,0,0.0
1b_live,micro,10,DOGEUSDT,rskew_480,0,1.525209825103957e-08
1b_live,micro,10,DOGEUSDT,rskew_480_xrank,0,0.0
1b_live,micro,10,DOGEUSDT,rkurt_480,0,5.491537180546402e-08
1b_live,micro,10,DOGEUSDT,rkurt_480_xrank,0,0.0
1b_live,micro,10,DOGEUSDT,roll_480,0,0.0
1b_live,micro,10,DOGEUSDT,roll_480_xrank,0,0.0
1b_live,micro,10,DOGEUSDT,amihud_480,0,0.0
1b_live,micro,10,DOGEUSDT,amihud_480_xrank,0,0.0
1b_live,micro,10,DOGEUSDT,kyle_480,0,0.0
1b_live,micro,10,DOGEUSDT,kyle_480_xrank,0,0.0
1b_live,micro,10,DOGEUSDT,vpin_480,0,0.0
1b_live,micro,10,DOGEUSDT,vpin_480_xrank,0,0.0
1b_live,micro,10,DOGEUSDT,jump_480,0,2.6720270440705463e-09
1b_live,micro,10,DOGEUSDT,jump_480_xrank,0,0.0
1b_live,micro,10,DOGEUSDT,vratio_480,0,0.0
1b_live,micro,10,DOGEUSDT,vratio_480_xrank,0,0.0
1b_live,micro,10,DOGEUSDT,cvd_slope_480,0,0.0
1b_live,micro,10,DOGEUSDT,cvd_slope_480_xrank,0,0.0
1b_live,micro,10,DOGEUSDT,signac_480,0,0.0
1b_live,micro,10,DOGEUSDT,signac_480_xrank,0,0.0
1b_live,micro,10,DOGEUSDT,sflow_480,0,0.0
1b_live,micro,10,DOGEUSDT,sflow_480_xrank,0,0.0
1b_live,cross,10,DOGEUSDT,own_ret_1,0,0.0
1b_live,cross,10,DOGEUSDT,btc_ret_1,0,0.0
1b_live,cross,10,DOGEUSDT,eth_ret_1,0,0.0
1b_live,cross,10,DOGEUSDT,mkt_ret_1,0,0.0
1b_live,cross,10,DOGEUSDT,breadth_1,0,0.0
1b_live,cross,10,DOGEUSDT,disp_1,0,0.0
1b_live,cross,10,DOGEUSDT,relstr_1,0,0.0
1b_live,cross,10,DOGEUSDT,rank_1,0,0.0
1b_live,cross,10,DOGEUSDT,btc_minus_own_1,0,0.0
1b_live,cross,10,DOGEUSDT,eth_minus_own_1,0,0.0
1b_live,cross,10,DOGEUSDT,own_ret_5,0,0.0
1b_live,cross,10,DOGEUSDT,btc_ret_5,0,0.0
1b_live,cross,10,DOGEUSDT,eth_ret_5,0,0.0
1b_live,cross,10,DOGEUSDT,mkt_ret_5,0,0.0
1b_live,cross,10,DOGEUSDT,breadth_5,0,0.0
1b_live,cross,10,DOGEUSDT,disp_5,0,0.0
1b_live,cross,10,DOGEUSDT,relstr_5,0,0.0
1b_live,cross,10,DOGEUSDT,rank_5,0,0.0
1b_live,cross,10,DOGEUSDT,btc_minus_own_5,0,0.0
1b_live,cross,10,DOGEUSDT,eth_minus_own_5,0,0.0
1b_live,cross,10,DOGEUSDT,own_ret_15,0,0.0
1b_live,cross,10,DOGEUSDT,btc_ret_15,0,0.0
1b_live,cross,10,DOGEUSDT,eth_ret_15,0,0.0
1b_live,cross,10,DOGEUSDT,mkt_ret_15,0,0.0
1b_live,cross,10,DOGEUSDT,breadth_15,0,0.0
1b_live,cross,10,DOGEUSDT,disp_15,0,0.0
1b_live,cross,10,DOGEUSDT,relstr_15,0,0.0
1b_live,cross,10,DOGEUSDT,rank_15,0,0.0
1b_live,cross,10,DOGEUSDT,btc_minus_own_15,0,0.0
1b_live,cross,10,DOGEUSDT,eth_minus_own_15,0,0.0
1b_live,cross,10,DOGEUSDT,own_ret_30,0,0.0
1b_live,cross,10,DOGEUSDT,btc_ret_30,0,0.0
1b_live,cross,10,DOGEUSDT,eth_ret_30,0,0.0
1b_live,cross,10,DOGEUSDT,mkt_ret_30,0,0.0
1b_live,cross,10,DOGEUSDT,breadth_30,0,0.0
1b_live,cross,10,DOGEUSDT,disp_30,0,0.0
1b_live,cross,10,DOGEUSDT,relstr_30,0,0.0
1b_live,cross,10,DOGEUSDT,rank_30,0,0.0
1b_live,cross,10,DOGEUSDT,btc_minus_own_30,0,0.0
1b_live,cross,10,DOGEUSDT,eth_minus_own_30,0,0.0
1b_live,cross,10,DOGEUSDT,own_ret_60,0,0.0
1b_live,cross,10,DOGEUSDT,btc_ret_60,0,0.0
1b_live,cross,10,DOGEUSDT,eth_ret_60,0,0.0
1b_live,cross,10,DOGEUSDT,mkt_ret_60,0,0.0
1b_live,cross,10,DOGEUSDT,breadth_60,0,0.0
1b_live,cross,10,DOGEUSDT,disp_60,0,0.0
1b_live,cross,10,DOGEUSDT,relstr_60,0,0.0
1b_live,cross,10,DOGEUSDT,rank_60,0,0.0
1b_live,cross,10,DOGEUSDT,btc_minus_own_60,0,0.0
1b_live,cross,10,DOGEUSDT,eth_minus_own_60,0,0.0
1b_live,cross,10,DOGEUSDT,own_ret_180,0,0.0
1b_live,cross,10,DOGEUSDT,btc_ret_180,0,0.0
1b_live,cross,10,DOGEUSDT,eth_ret_180,0,0.0
1b_live,cross,10,DOGEUSDT,mkt_ret_180,0,0.0
1b_live,cross,10,DOGEUSDT,breadth_180,0,0.0
1b_live,cross,10,DOGEUSDT,disp_180,0,0.0
1b_live,cross,10,DOGEUSDT,relstr_180,0,0.0
1b_live,cross,10,DOGEUSDT,rank_180,0,0.0
1b_live,cross,10,DOGEUSDT,btc_minus_own_180,0,0.0
1b_live,cross,10,DOGEUSDT,eth_minus_own_180,0,0.0
1b_live,cross,10,DOGEUSDT,own_ret_360,0,0.0
1b_live,cross,10,DOGEUSDT,btc_ret_360,0,0.0
1b_live,cross,10,DOGEUSDT,eth_ret_360,0,0.0
1b_live,cross,10,DOGEUSDT,mkt_ret_360,0,0.0
1b_live,cross,10,DOGEUSDT,breadth_360,0,0.0
1b_live,cross,10,DOGEUSDT,disp_360,0,0.0
1b_live,cross,10,DOGEUSDT,relstr_360,0,0.0
1b_live,cross,10,DOGEUSDT,rank_360,0,0.0
1b_live,cross,10,DOGEUSDT,btc_minus_own_360,0,0.0
1b_live,cross,10,DOGEUSDT,eth_minus_own_360,0,0.0
1b_live,cross,10,DOGEUSDT,own_ret_720,0,0.0
1b_live,cross,10,DOGEUSDT,btc_ret_720,0,0.0
1b_live,cross,10,DOGEUSDT,eth_ret_720,0,0.0
1b_live,cross,10,DOGEUSDT,mkt_ret_720,0,0.0
1b_live,cross,10,DOGEUSDT,breadth_720,0,0.0
1b_live,cross,10,DOGEUSDT,disp_720,0,0.0
1b_live,cross,10,DOGEUSDT,relstr_720,0,0.0
1b_live,cross,10,DOGEUSDT,rank_720,0,0.0
1b_live,cross,10,DOGEUSDT,btc_minus_own_720,0,0.0
1b_live,cross,10,DOGEUSDT,eth_minus_own_720,0,0.0
1b_live,cross,10,DOGEUSDT,own_ret_1440,0,0.0
1b_live,cross,10,DOGEUSDT,btc_ret_1440,0,0.0
1b_live,cross,10,DOGEUSDT,eth_ret_1440,0,0.0
1b_live,cross,10,DOGEUSDT,mkt_ret_1440,0,0.0
1b_live,cross,10,DOGEUSDT,breadth_1440,0,0.0
1b_live,cross,10,DOGEUSDT,disp_1440,0,0.0
1b_live,cross,10,DOGEUSDT,relstr_1440,0,0.0
1b_live,cross,10,DOGEUSDT,rank_1440,0,0.0
1b_live,cross,10,DOGEUSDT,btc_minus_own_1440,0,0.0
1b_live,cross,10,DOGEUSDT,eth_minus_own_1440,0,0.0
1b_live,micro,10,DOTUSDT,rskew_30,0,1.7367742799478947e-08
1b_live,micro,10,DOTUSDT,rskew_30_xrank,0,0.0
1b_live,micro,10,DOTUSDT,rkurt_30,0,3.3863882435980486e-06
1b_live,micro,10,DOTUSDT,rkurt_30_xrank,0,0.0
1b_live,micro,10,DOTUSDT,roll_30,0,0.0
1b_live,micro,10,DOTUSDT,roll_30_xrank,0,0.0
1b_live,micro,10,DOTUSDT,amihud_30,0,0.0
1b_live,micro,10,DOTUSDT,amihud_30_xrank,0,0.0
1b_live,micro,10,DOTUSDT,kyle_30,0,1.7120738604603503e-08
1b_live,micro,10,DOTUSDT,kyle_30_xrank,0,0.0
1b_live,micro,10,DOTUSDT,vpin_30,0,0.0
1b_live,micro,10,DOTUSDT,vpin_30_xrank,0,0.0
1b_live,micro,10,DOTUSDT,jump_30,0,8.309382515392372e-09
1b_live,micro,10,DOTUSDT,jump_30_xrank,0,0.0
1b_live,micro,10,DOTUSDT,vratio_30,0,0.0
1b_live,micro,10,DOTUSDT,vratio_30_xrank,0,0.0
1b_live,micro,10,DOTUSDT,cvd_slope_30,0,1.793697101959424e-08
1b_live,micro,10,DOTUSDT,cvd_slope_30_xrank,0,0.0
1b_live,micro,10,DOTUSDT,signac_30,0,0.0
1b_live,micro,10,DOTUSDT,signac_30_xrank,0,0.0
1b_live,micro,10,DOTUSDT,sflow_30,0,0.0
1b_live,micro,10,DOTUSDT,sflow_30_xrank,0,0.0
1b_live,micro,10,DOTUSDT,rskew_120,0,7.341101948554751e-09
1b_live,micro,10,DOTUSDT,rskew_120_xrank,0,0.0
1b_live,micro,10,DOTUSDT,rkurt_120,0,5.699104477230321e-08
1b_live,micro,10,DOTUSDT,rkurt_120_xrank,0,0.0
1b_live,micro,10,DOTUSDT,roll_120,0,0.0
1b_live,micro,10,DOTUSDT,roll_120_xrank,0,0.0
1b_live,micro,10,DOTUSDT,amihud_120,0,0.0
1b_live,micro,10,DOTUSDT,amihud_120_xrank,0,0.0
1b_live,micro,10,DOTUSDT,kyle_120,0,0.0
1b_live,micro,10,DOTUSDT,kyle_120_xrank,0,0.0
1b_live,micro,10,DOTUSDT,vpin_120,0,0.0
1b_live,micro,10,DOTUSDT,vpin_120_xrank,0,0.0
1b_live,micro,10,DOTUSDT,jump_120,0,1.4528288794224409e-08
1b_live,micro,10,DOTUSDT,jump_120_xrank,0,0.0
1b_live,micro,10,DOTUSDT,vratio_120,0,0.0
1b_live,micro,10,DOTUSDT,vratio_120_xrank,0,0.0
1b_live,micro,10,DOTUSDT,cvd_slope_120,0,6.010838404790775e-08
1b_live,micro,10,DOTUSDT,cvd_slope_120_xrank,0,0.0
1b_live,micro,10,DOTUSDT,signac_120,0,0.0
1b_live,micro,10,DOTUSDT,signac_120_xrank,0,0.0
1b_live,micro,10,DOTUSDT,sflow_120,0,0.0
1b_live,micro,10,DOTUSDT,sflow_120_xrank,0,0.0
1b_live,micro,10,DOTUSDT,rskew_480,0,1.214238265490053e-09
1b_live,micro,10,DOTUSDT,rskew_480_xrank,0,0.0
1b_live,micro,10,DOTUSDT,rkurt_480,0,6.614788361503088e-08
1b_live,micro,10,DOTUSDT,rkurt_480_xrank,0,0.0
1b_live,micro,10,DOTUSDT,roll_480,0,0.0
1b_live,micro,10,DOTUSDT,roll_480_xrank,0,0.0
1b_live,micro,10,DOTUSDT,amihud_480,0,0.0
1b_live,micro,10,DOTUSDT,amihud_480_xrank,0,0.0
1b_live,micro,10,DOTUSDT,kyle_480,0,0.0
1b_live,micro,10,DOTUSDT,kyle_480_xrank,0,0.0
1b_live,micro,10,DOTUSDT,vpin_480,0,7.034949334183693e-08
1b_live,micro,10,DOTUSDT,vpin_480_xrank,0,0.0
1b_live,micro,10,DOTUSDT,jump_480,0,1.3671000331783034e-08
1b_live,micro,10,DOTUSDT,jump_480_xrank,0,0.0
1b_live,micro,10,DOTUSDT,vratio_480,0,0.0
1b_live,micro,10,DOTUSDT,vratio_480_xrank,0,0.0
1b_live,micro,10,DOTUSDT,cvd_slope_480,0,0.0
1b_live,micro,10,DOTUSDT,cvd_slope_480_xrank,0,0.0
1b_live,micro,10,DOTUSDT,signac_480,0,0.0
1b_live,micro,10,DOTUSDT,signac_480_xrank,0,0.0
1b_live,micro,10,DOTUSDT,sflow_480,0,0.0
1b_live,micro,10,DOTUSDT,sflow_480_xrank,0,0.0
1b_live,cross,10,DOTUSDT,own_ret_1,0,0.0
1b_live,cross,10,DOTUSDT,btc_ret_1,0,0.0
1b_live,cross,10,DOTUSDT,eth_ret_1,0,0.0
1b_live,cross,10,DOTUSDT,mkt_ret_1,0,0.0
1b_live,cross,10,DOTUSDT,breadth_1,0,0.0
1b_live,cross,10,DOTUSDT,disp_1,0,0.0
1b_live,cross,10,DOTUSDT,relstr_1,0,0.0
1b_live,cross,10,DOTUSDT,rank_1,0,0.0
1b_live,cross,10,DOTUSDT,btc_minus_own_1,0,0.0
1b_live,cross,10,DOTUSDT,eth_minus_own_1,0,0.0
1b_live,cross,10,DOTUSDT,own_ret_5,0,0.0
1b_live,cross,10,DOTUSDT,btc_ret_5,0,0.0
1b_live,cross,10,DOTUSDT,eth_ret_5,0,0.0
1b_live,cross,10,DOTUSDT,mkt_ret_5,0,0.0
1b_live,cross,10,DOTUSDT,breadth_5,0,0.0
1b_live,cross,10,DOTUSDT,disp_5,0,0.0
1b_live,cross,10,DOTUSDT,relstr_5,0,0.0
1b_live,cross,10,DOTUSDT,rank_5,0,0.0
1b_live,cross,10,DOTUSDT,btc_minus_own_5,0,0.0
1b_live,cross,10,DOTUSDT,eth_minus_own_5,0,0.0
1b_live,cross,10,DOTUSDT,own_ret_15,0,0.0
1b_live,cross,10,DOTUSDT,btc_ret_15,0,0.0
1b_live,cross,10,DOTUSDT,eth_ret_15,0,0.0
1b_live,cross,10,DOTUSDT,mkt_ret_15,0,0.0
1b_live,cross,10,DOTUSDT,breadth_15,0,0.0
1b_live,cross,10,DOTUSDT,disp_15,0,0.0
1b_live,cross,10,DOTUSDT,relstr_15,0,0.0
1b_live,cross,10,DOTUSDT,rank_15,0,0.0
1b_live,cross,10,DOTUSDT,btc_minus_own_15,0,0.0
1b_live,cross,10,DOTUSDT,eth_minus_own_15,0,0.0
1b_live,cross,10,DOTUSDT,own_ret_30,0,0.0
1b_live,cross,10,DOTUSDT,btc_ret_30,0,0.0
1b_live,cross,10,DOTUSDT,eth_ret_30,0,0.0
1b_live,cross,10,DOTUSDT,mkt_ret_30,0,0.0
1b_live,cross,10,DOTUSDT,breadth_30,0,0.0
1b_live,cross,10,DOTUSDT,disp_30,0,0.0
1b_live,cross,10,DOTUSDT,relstr_30,0,0.0
1b_live,cross,10,DOTUSDT,rank_30,0,0.0
1b_live,cross,10,DOTUSDT,btc_minus_own_30,0,0.0
1b_live,cross,10,DOTUSDT,eth_minus_own_30,0,0.0
1b_live,cross,10,DOTUSDT,own_ret_60,0,0.0
1b_live,cross,10,DOTUSDT,btc_ret_60,0,0.0
1b_live,cross,10,DOTUSDT,eth_ret_60,0,0.0
1b_live,cross,10,DOTUSDT,mkt_ret_60,0,0.0
1b_live,cross,10,DOTUSDT,breadth_60,0,0.0
1b_live,cross,10,DOTUSDT,disp_60,0,0.0
1b_live,cross,10,DOTUSDT,relstr_60,0,0.0
1b_live,cross,10,DOTUSDT,rank_60,0,0.0
1b_live,cross,10,DOTUSDT,btc_minus_own_60,0,0.0
1b_live,cross,10,DOTUSDT,eth_minus_own_60,0,0.0
1b_live,cross,10,DOTUSDT,own_ret_180,0,0.0
1b_live,cross,10,DOTUSDT,btc_ret_180,0,0.0
1b_live,cross,10,DOTUSDT,eth_ret_180,0,0.0
1b_live,cross,10,DOTUSDT,mkt_ret_180,0,0.0
1b_live,cross,10,DOTUSDT,breadth_180,0,0.0
1b_live,cross,10,DOTUSDT,disp_180,0,0.0
1b_live,cross,10,DOTUSDT,relstr_180,0,0.0
1b_live,cross,10,DOTUSDT,rank_180,0,0.0
1b_live,cross,10,DOTUSDT,btc_minus_own_180,0,0.0
1b_live,cross,10,DOTUSDT,eth_minus_own_180,0,0.0
1b_live,cross,10,DOTUSDT,own_ret_360,0,0.0
1b_live,cross,10,DOTUSDT,btc_ret_360,0,0.0
1b_live,cross,10,DOTUSDT,eth_ret_360,0,0.0
1b_live,cross,10,DOTUSDT,mkt_ret_360,0,0.0
1b_live,cross,10,DOTUSDT,breadth_360,0,0.0
1b_live,cross,10,DOTUSDT,disp_360,0,0.0
1b_live,cross,10,DOTUSDT,relstr_360,0,0.0
1b_live,cross,10,DOTUSDT,rank_360,0,0.0
1b_live,cross,10,DOTUSDT,btc_minus_own_360,0,0.0
1b_live,cross,10,DOTUSDT,eth_minus_own_360,0,0.0
1b_live,cross,10,DOTUSDT,own_ret_720,0,0.0
1b_live,cross,10,DOTUSDT,btc_ret_720,0,0.0
1b_live,cross,10,DOTUSDT,eth_ret_720,0,0.0
1b_live,cross,10,DOTUSDT,mkt_ret_720,0,0.0
1b_live,cross,10,DOTUSDT,breadth_720,0,0.0
1b_live,cross,10,DOTUSDT,disp_720,0,0.0
1b_live,cross,10,DOTUSDT,relstr_720,0,0.0
1b_live,cross,10,DOTUSDT,rank_720,0,0.0
1b_live,cross,10,DOTUSDT,btc_minus_own_720,0,0.0
1b_live,cross,10,DOTUSDT,eth_minus_own_720,0,0.0
1b_live,cross,10,DOTUSDT,own_ret_1440,0,0.0
1b_live,cross,10,DOTUSDT,btc_ret_1440,0,0.0
1b_live,cross,10,DOTUSDT,eth_ret_1440,0,0.0
1b_live,cross,10,DOTUSDT,mkt_ret_1440,0,0.0
1b_live,cross,10,DOTUSDT,breadth_1440,0,0.0
1b_live,cross,10,DOTUSDT,disp_1440,0,0.0
1b_live,cross,10,DOTUSDT,relstr_1440,0,0.0
1b_live,cross,10,DOTUSDT,rank_1440,0,0.0
1b_live,cross,10,DOTUSDT,btc_minus_own_1440,0,0.0
1b_live,cross,10,DOTUSDT,eth_minus_own_1440,0,0.0
1b_live,micro,10,ETHUSDT,rskew_30,0,8.533904249929947e-09
1b_live,micro,10,ETHUSDT,rskew_30_xrank,0,0.0
1b_live,micro,10,ETHUSDT,rkurt_30,0,2.500446271369583e-06
1b_live,micro,10,ETHUSDT,rkurt_30_xrank,0,0.0
1b_live,micro,10,ETHUSDT,roll_30,0,0.0
1b_live,micro,10,ETHUSDT,roll_30_xrank,0,0.0
1b_live,micro,10,ETHUSDT,amihud_30,0,0.0
1b_live,micro,10,ETHUSDT,amihud_30_xrank,0,0.0
1b_live,micro,10,ETHUSDT,kyle_30,0,0.0
1b_live,micro,10,ETHUSDT,kyle_30_xrank,0,0.0
1b_live,micro,10,ETHUSDT,vpin_30,0,0.0
1b_live,micro,10,ETHUSDT,vpin_30_xrank,0,0.0
1b_live,micro,10,ETHUSDT,jump_30,0,2.1403874228553832e-08
1b_live,micro,10,ETHUSDT,jump_30_xrank,0,0.0
1b_live,micro,10,ETHUSDT,vratio_30,0,0.0
1b_live,micro,10,ETHUSDT,vratio_30_xrank,0,0.0
1b_live,micro,10,ETHUSDT,cvd_slope_30,0,0.0
1b_live,micro,10,ETHUSDT,cvd_slope_30_xrank,0,0.0
1b_live,micro,10,ETHUSDT,signac_30,0,0.0
1b_live,micro,10,ETHUSDT,signac_30_xrank,0,0.0
1b_live,micro,10,ETHUSDT,sflow_30,0,0.0
1b_live,micro,10,ETHUSDT,sflow_30_xrank,0,0.0
1b_live,micro,10,ETHUSDT,rskew_120,0,6.6494814099371524e-09
1b_live,micro,10,ETHUSDT,rskew_120_xrank,0,0.0
1b_live,micro,10,ETHUSDT,rkurt_120,0,1.1125532495270818e-07
1b_live,micro,10,ETHUSDT,rkurt_120_xrank,0,0.0
1b_live,micro,10,ETHUSDT,roll_120,0,0.0
1b_live,micro,10,ETHUSDT,roll_120_xrank,0,0.0
1b_live,micro,10,ETHUSDT,amihud_120,0,0.0
1b_live,micro,10,ETHUSDT,amihud_120_xrank,0,0.0
1b_live,micro,10,ETHUSDT,kyle_120,0,0.0
1b_live,micro,10,ETHUSDT,kyle_120_xrank,0,0.0
1b_live,micro,10,ETHUSDT,vpin_120,0,0.0
1b_live,micro,10,ETHUSDT,vpin_120_xrank,0,0.0
1b_live,micro,10,ETHUSDT,jump_120,0,7.473238028410378e-09
1b_live,micro,10,ETHUSDT,jump_120_xrank,0,0.0
1b_live,micro,10,ETHUSDT,vratio_120,0,0.0
1b_live,micro,10,ETHUSDT,vratio_120_xrank,0,0.0
1b_live,micro,10,ETHUSDT,cvd_slope_120,0,0.0
1b_live,micro,10,ETHUSDT,cvd_slope_120_xrank,0,0.0
1b_live,micro,10,ETHUSDT,signac_120,0,0.0
1b_live,micro,10,ETHUSDT,signac_120_xrank,0,0.0
1b_live,micro,10,ETHUSDT,sflow_120,0,0.0
1b_live,micro,10,ETHUSDT,sflow_120_xrank,0,0.0
1b_live,micro,10,ETHUSDT,rskew_480,0,0.0
1b_live,micro,10,ETHUSDT,rskew_480_xrank,0,0.0
1b_live,micro,10,ETHUSDT,rkurt_480,0,5.321571450167539e-08
1b_live,micro,10,ETHUSDT,rkurt_480_xrank,0,0.0
1b_live,micro,10,ETHUSDT,roll_480,0,0.0
1b_live,micro,10,ETHUSDT,roll_480_xrank,0,0.0
1b_live,micro,10,ETHUSDT,amihud_480,0,0.0
1b_live,micro,10,ETHUSDT,amihud_480_xrank,0,0.0
1b_live,micro,10,ETHUSDT,kyle_480,0,0.0
1b_live,micro,10,ETHUSDT,kyle_480_xrank,0,0.0
1b_live,micro,10,ETHUSDT,vpin_480,0,0.0
1b_live,micro,10,ETHUSDT,vpin_480_xrank,0,0.0
1b_live,micro,10,ETHUSDT,jump_480,0,1.6553018955534071e-09
1b_live,micro,10,ETHUSDT,jump_480_xrank,0,0.0
1b_live,micro,10,ETHUSDT,vratio_480,0,0.0
1b_live,micro,10,ETHUSDT,vratio_480_xrank,0,0.0
1b_live,micro,10,ETHUSDT,cvd_slope_480,0,0.0
1b_live,micro,10,ETHUSDT,cvd_slope_480_xrank,0,0.0
1b_live,micro,10,ETHUSDT,signac_480,0,0.0
1b_live,micro,10,ETHUSDT,signac_480_xrank,0,0.0
1b_live,micro,10,ETHUSDT,sflow_480,0,0.0
1b_live,micro,10,ETHUSDT,sflow_480_xrank,0,0.0
1b_live,cross,10,ETHUSDT,own_ret_1,0,0.0
1b_live,cross,10,ETHUSDT,btc_ret_1,0,0.0
1b_live,cross,10,ETHUSDT,eth_ret_1,0,0.0
1b_live,cross,10,ETHUSDT,mkt_ret_1,0,0.0
1b_live,cross,10,ETHUSDT,breadth_1,0,0.0
1b_live,cross,10,ETHUSDT,disp_1,0,0.0
1b_live,cross,10,ETHUSDT,relstr_1,0,0.0
1b_live,cross,10,ETHUSDT,rank_1,0,0.0
1b_live,cross,10,ETHUSDT,btc_minus_own_1,0,0.0
1b_live,cross,10,ETHUSDT,eth_minus_own_1,0,0.0
1b_live,cross,10,ETHUSDT,own_ret_5,0,0.0
1b_live,cross,10,ETHUSDT,btc_ret_5,0,0.0
1b_live,cross,10,ETHUSDT,eth_ret_5,0,0.0
1b_live,cross,10,ETHUSDT,mkt_ret_5,0,0.0
1b_live,cross,10,ETHUSDT,breadth_5,0,0.0
1b_live,cross,10,ETHUSDT,disp_5,0,0.0
1b_live,cross,10,ETHUSDT,relstr_5,0,0.0
1b_live,cross,10,ETHUSDT,rank_5,0,0.0
1b_live,cross,10,ETHUSDT,btc_minus_own_5,0,0.0
1b_live,cross,10,ETHUSDT,eth_minus_own_5,0,0.0
1b_live,cross,10,ETHUSDT,own_ret_15,0,0.0
1b_live,cross,10,ETHUSDT,btc_ret_15,0,0.0
1b_live,cross,10,ETHUSDT,eth_ret_15,0,0.0
1b_live,cross,10,ETHUSDT,mkt_ret_15,0,0.0
1b_live,cross,10,ETHUSDT,breadth_15,0,0.0
1b_live,cross,10,ETHUSDT,disp_15,0,0.0
1b_live,cross,10,ETHUSDT,relstr_15,0,0.0
1b_live,cross,10,ETHUSDT,rank_15,0,0.0
1b_live,cross,10,ETHUSDT,btc_minus_own_15,0,0.0
1b_live,cross,10,ETHUSDT,eth_minus_own_15,0,0.0
1b_live,cross,10,ETHUSDT,own_ret_30,0,0.0
1b_live,cross,10,ETHUSDT,btc_ret_30,0,0.0
1b_live,cross,10,ETHUSDT,eth_ret_30,0,0.0
1b_live,cross,10,ETHUSDT,mkt_ret_30,0,0.0
1b_live,cross,10,ETHUSDT,breadth_30,0,0.0
1b_live,cross,10,ETHUSDT,disp_30,0,0.0
1b_live,cross,10,ETHUSDT,relstr_30,0,0.0
1b_live,cross,10,ETHUSDT,rank_30,0,0.0
1b_live,cross,10,ETHUSDT,btc_minus_own_30,0,0.0
1b_live,cross,10,ETHUSDT,eth_minus_own_30,0,0.0
1b_live,cross,10,ETHUSDT,own_ret_60,0,0.0
1b_live,cross,10,ETHUSDT,btc_ret_60,0,0.0
1b_live,cross,10,ETHUSDT,eth_ret_60,0,0.0
1b_live,cross,10,ETHUSDT,mkt_ret_60,0,0.0
1b_live,cross,10,ETHUSDT,breadth_60,0,0.0
1b_live,cross,10,ETHUSDT,disp_60,0,0.0
1b_live,cross,10,ETHUSDT,relstr_60,0,0.0
1b_live,cross,10,ETHUSDT,rank_60,0,0.0
1b_live,cross,10,ETHUSDT,btc_minus_own_60,0,0.0
1b_live,cross,10,ETHUSDT,eth_minus_own_60,0,0.0
1b_live,cross,10,ETHUSDT,own_ret_180,0,0.0
1b_live,cross,10,ETHUSDT,btc_ret_180,0,0.0
1b_live,cross,10,ETHUSDT,eth_ret_180,0,0.0
1b_live,cross,10,ETHUSDT,mkt_ret_180,0,0.0
1b_live,cross,10,ETHUSDT,breadth_180,0,0.0
1b_live,cross,10,ETHUSDT,disp_180,0,0.0
1b_live,cross,10,ETHUSDT,relstr_180,0,0.0
1b_live,cross,10,ETHUSDT,rank_180,0,0.0
1b_live,cross,10,ETHUSDT,btc_minus_own_180,0,0.0
1b_live,cross,10,ETHUSDT,eth_minus_own_180,0,0.0
1b_live,cross,10,ETHUSDT,own_ret_360,0,0.0
1b_live,cross,10,ETHUSDT,btc_ret_360,0,0.0
1b_live,cross,10,ETHUSDT,eth_ret_360,0,0.0
1b_live,cross,10,ETHUSDT,mkt_ret_360,0,0.0
1b_live,cross,10,ETHUSDT,breadth_360,0,0.0
1b_live,cross,10,ETHUSDT,disp_360,0,0.0
1b_live,cross,10,ETHUSDT,relstr_360,0,0.0
1b_live,cross,10,ETHUSDT,rank_360,0,0.0
1b_live,cross,10,ETHUSDT,btc_minus_own_360,0,0.0
1b_live,cross,10,ETHUSDT,eth_minus_own_360,0,0.0
1b_live,cross,10,ETHUSDT,own_ret_720,0,0.0
1b_live,cross,10,ETHUSDT,btc_ret_720,0,0.0
1b_live,cross,10,ETHUSDT,eth_ret_720,0,0.0
1b_live,cross,10,ETHUSDT,mkt_ret_720,0,0.0
1b_live,cross,10,ETHUSDT,breadth_720,0,0.0
1b_live,cross,10,ETHUSDT,disp_720,0,0.0
1b_live,cross,10,ETHUSDT,relstr_720,0,0.0
1b_live,cross,10,ETHUSDT,rank_720,0,0.0
1b_live,cross,10,ETHUSDT,btc_minus_own_720,0,0.0
1b_live,cross,10,ETHUSDT,eth_minus_own_720,0,0.0
1b_live,cross,10,ETHUSDT,own_ret_1440,0,0.0
1b_live,cross,10,ETHUSDT,btc_ret_1440,0,0.0
1b_live,cross,10,ETHUSDT,eth_ret_1440,0,0.0
1b_live,cross,10,ETHUSDT,mkt_ret_1440,0,0.0
1b_live,cross,10,ETHUSDT,breadth_1440,0,0.0
1b_live,cross,10,ETHUSDT,disp_1440,0,0.0
1b_live,cross,10,ETHUSDT,relstr_1440,0,0.0
1b_live,cross,10,ETHUSDT,rank_1440,0,0.0
1b_live,cross,10,ETHUSDT,btc_minus_own_1440,0,0.0
1b_live,cross,10,ETHUSDT,eth_minus_own_1440,0,0.0
1b_live,micro,10,LINKUSDT,rskew_30,0,7.392955692075986e-10
1b_live,micro,10,LINKUSDT,rskew_30_xrank,0,0.0
1b_live,micro,10,LINKUSDT,rkurt_30,0,3.1810867540116305e-07
1b_live,micro,10,LINKUSDT,rkurt_30_xrank,0,0.0
1b_live,micro,10,LINKUSDT,roll_30,0,0.0
1b_live,micro,10,LINKUSDT,roll_30_xrank,0,0.0
1b_live,micro,10,LINKUSDT,amihud_30,0,0.0
1b_live,micro,10,LINKUSDT,amihud_30_xrank,0,0.0
1b_live,micro,10,LINKUSDT,kyle_30,0,5.1292651903622755e-08
1b_live,micro,10,LINKUSDT,kyle_30_xrank,0,0.0
1b_live,micro,10,LINKUSDT,vpin_30,0,0.0
1b_live,micro,10,LINKUSDT,vpin_30_xrank,0,0.0
1b_live,micro,10,LINKUSDT,jump_30,0,7.818668379400151e-09
1b_live,micro,10,LINKUSDT,jump_30_xrank,0,0.0
1b_live,micro,10,LINKUSDT,vratio_30,0,0.0
1b_live,micro,10,LINKUSDT,vratio_30_xrank,0,0.0
1b_live,micro,10,LINKUSDT,cvd_slope_30,0,0.0
1b_live,micro,10,LINKUSDT,cvd_slope_30_xrank,0,0.0
1b_live,micro,10,LINKUSDT,signac_30,0,0.0
1b_live,micro,10,LINKUSDT,signac_30_xrank,0,0.0
1b_live,micro,10,LINKUSDT,sflow_30,0,0.0
1b_live,micro,10,LINKUSDT,sflow_30_xrank,0,0.0
1b_live,micro,10,LINKUSDT,rskew_120,0,0.0
1b_live,micro,10,LINKUSDT,rskew_120_xrank,0,0.0
1b_live,micro,10,LINKUSDT,rkurt_120,0,2.4717856206279976e-08
1b_live,micro,10,LINKUSDT,rkurt_120_xrank,0,0.0
1b_live,micro,10,LINKUSDT,roll_120,0,0.0
1b_live,micro,10,LINKUSDT,roll_120_xrank,0,0.0
1b_live,micro,10,LINKUSDT,amihud_120,0,0.0
1b_live,micro,10,LINKUSDT,amihud_120_xrank,0,0.0
1b_live,micro,10,LINKUSDT,kyle_120,0,0.0
1b_live,micro,10,LINKUSDT,kyle_120_xrank,0,0.0
1b_live,micro,10,LINKUSDT,vpin_120,0,0.0
1b_live,micro,10,LINKUSDT,vpin_120_xrank,0,0.0
1b_live,micro,10,LINKUSDT,jump_120,0,2.0713738280164762e-08
1b_live,micro,10,LINKUSDT,jump_120_xrank,0,0.0
1b_live,micro,10,LINKUSDT,vratio_120,0,0.0
1b_live,micro,10,LINKUSDT,vratio_120_xrank,0,0.0
1b_live,micro,10,LINKUSDT,cvd_slope_120,0,4.0235603043781154e-11
1b_live,micro,10,LINKUSDT,cvd_slope_120_xrank,0,0.0
1b_live,micro,10,LINKUSDT,signac_120,0,0.0
1b_live,micro,10,LINKUSDT,signac_120_xrank,0,0.0
1b_live,micro,10,LINKUSDT,sflow_120,0,0.0
1b_live,micro,10,LINKUSDT,sflow_120_xrank,0,0.0
1b_live,micro,10,LINKUSDT,rskew_480,0,0.0
1b_live,micro,10,LINKUSDT,rskew_480_xrank,0,0.0
1b_live,micro,10,LINKUSDT,rkurt_480,0,1.3747208704728564e-08
1b_live,micro,10,LINKUSDT,rkurt_480_xrank,0,0.0
1b_live,micro,10,LINKUSDT,roll_480,0,0.0
1b_live,micro,10,LINKUSDT,roll_480_xrank,0,0.0
1b_live,micro,10,LINKUSDT,amihud_480,0,0.0
1b_live,micro,10,LINKUSDT,amihud_480_xrank,0,0.0
1b_live,micro,10,LINKUSDT,kyle_480,0,0.0
1b_live,micro,10,LINKUSDT,kyle_480_xrank,0,0.0
1b_live,micro,10,LINKUSDT,vpin_480,0,0.0
1b_live,micro,10,LINKUSDT,vpin_480_xrank,0,0.0
1b_live,micro,10,LINKUSDT,jump_480,0,6.170787769654851e-10
1b_live,micro,10,LINKUSDT,jump_480_xrank,0,0.0
1b_live,micro,10,LINKUSDT,vratio_480,0,0.0
1b_live,micro,10,LINKUSDT,vratio_480_xrank,0,0.0
1b_live,micro,10,LINKUSDT,cvd_slope_480,0,0.0
1b_live,micro,10,LINKUSDT,cvd_slope_480_xrank,0,0.0
1b_live,micro,10,LINKUSDT,signac_480,0,0.0
1b_live,micro,10,LINKUSDT,signac_480_xrank,0,0.0
1b_live,micro,10,LINKUSDT,sflow_480,0,0.0
1b_live,micro,10,LINKUSDT,sflow_480_xrank,0,0.0
1b_live,cross,10,LINKUSDT,own_ret_1,0,0.0
1b_live,cross,10,LINKUSDT,btc_ret_1,0,0.0
1b_live,cross,10,LINKUSDT,eth_ret_1,0,0.0
1b_live,cross,10,LINKUSDT,mkt_ret_1,0,0.0
1b_live,cross,10,LINKUSDT,breadth_1,0,0.0
1b_live,cross,10,LINKUSDT,disp_1,0,0.0
1b_live,cross,10,LINKUSDT,relstr_1,0,0.0
1b_live,cross,10,LINKUSDT,rank_1,0,0.0
1b_live,cross,10,LINKUSDT,btc_minus_own_1,0,0.0
1b_live,cross,10,LINKUSDT,eth_minus_own_1,0,0.0
1b_live,cross,10,LINKUSDT,own_ret_5,0,0.0
1b_live,cross,10,LINKUSDT,btc_ret_5,0,0.0
1b_live,cross,10,LINKUSDT,eth_ret_5,0,0.0
1b_live,cross,10,LINKUSDT,mkt_ret_5,0,0.0
1b_live,cross,10,LINKUSDT,breadth_5,0,0.0
1b_live,cross,10,LINKUSDT,disp_5,0,0.0
1b_live,cross,10,LINKUSDT,relstr_5,0,0.0
1b_live,cross,10,LINKUSDT,rank_5,0,0.0
1b_live,cross,10,LINKUSDT,btc_minus_own_5,0,0.0
1b_live,cross,10,LINKUSDT,eth_minus_own_5,0,0.0
1b_live,cross,10,LINKUSDT,own_ret_15,0,0.0
1b_live,cross,10,LINKUSDT,btc_ret_15,0,0.0
1b_live,cross,10,LINKUSDT,eth_ret_15,0,0.0
1b_live,cross,10,LINKUSDT,mkt_ret_15,0,0.0
1b_live,cross,10,LINKUSDT,breadth_15,0,0.0
1b_live,cross,10,LINKUSDT,disp_15,0,0.0
1b_live,cross,10,LINKUSDT,relstr_15,0,0.0
1b_live,cross,10,LINKUSDT,rank_15,0,0.0
1b_live,cross,10,LINKUSDT,btc_minus_own_15,0,0.0
1b_live,cross,10,LINKUSDT,eth_minus_own_15,0,0.0
1b_live,cross,10,LINKUSDT,own_ret_30,0,0.0
1b_live,cross,10,LINKUSDT,btc_ret_30,0,0.0
1b_live,cross,10,LINKUSDT,eth_ret_30,0,0.0
1b_live,cross,10,LINKUSDT,mkt_ret_30,0,0.0
1b_live,cross,10,LINKUSDT,breadth_30,0,0.0
1b_live,cross,10,LINKUSDT,disp_30,0,0.0
1b_live,cross,10,LINKUSDT,relstr_30,0,0.0
1b_live,cross,10,LINKUSDT,rank_30,0,0.0
1b_live,cross,10,LINKUSDT,btc_minus_own_30,0,0.0
1b_live,cross,10,LINKUSDT,eth_minus_own_30,0,0.0
1b_live,cross,10,LINKUSDT,own_ret_60,0,0.0
1b_live,cross,10,LINKUSDT,btc_ret_60,0,0.0
1b_live,cross,10,LINKUSDT,eth_ret_60,0,0.0
1b_live,cross,10,LINKUSDT,mkt_ret_60,0,0.0
1b_live,cross,10,LINKUSDT,breadth_60,0,0.0
1b_live,cross,10,LINKUSDT,disp_60,0,0.0
1b_live,cross,10,LINKUSDT,relstr_60,0,0.0
1b_live,cross,10,LINKUSDT,rank_60,0,0.0
1b_live,cross,10,LINKUSDT,btc_minus_own_60,0,0.0
1b_live,cross,10,LINKUSDT,eth_minus_own_60,0,0.0
1b_live,cross,10,LINKUSDT,own_ret_180,0,0.0
1b_live,cross,10,LINKUSDT,btc_ret_180,0,0.0
1b_live,cross,10,LINKUSDT,eth_ret_180,0,0.0
1b_live,cross,10,LINKUSDT,mkt_ret_180,0,0.0
1b_live,cross,10,LINKUSDT,breadth_180,0,0.0
1b_live,cross,10,LINKUSDT,disp_180,0,0.0
1b_live,cross,10,LINKUSDT,relstr_180,0,0.0
1b_live,cross,10,LINKUSDT,rank_180,0,0.0
1b_live,cross,10,LINKUSDT,btc_minus_own_180,0,0.0
1b_live,cross,10,LINKUSDT,eth_minus_own_180,0,0.0
1b_live,cross,10,LINKUSDT,own_ret_360,0,0.0
1b_live,cross,10,LINKUSDT,btc_ret_360,0,0.0
1b_live,cross,10,LINKUSDT,eth_ret_360,0,0.0
1b_live,cross,10,LINKUSDT,mkt_ret_360,0,0.0
1b_live,cross,10,LINKUSDT,breadth_360,0,0.0
1b_live,cross,10,LINKUSDT,disp_360,0,0.0
1b_live,cross,10,LINKUSDT,relstr_360,0,0.0
1b_live,cross,10,LINKUSDT,rank_360,0,0.0
1b_live,cross,10,LINKUSDT,btc_minus_own_360,0,0.0
1b_live,cross,10,LINKUSDT,eth_minus_own_360,0,0.0
1b_live,cross,10,LINKUSDT,own_ret_720,0,0.0
1b_live,cross,10,LINKUSDT,btc_ret_720,0,0.0
1b_live,cross,10,LINKUSDT,eth_ret_720,0,0.0
1b_live,cross,10,LINKUSDT,mkt_ret_720,0,0.0
1b_live,cross,10,LINKUSDT,breadth_720,0,0.0
1b_live,cross,10,LINKUSDT,disp_720,0,0.0
1b_live,cross,10,LINKUSDT,relstr_720,0,0.0
1b_live,cross,10,LINKUSDT,rank_720,0,0.0
1b_live,cross,10,LINKUSDT,btc_minus_own_720,0,0.0
1b_live,cross,10,LINKUSDT,eth_minus_own_720,0,0.0
1b_live,cross,10,LINKUSDT,own_ret_1440,0,0.0
1b_live,cross,10,LINKUSDT,btc_ret_1440,0,0.0
1b_live,cross,10,LINKUSDT,eth_ret_1440,0,0.0
1b_live,cross,10,LINKUSDT,mkt_ret_1440,0,0.0
1b_live,cross,10,LINKUSDT,breadth_1440,0,0.0
1b_live,cross,10,LINKUSDT,disp_1440,0,0.0
1b_live,cross,10,LINKUSDT,relstr_1440,0,0.0
1b_live,cross,10,LINKUSDT,rank_1440,0,0.0
1b_live,cross,10,LINKUSDT,btc_minus_own_1440,0,0.0
1b_live,cross,10,LINKUSDT,eth_minus_own_1440,0,0.0
1b_live,micro,10,SOLUSDT,rskew_30,0,1.4471458698039896e-08
1b_live,micro,10,SOLUSDT,rskew_30_xrank,0,0.0
1b_live,micro,10,SOLUSDT,rkurt_30,0,1.9644578230781917e-07
1b_live,micro,10,SOLUSDT,rkurt_30_xrank,0,0.0
1b_live,micro,10,SOLUSDT,roll_30,0,0.0
1b_live,micro,10,SOLUSDT,roll_30_xrank,0,0.0
1b_live,micro,10,SOLUSDT,amihud_30,0,0.0
1b_live,micro,10,SOLUSDT,amihud_30_xrank,0,0.0
1b_live,micro,10,SOLUSDT,kyle_30,0,0.0
1b_live,micro,10,SOLUSDT,kyle_30_xrank,0,0.0
1b_live,micro,10,SOLUSDT,vpin_30,0,0.0
1b_live,micro,10,SOLUSDT,vpin_30_xrank,0,0.0
1b_live,micro,10,SOLUSDT,jump_30,0,5.546339831852265e-09
1b_live,micro,10,SOLUSDT,jump_30_xrank,0,0.0
1b_live,micro,10,SOLUSDT,vratio_30,0,0.0
1b_live,micro,10,SOLUSDT,vratio_30_xrank,0,0.0
1b_live,micro,10,SOLUSDT,cvd_slope_30,0,0.0
1b_live,micro,10,SOLUSDT,cvd_slope_30_xrank,0,0.0
1b_live,micro,10,SOLUSDT,signac_30,0,0.0
1b_live,micro,10,SOLUSDT,signac_30_xrank,0,0.0
1b_live,micro,10,SOLUSDT,sflow_30,0,0.0
1b_live,micro,10,SOLUSDT,sflow_30_xrank,0,0.0
1b_live,micro,10,SOLUSDT,rskew_120,0,1.8132342849419558e-10
1b_live,micro,10,SOLUSDT,rskew_120_xrank,0,0.0
1b_live,micro,10,SOLUSDT,rkurt_120,0,1.2449512531986784e-08
1b_live,micro,10,SOLUSDT,rkurt_120_xrank,0,0.0
1b_live,micro,10,SOLUSDT,roll_120,0,0.0
1b_live,micro,10,SOLUSDT,roll_120_xrank,0,0.0
1b_live,micro,10,SOLUSDT,amihud_120,0,0.0
1b_live,micro,10,SOLUSDT,amihud_120_xrank,0,0.0
1b_live,micro,10,SOLUSDT,kyle_120,0,0.0
1b_live,micro,10,SOLUSDT,kyle_120_xrank,0,0.0
1b_live,micro,10,SOLUSDT,vpin_120,0,0.0
1b_live,micro,10,SOLUSDT,vpin_120_xrank,0,0.0
1b_live,micro,10,SOLUSDT,jump_120,0,1.1728848114955781e-08
1b_live,micro,10,SOLUSDT,jump_120_xrank,0,0.0
1b_live,micro,10,SOLUSDT,vratio_120,0,0.0
1b_live,micro,10,SOLUSDT,vratio_120_xrank,0,0.0
1b_live,micro,10,SOLUSDT,cvd_slope_120,0,0.0
1b_live,micro,10,SOLUSDT,cvd_slope_120_xrank,0,0.0
1b_live,micro,10,SOLUSDT,signac_120,0,0.0
1b_live,micro,10,SOLUSDT,signac_120_xrank,0,0.0
1b_live,micro,10,SOLUSDT,sflow_120,0,0.0
1b_live,micro,10,SOLUSDT,sflow_120_xrank,0,0.0
1b_live,micro,10,SOLUSDT,rskew_480,0,0.0
1b_live,micro,10,SOLUSDT,rskew_480_xrank,0,0.0
1b_live,micro,10,SOLUSDT,rkurt_480,0,1.4885380927864844e-08
1b_live,micro,10,SOLUSDT,rkurt_480_xrank,0,0.0
1b_live,micro,10,SOLUSDT,roll_480,0,0.0
1b_live,micro,10,SOLUSDT,roll_480_xrank,0,0.0
1b_live,micro,10,SOLUSDT,amihud_480,0,0.0
1b_live,micro,10,SOLUSDT,amihud_480_xrank,0,0.0
1b_live,micro,10,SOLUSDT,kyle_480,0,0.0
1b_live,micro,10,SOLUSDT,kyle_480_xrank,0,0.0
1b_live,micro,10,SOLUSDT,vpin_480,0,0.0
1b_live,micro,10,SOLUSDT,vpin_480_xrank,0,0.0
1b_live,micro,10,SOLUSDT,jump_480,0,3.0634770276094514e-09
1b_live,micro,10,SOLUSDT,jump_480_xrank,0,0.0
1b_live,micro,10,SOLUSDT,vratio_480,0,0.0
1b_live,micro,10,SOLUSDT,vratio_480_xrank,0,0.0
1b_live,micro,10,SOLUSDT,cvd_slope_480,0,0.0
1b_live,micro,10,SOLUSDT,cvd_slope_480_xrank,0,0.0
1b_live,micro,10,SOLUSDT,signac_480,0,0.0
1b_live,micro,10,SOLUSDT,signac_480_xrank,0,0.0
1b_live,micro,10,SOLUSDT,sflow_480,0,0.0
1b_live,micro,10,SOLUSDT,sflow_480_xrank,0,0.0
1b_live,cross,10,SOLUSDT,own_ret_1,0,0.0
1b_live,cross,10,SOLUSDT,btc_ret_1,0,0.0
1b_live,cross,10,SOLUSDT,eth_ret_1,0,0.0
1b_live,cross,10,SOLUSDT,mkt_ret_1,0,0.0
1b_live,cross,10,SOLUSDT,breadth_1,0,0.0
1b_live,cross,10,SOLUSDT,disp_1,0,0.0
1b_live,cross,10,SOLUSDT,relstr_1,0,0.0
1b_live,cross,10,SOLUSDT,rank_1,0,0.0
1b_live,cross,10,SOLUSDT,btc_minus_own_1,0,0.0
1b_live,cross,10,SOLUSDT,eth_minus_own_1,0,0.0
1b_live,cross,10,SOLUSDT,own_ret_5,0,0.0
1b_live,cross,10,SOLUSDT,btc_ret_5,0,0.0
1b_live,cross,10,SOLUSDT,eth_ret_5,0,0.0
1b_live,cross,10,SOLUSDT,mkt_ret_5,0,0.0
1b_live,cross,10,SOLUSDT,breadth_5,0,0.0
1b_live,cross,10,SOLUSDT,disp_5,0,0.0
1b_live,cross,10,SOLUSDT,relstr_5,0,0.0
1b_live,cross,10,SOLUSDT,rank_5,0,0.0
1b_live,cross,10,SOLUSDT,btc_minus_own_5,0,0.0
1b_live,cross,10,SOLUSDT,eth_minus_own_5,0,0.0
1b_live,cross,10,SOLUSDT,own_ret_15,0,0.0
1b_live,cross,10,SOLUSDT,btc_ret_15,0,0.0
1b_live,cross,10,SOLUSDT,eth_ret_15,0,0.0
1b_live,cross,10,SOLUSDT,mkt_ret_15,0,0.0
1b_live,cross,10,SOLUSDT,breadth_15,0,0.0
1b_live,cross,10,SOLUSDT,disp_15,0,0.0
1b_live,cross,10,SOLUSDT,relstr_15,0,0.0
1b_live,cross,10,SOLUSDT,rank_15,0,0.0
1b_live,cross,10,SOLUSDT,btc_minus_own_15,0,0.0
1b_live,cross,10,SOLUSDT,eth_minus_own_15,0,0.0
1b_live,cross,10,SOLUSDT,own_ret_30,0,0.0
1b_live,cross,10,SOLUSDT,btc_ret_30,0,0.0
1b_live,cross,10,SOLUSDT,eth_ret_30,0,0.0
1b_live,cross,10,SOLUSDT,mkt_ret_30,0,0.0
1b_live,cross,10,SOLUSDT,breadth_30,0,0.0
1b_live,cross,10,SOLUSDT,disp_30,0,0.0
1b_live,cross,10,SOLUSDT,relstr_30,0,0.0
1b_live,cross,10,SOLUSDT,rank_30,0,0.0
1b_live,cross,10,SOLUSDT,btc_minus_own_30,0,0.0
1b_live,cross,10,SOLUSDT,eth_minus_own_30,0,0.0
1b_live,cross,10,SOLUSDT,own_ret_60,0,0.0
1b_live,cross,10,SOLUSDT,btc_ret_60,0,0.0
1b_live,cross,10,SOLUSDT,eth_ret_60,0,0.0
1b_live,cross,10,SOLUSDT,mkt_ret_60,0,0.0
1b_live,cross,10,SOLUSDT,breadth_60,0,0.0
1b_live,cross,10,SOLUSDT,disp_60,0,0.0
1b_live,cross,10,SOLUSDT,relstr_60,0,0.0
1b_live,cross,10,SOLUSDT,rank_60,0,0.0
1b_live,cross,10,SOLUSDT,btc_minus_own_60,0,0.0
1b_live,cross,10,SOLUSDT,eth_minus_own_60,0,0.0
1b_live,cross,10,SOLUSDT,own_ret_180,0,0.0
1b_live,cross,10,SOLUSDT,btc_ret_180,0,0.0
1b_live,cross,10,SOLUSDT,eth_ret_180,0,0.0
1b_live,cross,10,SOLUSDT,mkt_ret_180,0,0.0
1b_live,cross,10,SOLUSDT,breadth_180,0,0.0
1b_live,cross,10,SOLUSDT,disp_180,0,0.0
1b_live,cross,10,SOLUSDT,relstr_180,0,0.0
1b_live,cross,10,SOLUSDT,rank_180,0,0.0
1b_live,cross,10,SOLUSDT,btc_minus_own_180,0,0.0
1b_live,cross,10,SOLUSDT,eth_minus_own_180,0,0.0
1b_live,cross,10,SOLUSDT,own_ret_360,0,0.0
1b_live,cross,10,SOLUSDT,btc_ret_360,0,0.0
1b_live,cross,10,SOLUSDT,eth_ret_360,0,0.0
1b_live,cross,10,SOLUSDT,mkt_ret_360,0,0.0
1b_live,cross,10,SOLUSDT,breadth_360,0,0.0
1b_live,cross,10,SOLUSDT,disp_360,0,0.0
1b_live,cross,10,SOLUSDT,relstr_360,0,0.0
1b_live,cross,10,SOLUSDT,rank_360,0,0.0
1b_live,cross,10,SOLUSDT,btc_minus_own_360,0,0.0
1b_live,cross,10,SOLUSDT,eth_minus_own_360,0,0.0
1b_live,cross,10,SOLUSDT,own_ret_720,0,0.0
1b_live,cross,10,SOLUSDT,btc_ret_720,0,0.0
1b_live,cross,10,SOLUSDT,eth_ret_720,0,0.0
1b_live,cross,10,SOLUSDT,mkt_ret_720,0,0.0
1b_live,cross,10,SOLUSDT,breadth_720,0,0.0
1b_live,cross,10,SOLUSDT,disp_720,0,0.0
1b_live,cross,10,SOLUSDT,relstr_720,0,0.0
1b_live,cross,10,SOLUSDT,rank_720,0,0.0
1b_live,cross,10,SOLUSDT,btc_minus_own_720,0,0.0
1b_live,cross,10,SOLUSDT,eth_minus_own_720,0,0.0
1b_live,cross,10,SOLUSDT,own_ret_1440,0,0.0
1b_live,cross,10,SOLUSDT,btc_ret_1440,0,0.0
1b_live,cross,10,SOLUSDT,eth_ret_1440,0,0.0
1b_live,cross,10,SOLUSDT,mkt_ret_1440,0,0.0
1b_live,cross,10,SOLUSDT,breadth_1440,0,0.0
1b_live,cross,10,SOLUSDT,disp_1440,0,0.0
1b_live,cross,10,SOLUSDT,relstr_1440,0,0.0
1b_live,cross,10,SOLUSDT,rank_1440,0,0.0
1b_live,cross,10,SOLUSDT,btc_minus_own_1440,0,0.0
1b_live,cross,10,SOLUSDT,eth_minus_own_1440,0,0.0
1b_live,micro,10,XRPUSDT,rskew_30,0,3.233108003541929e-09
1b_live,micro,10,XRPUSDT,rskew_30_xrank,0,0.0
1b_live,micro,10,XRPUSDT,rkurt_30,0,1.399575353389082e-07
1b_live,micro,10,XRPUSDT,rkurt_30_xrank,0,0.0
1b_live,micro,10,XRPUSDT,roll_30,0,0.0
1b_live,micro,10,XRPUSDT,roll_30_xrank,0,0.0
1b_live,micro,10,XRPUSDT,amihud_30,0,0.0
1b_live,micro,10,XRPUSDT,amihud_30_xrank,0,0.0
1b_live,micro,10,XRPUSDT,kyle_30,0,0.0
1b_live,micro,10,XRPUSDT,kyle_30_xrank,0,0.0
1b_live,micro,10,XRPUSDT,vpin_30,0,0.0
1b_live,micro,10,XRPUSDT,vpin_30_xrank,0,0.0
1b_live,micro,10,XRPUSDT,jump_30,0,6.65078516703943e-08
1b_live,micro,10,XRPUSDT,jump_30_xrank,0,0.0
1b_live,micro,10,XRPUSDT,vratio_30,0,1.3819834165929024e-08
1b_live,micro,10,XRPUSDT,vratio_30_xrank,0,0.0
1b_live,micro,10,XRPUSDT,cvd_slope_30,0,0.0
1b_live,micro,10,XRPUSDT,cvd_slope_30_xrank,0,0.0
1b_live,micro,10,XRPUSDT,signac_30,0,0.0
1b_live,micro,10,XRPUSDT,signac_30_xrank,0,0.0
1b_live,micro,10,XRPUSDT,sflow_30,0,0.0
1b_live,micro,10,XRPUSDT,sflow_30_xrank,0,0.0
1b_live,micro,10,XRPUSDT,rskew_120,0,0.0
1b_live,micro,10,XRPUSDT,rskew_120_xrank,0,0.0
1b_live,micro,10,XRPUSDT,rkurt_120,0,9.771722986329223e-09
1b_live,micro,10,XRPUSDT,rkurt_120_xrank,0,0.0
1b_live,micro,10,XRPUSDT,roll_120,0,0.0
1b_live,micro,10,XRPUSDT,roll_120_xrank,0,0.0
1b_live,micro,10,XRPUSDT,amihud_120,0,0.0
1b_live,micro,10,XRPUSDT,amihud_120_xrank,0,0.0
1b_live,micro,10,XRPUSDT,kyle_120,0,0.0
1b_live,micro,10,XRPUSDT,kyle_120_xrank,0,0.0
1b_live,micro,10,XRPUSDT,vpin_120,0,0.0
1b_live,micro,10,XRPUSDT,vpin_120_xrank,0,0.0
1b_live,micro,10,XRPUSDT,jump_120,0,0.0
1b_live,micro,10,XRPUSDT,jump_120_xrank,0,0.0
1b_live,micro,10,XRPUSDT,vratio_120,0,0.0
1b_live,micro,10,XRPUSDT,vratio_120_xrank,0,0.0
1b_live,micro,10,XRPUSDT,cvd_slope_120,0,0.0
1b_live,micro,10,XRPUSDT,cvd_slope_120_xrank,0,0.0
1b_live,micro,10,XRPUSDT,signac_120,0,0.0
1b_live,micro,10,XRPUSDT,signac_120_xrank,0,0.0
1b_live,micro,10,XRPUSDT,sflow_120,0,0.0
1b_live,micro,10,XRPUSDT,sflow_120_xrank,0,0.0
1b_live,micro,10,XRPUSDT,rskew_480,0,0.0
1b_live,micro,10,XRPUSDT,rskew_480_xrank,0,0.0
1b_live,micro,10,XRPUSDT,rkurt_480,0,1.0061886435153156e-08
1b_live,micro,10,XRPUSDT,rkurt_480_xrank,0,0.0
1b_live,micro,10,XRPUSDT,roll_480,0,0.0
1b_live,micro,10,XRPUSDT,roll_480_xrank,0,0.0
1b_live,micro,10,XRPUSDT,amihud_480,0,0.0
1b_live,micro,10,XRPUSDT,amihud_480_xrank,0,0.0
1b_live,micro,10,XRPUSDT,kyle_480,0,0.0
1b_live,micro,10,XRPUSDT,kyle_480_xrank,0,0.0
1b_live,micro,10,XRPUSDT,vpin_480,0,0.0
1b_live,micro,10,XRPUSDT,vpin_480_xrank,0,0.0
1b_live,micro,10,XRPUSDT,jump_480,0,5.444166228940617e-10
1b_live,micro,10,XRPUSDT,jump_480_xrank,0,0.0
1b_live,micro,10,XRPUSDT,vratio_480,0,0.0
1b_live,micro,10,XRPUSDT,vratio_480_xrank,0,0.0
1b_live,micro,10,XRPUSDT,cvd_slope_480,0,0.0
1b_live,micro,10,XRPUSDT,cvd_slope_480_xrank,0,0.0
1b_live,micro,10,XRPUSDT,signac_480,0,0.0
1b_live,micro,10,XRPUSDT,signac_480_xrank,0,0.0
1b_live,micro,10,XRPUSDT,sflow_480,0,0.0
1b_live,micro,10,XRPUSDT,sflow_480_xrank,0,0.0
1b_live,cross,10,XRPUSDT,own_ret_1,0,0.0
1b_live,cross,10,XRPUSDT,btc_ret_1,0,0.0
1b_live,cross,10,XRPUSDT,eth_ret_1,0,0.0
1b_live,cross,10,XRPUSDT,mkt_ret_1,0,0.0
1b_live,cross,10,XRPUSDT,breadth_1,0,0.0
1b_live,cross,10,XRPUSDT,disp_1,0,0.0
1b_live,cross,10,XRPUSDT,relstr_1,0,0.0
1b_live,cross,10,XRPUSDT,rank_1,0,0.0
1b_live,cross,10,XRPUSDT,btc_minus_own_1,0,0.0
1b_live,cross,10,XRPUSDT,eth_minus_own_1,0,0.0
1b_live,cross,10,XRPUSDT,own_ret_5,0,0.0
1b_live,cross,10,XRPUSDT,btc_ret_5,0,0.0
1b_live,cross,10,XRPUSDT,eth_ret_5,0,0.0
1b_live,cross,10,XRPUSDT,mkt_ret_5,0,0.0
1b_live,cross,10,XRPUSDT,breadth_5,0,0.0
1b_live,cross,10,XRPUSDT,disp_5,0,0.0
1b_live,cross,10,XRPUSDT,relstr_5,0,0.0
1b_live,cross,10,XRPUSDT,rank_5,0,0.0
1b_live,cross,10,XRPUSDT,btc_minus_own_5,0,0.0
1b_live,cross,10,XRPUSDT,eth_minus_own_5,0,0.0
1b_live,cross,10,XRPUSDT,own_ret_15,0,0.0
1b_live,cross,10,XRPUSDT,btc_ret_15,0,0.0
1b_live,cross,10,XRPUSDT,eth_ret_15,0,0.0
1b_live,cross,10,XRPUSDT,mkt_ret_15,0,0.0
1b_live,cross,10,XRPUSDT,breadth_15,0,0.0
1b_live,cross,10,XRPUSDT,disp_15,0,0.0
1b_live,cross,10,XRPUSDT,relstr_15,0,0.0
1b_live,cross,10,XRPUSDT,rank_15,0,0.0
1b_live,cross,10,XRPUSDT,btc_minus_own_15,0,0.0
1b_live,cross,10,XRPUSDT,eth_minus_own_15,0,0.0
1b_live,cross,10,XRPUSDT,own_ret_30,0,0.0
1b_live,cross,10,XRPUSDT,btc_ret_30,0,0.0
1b_live,cross,10,XRPUSDT,eth_ret_30,0,0.0
1b_live,cross,10,XRPUSDT,mkt_ret_30,0,0.0
1b_live,cross,10,XRPUSDT,breadth_30,0,0.0
1b_live,cross,10,XRPUSDT,disp_30,0,0.0
1b_live,cross,10,XRPUSDT,relstr_30,0,0.0
1b_live,cross,10,XRPUSDT,rank_30,0,0.0
1b_live,cross,10,XRPUSDT,btc_minus_own_30,0,0.0
1b_live,cross,10,XRPUSDT,eth_minus_own_30,0,0.0
1b_live,cross,10,XRPUSDT,own_ret_60,0,0.0
1b_live,cross,10,XRPUSDT,btc_ret_60,0,0.0
1b_live,cross,10,XRPUSDT,eth_ret_60,0,0.0
1b_live,cross,10,XRPUSDT,mkt_ret_60,0,0.0
1b_live,cross,10,XRPUSDT,breadth_60,0,0.0
1b_live,cross,10,XRPUSDT,disp_60,0,0.0
1b_live,cross,10,XRPUSDT,relstr_60,0,0.0
1b_live,cross,10,XRPUSDT,rank_60,0,0.0
1b_live,cross,10,XRPUSDT,btc_minus_own_60,0,0.0
1b_live,cross,10,XRPUSDT,eth_minus_own_60,0,0.0
1b_live,cross,10,XRPUSDT,own_ret_180,0,0.0
1b_live,cross,10,XRPUSDT,btc_ret_180,0,0.0
1b_live,cross,10,XRPUSDT,eth_ret_180,0,0.0
1b_live,cross,10,XRPUSDT,mkt_ret_180,0,0.0
1b_live,cross,10,XRPUSDT,breadth_180,0,0.0
1b_live,cross,10,XRPUSDT,disp_180,0,0.0
1b_live,cross,10,XRPUSDT,relstr_180,0,0.0
1b_live,cross,10,XRPUSDT,rank_180,0,0.0
1b_live,cross,10,XRPUSDT,btc_minus_own_180,0,0.0
1b_live,cross,10,XRPUSDT,eth_minus_own_180,0,0.0
1b_live,cross,10,XRPUSDT,own_ret_360,0,0.0
1b_live,cross,10,XRPUSDT,btc_ret_360,0,0.0
1b_live,cross,10,XRPUSDT,eth_ret_360,0,0.0
1b_live,cross,10,XRPUSDT,mkt_ret_360,0,0.0
1b_live,cross,10,XRPUSDT,breadth_360,0,0.0
1b_live,cross,10,XRPUSDT,disp_360,0,0.0
1b_live,cross,10,XRPUSDT,relstr_360,0,0.0
1b_live,cross,10,XRPUSDT,rank_360,0,0.0
1b_live,cross,10,XRPUSDT,btc_minus_own_360,0,0.0
1b_live,cross,10,XRPUSDT,eth_minus_own_360,0,0.0
1b_live,cross,10,XRPUSDT,own_ret_720,0,0.0
1b_live,cross,10,XRPUSDT,btc_ret_720,0,0.0
1b_live,cross,10,XRPUSDT,eth_ret_720,0,0.0
1b_live,cross,10,XRPUSDT,mkt_ret_720,0,0.0
1b_live,cross,10,XRPUSDT,breadth_720,0,0.0
1b_live,cross,10,XRPUSDT,disp_720,0,0.0
1b_live,cross,10,XRPUSDT,relstr_720,0,0.0
1b_live,cross,10,XRPUSDT,rank_720,0,0.0
1b_live,cross,10,XRPUSDT,btc_minus_own_720,0,0.0
1b_live,cross,10,XRPUSDT,eth_minus_own_720,0,0.0
1b_live,cross,10,XRPUSDT,own_ret_1440,0,0.0
1b_live,cross,10,XRPUSDT,btc_ret_1440,0,0.0
1b_live,cross,10,XRPUSDT,eth_ret_1440,0,0.0
1b_live,cross,10,XRPUSDT,mkt_ret_1440,0,0.0
1b_live,cross,10,XRPUSDT,breadth_1440,0,0.0
1b_live,cross,10,XRPUSDT,disp_1440,0,0.0
1b_live,cross,10,XRPUSDT,relstr_1440,0,0.0
1b_live,cross,10,XRPUSDT,rank_1440,0,0.0
1b_live,cross,10,XRPUSDT,btc_minus_own_1440,0,0.0
1b_live,cross,10,XRPUSDT,eth_minus_own_1440,0,0.0
1b_live,micro,30,ADAUSDT,rskew_30,0,0.0
1b_live,micro,30,ADAUSDT,rskew_30_xrank,0,0.0
1b_live,micro,30,ADAUSDT,rkurt_30,0,6.043557476687056e-08
1b_live,micro,30,ADAUSDT,rkurt_30_xrank,0,0.0
1b_live,micro,30,ADAUSDT,roll_30,0,0.0
1b_live,micro,30,ADAUSDT,roll_30_xrank,0,0.0
1b_live,micro,30,ADAUSDT,amihud_30,0,0.0
1b_live,micro,30,ADAUSDT,amihud_30_xrank,0,0.0
1b_live,micro,30,ADAUSDT,kyle_30,0,0.0
1b_live,micro,30,ADAUSDT,kyle_30_xrank,0,0.0
1b_live,micro,30,ADAUSDT,vpin_30,0,0.0
1b_live,micro,30,ADAUSDT,vpin_30_xrank,0,0.0
1b_live,micro,30,ADAUSDT,jump_30,0,0.0
1b_live,micro,30,ADAUSDT,jump_30_xrank,0,0.0
1b_live,micro,30,ADAUSDT,vratio_30,0,0.0
1b_live,micro,30,ADAUSDT,vratio_30_xrank,0,0.0
1b_live,micro,30,ADAUSDT,cvd_slope_30,0,0.0
1b_live,micro,30,ADAUSDT,cvd_slope_30_xrank,0,0.0
1b_live,micro,30,ADAUSDT,signac_30,0,5.788047818811037e-09
1b_live,micro,30,ADAUSDT,signac_30_xrank,0,0.0
1b_live,micro,30,ADAUSDT,sflow_30,0,0.0
1b_live,micro,30,ADAUSDT,sflow_30_xrank,0,0.0
1b_live,micro,30,ADAUSDT,rskew_120,0,0.0
1b_live,micro,30,ADAUSDT,rskew_120_xrank,0,0.0
1b_live,micro,30,ADAUSDT,rkurt_120,0,2.3412543015410847e-08
1b_live,micro,30,ADAUSDT,rkurt_120_xrank,0,0.0
1b_live,micro,30,ADAUSDT,roll_120,0,0.0
1b_live,micro,30,ADAUSDT,roll_120_xrank,0,0.0
1b_live,micro,30,ADAUSDT,amihud_120,0,0.0
1b_live,micro,30,ADAUSDT,amihud_120_xrank,0,0.0
1b_live,micro,30,ADAUSDT,kyle_120,0,0.0
1b_live,micro,30,ADAUSDT,kyle_120_xrank,0,0.0
1b_live,micro,30,ADAUSDT,vpin_120,0,0.0
1b_live,micro,30,ADAUSDT,vpin_120_xrank,0,0.0
1b_live,micro,30,ADAUSDT,jump_120,0,1.5510002171481574e-08
1b_live,micro,30,ADAUSDT,jump_120_xrank,0,0.0
1b_live,micro,30,ADAUSDT,vratio_120,0,0.0
1b_live,micro,30,ADAUSDT,vratio_120_xrank,0,0.0
1b_live,micro,30,ADAUSDT,cvd_slope_120,0,0.0
1b_live,micro,30,ADAUSDT,cvd_slope_120_xrank,0,0.0
1b_live,micro,30,ADAUSDT,signac_120,0,0.0
1b_live,micro,30,ADAUSDT,signac_120_xrank,0,0.0
1b_live,micro,30,ADAUSDT,sflow_120,0,0.0
1b_live,micro,30,ADAUSDT,sflow_120_xrank,0,0.0
1b_live,micro,30,ADAUSDT,rskew_480,0,0.0
1b_live,micro,30,ADAUSDT,rskew_480_xrank,0,0.0
1b_live,micro,30,ADAUSDT,rkurt_480,0,4.631247207953493e-08
1b_live,micro,30,ADAUSDT,rkurt_480_xrank,0,0.0
1b_live,micro,30,ADAUSDT,roll_480,0,0.0
1b_live,micro,30,ADAUSDT,roll_480_xrank,0,0.0
1b_live,micro,30,ADAUSDT,amihud_480,0,0.0
1b_live,micro,30,ADAUSDT,amihud_480_xrank,0,0.0
1b_live,micro,30,ADAUSDT,kyle_480,0,0.0
1b_live,micro,30,ADAUSDT,kyle_480_xrank,0,0.0
1b_live,micro,30,ADAUSDT,vpin_480,0,0.0
1b_live,micro,30,ADAUSDT,vpin_480_xrank,0,0.0
1b_live,micro,30,ADAUSDT,jump_480,0,7.643793931144671e-10
1b_live,micro,30,ADAUSDT,jump_480_xrank,0,0.0
1b_live,micro,30,ADAUSDT,vratio_480,0,0.0
1b_live,micro,30,ADAUSDT,vratio_480_xrank,0,0.0
1b_live,micro,30,ADAUSDT,cvd_slope_480,0,0.0
1b_live,micro,30,ADAUSDT,cvd_slope_480_xrank,0,0.0
1b_live,micro,30,ADAUSDT,signac_480,0,0.0
1b_live,micro,30,ADAUSDT,signac_480_xrank,0,0.0
1b_live,micro,30,ADAUSDT,sflow_480,0,0.0
1b_live,micro,30,ADAUSDT,sflow_480_xrank,0,0.0
1b_live,cross,30,ADAUSDT,own_ret_1,0,0.0
1b_live,cross,30,ADAUSDT,btc_ret_1,0,0.0
1b_live,cross,30,ADAUSDT,eth_ret_1,0,0.0
1b_live,cross,30,ADAUSDT,mkt_ret_1,0,0.0
1b_live,cross,30,ADAUSDT,breadth_1,0,0.0
1b_live,cross,30,ADAUSDT,disp_1,0,0.0
1b_live,cross,30,ADAUSDT,relstr_1,0,0.0
1b_live,cross,30,ADAUSDT,rank_1,0,0.0
1b_live,cross,30,ADAUSDT,btc_minus_own_1,0,0.0
1b_live,cross,30,ADAUSDT,eth_minus_own_1,0,0.0
1b_live,cross,30,ADAUSDT,own_ret_5,0,0.0
1b_live,cross,30,ADAUSDT,btc_ret_5,0,0.0
1b_live,cross,30,ADAUSDT,eth_ret_5,0,0.0
1b_live,cross,30,ADAUSDT,mkt_ret_5,0,0.0
1b_live,cross,30,ADAUSDT,breadth_5,0,0.0
1b_live,cross,30,ADAUSDT,disp_5,0,0.0
1b_live,cross,30,ADAUSDT,relstr_5,0,0.0
1b_live,cross,30,ADAUSDT,rank_5,0,0.0
1b_live,cross,30,ADAUSDT,btc_minus_own_5,0,0.0
1b_live,cross,30,ADAUSDT,eth_minus_own_5,0,0.0
1b_live,cross,30,ADAUSDT,own_ret_15,0,0.0
1b_live,cross,30,ADAUSDT,btc_ret_15,0,0.0
1b_live,cross,30,ADAUSDT,eth_ret_15,0,0.0
1b_live,cross,30,ADAUSDT,mkt_ret_15,0,0.0
1b_live,cross,30,ADAUSDT,breadth_15,0,0.0
1b_live,cross,30,ADAUSDT,disp_15,0,0.0
1b_live,cross,30,ADAUSDT,relstr_15,0,0.0
1b_live,cross,30,ADAUSDT,rank_15,0,0.0
1b_live,cross,30,ADAUSDT,btc_minus_own_15,0,0.0
1b_live,cross,30,ADAUSDT,eth_minus_own_15,0,0.0
1b_live,cross,30,ADAUSDT,own_ret_30,0,0.0
1b_live,cross,30,ADAUSDT,btc_ret_30,0,0.0
1b_live,cross,30,ADAUSDT,eth_ret_30,0,0.0
1b_live,cross,30,ADAUSDT,mkt_ret_30,0,0.0
1b_live,cross,30,ADAUSDT,breadth_30,0,0.0
1b_live,cross,30,ADAUSDT,disp_30,0,0.0
1b_live,cross,30,ADAUSDT,relstr_30,0,0.0
1b_live,cross,30,ADAUSDT,rank_30,0,0.0
1b_live,cross,30,ADAUSDT,btc_minus_own_30,0,0.0
1b_live,cross,30,ADAUSDT,eth_minus_own_30,0,0.0
1b_live,cross,30,ADAUSDT,own_ret_60,0,0.0
1b_live,cross,30,ADAUSDT,btc_ret_60,0,0.0
1b_live,cross,30,ADAUSDT,eth_ret_60,0,0.0
1b_live,cross,30,ADAUSDT,mkt_ret_60,0,0.0
1b_live,cross,30,ADAUSDT,breadth_60,0,0.0
1b_live,cross,30,ADAUSDT,disp_60,0,0.0
1b_live,cross,30,ADAUSDT,relstr_60,0,0.0
1b_live,cross,30,ADAUSDT,rank_60,0,0.0
1b_live,cross,30,ADAUSDT,btc_minus_own_60,0,0.0
1b_live,cross,30,ADAUSDT,eth_minus_own_60,0,0.0
1b_live,cross,30,ADAUSDT,own_ret_180,0,0.0
1b_live,cross,30,ADAUSDT,btc_ret_180,0,0.0
1b_live,cross,30,ADAUSDT,eth_ret_180,0,0.0
1b_live,cross,30,ADAUSDT,mkt_ret_180,0,0.0
1b_live,cross,30,ADAUSDT,breadth_180,0,0.0
1b_live,cross,30,ADAUSDT,disp_180,0,0.0
1b_live,cross,30,ADAUSDT,relstr_180,0,0.0
1b_live,cross,30,ADAUSDT,rank_180,0,0.0
1b_live,cross,30,ADAUSDT,btc_minus_own_180,0,0.0
1b_live,cross,30,ADAUSDT,eth_minus_own_180,0,0.0
1b_live,cross,30,ADAUSDT,own_ret_360,0,0.0
1b_live,cross,30,ADAUSDT,btc_ret_360,0,0.0
1b_live,cross,30,ADAUSDT,eth_ret_360,0,0.0
1b_live,cross,30,ADAUSDT,mkt_ret_360,0,0.0
1b_live,cross,30,ADAUSDT,breadth_360,0,0.0
1b_live,cross,30,ADAUSDT,disp_360,0,0.0
1b_live,cross,30,ADAUSDT,relstr_360,0,0.0
1b_live,cross,30,ADAUSDT,rank_360,0,0.0
1b_live,cross,30,ADAUSDT,btc_minus_own_360,0,0.0
1b_live,cross,30,ADAUSDT,eth_minus_own_360,0,0.0
1b_live,cross,30,ADAUSDT,own_ret_720,0,0.0
1b_live,cross,30,ADAUSDT,btc_ret_720,0,0.0
1b_live,cross,30,ADAUSDT,eth_ret_720,0,0.0
1b_live,cross,30,ADAUSDT,mkt_ret_720,0,0.0
1b_live,cross,30,ADAUSDT,breadth_720,0,0.0
1b_live,cross,30,ADAUSDT,disp_720,0,0.0
1b_live,cross,30,ADAUSDT,relstr_720,0,0.0
1b_live,cross,30,ADAUSDT,rank_720,0,0.0
1b_live,cross,30,ADAUSDT,btc_minus_own_720,0,0.0
1b_live,cross,30,ADAUSDT,eth_minus_own_720,0,0.0
1b_live,cross,30,ADAUSDT,own_ret_1440,0,0.0
1b_live,cross,30,ADAUSDT,btc_ret_1440,0,0.0
1b_live,cross,30,ADAUSDT,eth_ret_1440,0,0.0
1b_live,cross,30,ADAUSDT,mkt_ret_1440,0,0.0
1b_live,cross,30,ADAUSDT,breadth_1440,0,0.0
1b_live,cross,30,ADAUSDT,disp_1440,0,0.0
1b_live,cross,30,ADAUSDT,relstr_1440,0,0.0
1b_live,cross,30,ADAUSDT,rank_1440,0,0.0
1b_live,cross,30,ADAUSDT,btc_minus_own_1440,0,0.0
1b_live,cross,30,ADAUSDT,eth_minus_own_1440,0,0.0
1b_live,micro,30,AVAXUSDT,rskew_30,0,2.1535184302479138e-08
1b_live,micro,30,AVAXUSDT,rskew_30_xrank,0,0.0
1b_live,micro,30,AVAXUSDT,rkurt_30,0,1.3156486602383666e-06
1b_live,micro,30,AVAXUSDT,rkurt_30_xrank,0,0.0
1b_live,micro,30,AVAXUSDT,roll_30,0,0.0
1b_live,micro,30,AVAXUSDT,roll_30_xrank,0,0.0
1b_live,micro,30,AVAXUSDT,amihud_30,0,0.0
1b_live,micro,30,AVAXUSDT,amihud_30_xrank,0,0.0
1b_live,micro,30,AVAXUSDT,kyle_30,0,0.0
1b_live,micro,30,AVAXUSDT,kyle_30_xrank,0,0.0
1b_live,micro,30,AVAXUSDT,vpin_30,0,0.0
1b_live,micro,30,AVAXUSDT,vpin_30_xrank,0,0.0
1b_live,micro,30,AVAXUSDT,jump_30,0,3.3247633535182786e-09
1b_live,micro,30,AVAXUSDT,jump_30_xrank,0,0.0
1b_live,micro,30,AVAXUSDT,vratio_30,0,0.0
1b_live,micro,30,AVAXUSDT,vratio_30_xrank,0,0.0
1b_live,micro,30,AVAXUSDT,cvd_slope_30,0,4.222660762720487e-11
1b_live,micro,30,AVAXUSDT,cvd_slope_30_xrank,0,0.0
1b_live,micro,30,AVAXUSDT,signac_30,0,0.0
1b_live,micro,30,AVAXUSDT,signac_30_xrank,0,0.0
1b_live,micro,30,AVAXUSDT,sflow_30,0,0.0
1b_live,micro,30,AVAXUSDT,sflow_30_xrank,0,0.0
1b_live,micro,30,AVAXUSDT,rskew_120,0,1.195090160166501e-08
1b_live,micro,30,AVAXUSDT,rskew_120_xrank,0,0.0
1b_live,micro,30,AVAXUSDT,rkurt_120,0,3.174353935264662e-07
1b_live,micro,30,AVAXUSDT,rkurt_120_xrank,0,0.0
1b_live,micro,30,AVAXUSDT,roll_120,0,0.0
1b_live,micro,30,AVAXUSDT,roll_120_xrank,0,0.0
1b_live,micro,30,AVAXUSDT,amihud_120,0,0.0
1b_live,micro,30,AVAXUSDT,amihud_120_xrank,0,0.0
1b_live,micro,30,AVAXUSDT,kyle_120,0,0.0
1b_live,micro,30,AVAXUSDT,kyle_120_xrank,0,0.0
1b_live,micro,30,AVAXUSDT,vpin_120,0,0.0
1b_live,micro,30,AVAXUSDT,vpin_120_xrank,0,0.0
1b_live,micro,30,AVAXUSDT,jump_120,0,9.894667307719374e-09
1b_live,micro,30,AVAXUSDT,jump_120_xrank,0,0.0
1b_live,micro,30,AVAXUSDT,vratio_120,0,0.0
1b_live,micro,30,AVAXUSDT,vratio_120_xrank,0,0.0
1b_live,micro,30,AVAXUSDT,cvd_slope_120,0,0.0
1b_live,micro,30,AVAXUSDT,cvd_slope_120_xrank,0,0.0
1b_live,micro,30,AVAXUSDT,signac_120,0,0.0
1b_live,micro,30,AVAXUSDT,signac_120_xrank,0,0.0
1b_live,micro,30,AVAXUSDT,sflow_120,0,1.2802006676970734e-10
1b_live,micro,30,AVAXUSDT,sflow_120_xrank,0,0.0
1b_live,micro,30,AVAXUSDT,rskew_480,0,1.9382171423387717e-09
1b_live,micro,30,AVAXUSDT,rskew_480_xrank,0,0.0
1b_live,micro,30,AVAXUSDT,rkurt_480,0,8.027852516079292e-08
1b_live,micro,30,AVAXUSDT,rkurt_480_xrank,0,0.0
1b_live,micro,30,AVAXUSDT,roll_480,0,0.0
1b_live,micro,30,AVAXUSDT,roll_480_xrank,0,0.0
1b_live,micro,30,AVAXUSDT,amihud_480,0,0.0
1b_live,micro,30,AVAXUSDT,amihud_480_xrank,0,0.0
1b_live,micro,30,AVAXUSDT,kyle_480,0,0.0
1b_live,micro,30,AVAXUSDT,kyle_480_xrank,0,0.0
1b_live,micro,30,AVAXUSDT,vpin_480,0,0.0
1b_live,micro,30,AVAXUSDT,vpin_480_xrank,0,0.0
1b_live,micro,30,AVAXUSDT,jump_480,0,2.6376696382612863e-09
1b_live,micro,30,AVAXUSDT,jump_480_xrank,0,0.0
1b_live,micro,30,AVAXUSDT,vratio_480,0,0.0
1b_live,micro,30,AVAXUSDT,vratio_480_xrank,0,0.0
1b_live,micro,30,AVAXUSDT,cvd_slope_480,0,0.0
1b_live,micro,30,AVAXUSDT,cvd_slope_480_xrank,0,0.0
1b_live,micro,30,AVAXUSDT,signac_480,0,0.0
1b_live,micro,30,AVAXUSDT,signac_480_xrank,0,0.0
1b_live,micro,30,AVAXUSDT,sflow_480,0,6.0016045466682044e-09
1b_live,micro,30,AVAXUSDT,sflow_480_xrank,0,0.0
1b_live,cross,30,AVAXUSDT,own_ret_1,0,0.0
1b_live,cross,30,AVAXUSDT,btc_ret_1,0,0.0
1b_live,cross,30,AVAXUSDT,eth_ret_1,0,0.0
1b_live,cross,30,AVAXUSDT,mkt_ret_1,0,0.0
1b_live,cross,30,AVAXUSDT,breadth_1,0,0.0
1b_live,cross,30,AVAXUSDT,disp_1,0,0.0
1b_live,cross,30,AVAXUSDT,relstr_1,0,0.0
1b_live,cross,30,AVAXUSDT,rank_1,0,0.0
1b_live,cross,30,AVAXUSDT,btc_minus_own_1,0,0.0
1b_live,cross,30,AVAXUSDT,eth_minus_own_1,0,0.0
1b_live,cross,30,AVAXUSDT,own_ret_5,0,0.0
1b_live,cross,30,AVAXUSDT,btc_ret_5,0,0.0
1b_live,cross,30,AVAXUSDT,eth_ret_5,0,0.0
1b_live,cross,30,AVAXUSDT,mkt_ret_5,0,0.0
1b_live,cross,30,AVAXUSDT,breadth_5,0,0.0
1b_live,cross,30,AVAXUSDT,disp_5,0,0.0
1b_live,cross,30,AVAXUSDT,relstr_5,0,0.0
1b_live,cross,30,AVAXUSDT,rank_5,0,0.0
1b_live,cross,30,AVAXUSDT,btc_minus_own_5,0,0.0
1b_live,cross,30,AVAXUSDT,eth_minus_own_5,0,0.0
1b_live,cross,30,AVAXUSDT,own_ret_15,0,0.0
1b_live,cross,30,AVAXUSDT,btc_ret_15,0,0.0
1b_live,cross,30,AVAXUSDT,eth_ret_15,0,0.0
1b_live,cross,30,AVAXUSDT,mkt_ret_15,0,0.0
1b_live,cross,30,AVAXUSDT,breadth_15,0,0.0
1b_live,cross,30,AVAXUSDT,disp_15,0,0.0
1b_live,cross,30,AVAXUSDT,relstr_15,0,0.0
1b_live,cross,30,AVAXUSDT,rank_15,0,0.0
1b_live,cross,30,AVAXUSDT,btc_minus_own_15,0,0.0
1b_live,cross,30,AVAXUSDT,eth_minus_own_15,0,0.0
1b_live,cross,30,AVAXUSDT,own_ret_30,0,0.0
1b_live,cross,30,AVAXUSDT,btc_ret_30,0,0.0
1b_live,cross,30,AVAXUSDT,eth_ret_30,0,0.0
1b_live,cross,30,AVAXUSDT,mkt_ret_30,0,0.0
1b_live,cross,30,AVAXUSDT,breadth_30,0,0.0
1b_live,cross,30,AVAXUSDT,disp_30,0,0.0
1b_live,cross,30,AVAXUSDT,relstr_30,0,0.0
1b_live,cross,30,AVAXUSDT,rank_30,0,0.0
1b_live,cross,30,AVAXUSDT,btc_minus_own_30,0,0.0
1b_live,cross,30,AVAXUSDT,eth_minus_own_30,0,0.0
1b_live,cross,30,AVAXUSDT,own_ret_60,0,0.0
1b_live,cross,30,AVAXUSDT,btc_ret_60,0,0.0
1b_live,cross,30,AVAXUSDT,eth_ret_60,0,0.0
1b_live,cross,30,AVAXUSDT,mkt_ret_60,0,0.0
1b_live,cross,30,AVAXUSDT,breadth_60,0,0.0
1b_live,cross,30,AVAXUSDT,disp_60,0,0.0
1b_live,cross,30,AVAXUSDT,relstr_60,0,0.0
1b_live,cross,30,AVAXUSDT,rank_60,0,0.0
1b_live,cross,30,AVAXUSDT,btc_minus_own_60,0,0.0
1b_live,cross,30,AVAXUSDT,eth_minus_own_60,0,0.0
1b_live,cross,30,AVAXUSDT,own_ret_180,0,0.0
1b_live,cross,30,AVAXUSDT,btc_ret_180,0,0.0
1b_live,cross,30,AVAXUSDT,eth_ret_180,0,0.0
1b_live,cross,30,AVAXUSDT,mkt_ret_180,0,0.0
1b_live,cross,30,AVAXUSDT,breadth_180,0,0.0
1b_live,cross,30,AVAXUSDT,disp_180,0,0.0
1b_live,cross,30,AVAXUSDT,relstr_180,0,0.0
1b_live,cross,30,AVAXUSDT,rank_180,0,0.0
1b_live,cross,30,AVAXUSDT,btc_minus_own_180,0,0.0
1b_live,cross,30,AVAXUSDT,eth_minus_own_180,0,0.0
1b_live,cross,30,AVAXUSDT,own_ret_360,0,0.0
1b_live,cross,30,AVAXUSDT,btc_ret_360,0,0.0
1b_live,cross,30,AVAXUSDT,eth_ret_360,0,0.0
1b_live,cross,30,AVAXUSDT,mkt_ret_360,0,0.0
1b_live,cross,30,AVAXUSDT,breadth_360,0,0.0
1b_live,cross,30,AVAXUSDT,disp_360,0,0.0
1b_live,cross,30,AVAXUSDT,relstr_360,0,0.0
1b_live,cross,30,AVAXUSDT,rank_360,0,0.0
1b_live,cross,30,AVAXUSDT,btc_minus_own_360,0,0.0
1b_live,cross,30,AVAXUSDT,eth_minus_own_360,0,0.0
1b_live,cross,30,AVAXUSDT,own_ret_720,0,0.0
1b_live,cross,30,AVAXUSDT,btc_ret_720,0,0.0
1b_live,cross,30,AVAXUSDT,eth_ret_720,0,0.0
1b_live,cross,30,AVAXUSDT,mkt_ret_720,0,0.0
1b_live,cross,30,AVAXUSDT,breadth_720,0,0.0
1b_live,cross,30,AVAXUSDT,disp_720,0,0.0
1b_live,cross,30,AVAXUSDT,relstr_720,0,0.0
1b_live,cross,30,AVAXUSDT,rank_720,0,0.0
1b_live,cross,30,AVAXUSDT,btc_minus_own_720,0,0.0
1b_live,cross,30,AVAXUSDT,eth_minus_own_720,0,0.0
1b_live,cross,30,AVAXUSDT,own_ret_1440,0,0.0
1b_live,cross,30,AVAXUSDT,btc_ret_1440,0,0.0
1b_live,cross,30,AVAXUSDT,eth_ret_1440,0,0.0
1b_live,cross,30,AVAXUSDT,mkt_ret_1440,0,0.0
1b_live,cross,30,AVAXUSDT,breadth_1440,0,0.0
1b_live,cross,30,AVAXUSDT,disp_1440,0,0.0
1b_live,cross,30,AVAXUSDT,relstr_1440,0,0.0
1b_live,cross,30,AVAXUSDT,rank_1440,0,0.0
1b_live,cross,30,AVAXUSDT,btc_minus_own_1440,0,0.0
1b_live,cross,30,AVAXUSDT,eth_minus_own_1440,0,0.0
1b_live,micro,30,BNBUSDT,rskew_30,0,0.0
1b_live,micro,30,BNBUSDT,rskew_30_xrank,0,0.0
1b_live,micro,30,BNBUSDT,rkurt_30,0,3.9252091710295645e-07
1b_live,micro,30,BNBUSDT,rkurt_30_xrank,0,0.0
1b_live,micro,30,BNBUSDT,roll_30,0,0.0
1b_live,micro,30,BNBUSDT,roll_30_xrank,0,0.0
1b_live,micro,30,BNBUSDT,amihud_30,0,0.0
1b_live,micro,30,BNBUSDT,amihud_30_xrank,0,0.0
1b_live,micro,30,BNBUSDT,kyle_30,0,4.078133741813872e-08
1b_live,micro,30,BNBUSDT,kyle_30_xrank,0,0.0
1b_live,micro,30,BNBUSDT,vpin_30,0,5.117457391179414e-08
1b_live,micro,30,BNBUSDT,vpin_30_xrank,0,0.0
1b_live,micro,30,BNBUSDT,jump_30,0,1.5056393465329165e-08
1b_live,micro,30,BNBUSDT,jump_30_xrank,0,0.0
1b_live,micro,30,BNBUSDT,vratio_30,0,0.0
1b_live,micro,30,BNBUSDT,vratio_30_xrank,0,0.0
1b_live,micro,30,BNBUSDT,cvd_slope_30,0,0.0
1b_live,micro,30,BNBUSDT,cvd_slope_30_xrank,0,0.0
1b_live,micro,30,BNBUSDT,signac_30,0,0.0
1b_live,micro,30,BNBUSDT,signac_30_xrank,0,0.0
1b_live,micro,30,BNBUSDT,sflow_30,0,0.0
1b_live,micro,30,BNBUSDT,sflow_30_xrank,0,0.0
1b_live,micro,30,BNBUSDT,rskew_120,0,3.68122581029251e-11
1b_live,micro,30,BNBUSDT,rskew_120_xrank,0,0.0
1b_live,micro,30,BNBUSDT,rkurt_120,0,7.680031188783687e-08
1b_live,micro,30,BNBUSDT,rkurt_120_xrank,0,0.0
1b_live,micro,30,BNBUSDT,roll_120,0,0.0
1b_live,micro,30,BNBUSDT,roll_120_xrank,0,0.0
1b_live,micro,30,BNBUSDT,amihud_120,0,0.0
1b_live,micro,30,BNBUSDT,amihud_120_xrank,0,0.0
1b_live,micro,30,BNBUSDT,kyle_120,0,0.0
1b_live,micro,30,BNBUSDT,kyle_120_xrank,0,0.0
1b_live,micro,30,BNBUSDT,vpin_120,0,0.0
1b_live,micro,30,BNBUSDT,vpin_120_xrank,0,0.0
1b_live,micro,30,BNBUSDT,jump_120,0,3.967281614336571e-09
1b_live,micro,30,BNBUSDT,jump_120_xrank,0,0.0
1b_live,micro,30,BNBUSDT,vratio_120,0,0.0
1b_live,micro,30,BNBUSDT,vratio_120_xrank,0,0.0
1b_live,micro,30,BNBUSDT,cvd_slope_120,0,0.0
1b_live,micro,30,BNBUSDT,cvd_slope_120_xrank,0,0.0
1b_live,micro,30,BNBUSDT,signac_120,0,0.0
1b_live,micro,30,BNBUSDT,signac_120_xrank,0,0.0
1b_live,micro,30,BNBUSDT,sflow_120,0,0.0
1b_live,micro,30,BNBUSDT,sflow_120_xrank,0,0.0
1b_live,micro,30,BNBUSDT,rskew_480,0,0.0
1b_live,micro,30,BNBUSDT,rskew_480_xrank,0,0.0
1b_live,micro,30,BNBUSDT,rkurt_480,0,7.376306143669353e-08
1b_live,micro,30,BNBUSDT,rkurt_480_xrank,0,0.0
1b_live,micro,30,BNBUSDT,roll_480,0,0.0
1b_live,micro,30,BNBUSDT,roll_480_xrank,0,0.0
1b_live,micro,30,BNBUSDT,amihud_480,0,0.0
1b_live,micro,30,BNBUSDT,amihud_480_xrank,0,0.0
1b_live,micro,30,BNBUSDT,kyle_480,0,0.0
1b_live,micro,30,BNBUSDT,kyle_480_xrank,0,0.0
1b_live,micro,30,BNBUSDT,vpin_480,0,0.0
1b_live,micro,30,BNBUSDT,vpin_480_xrank,0,0.0
1b_live,micro,30,BNBUSDT,jump_480,0,0.0
1b_live,micro,30,BNBUSDT,jump_480_xrank,0,0.0
1b_live,micro,30,BNBUSDT,vratio_480,0,0.0
1b_live,micro,30,BNBUSDT,vratio_480_xrank,0,0.0
1b_live,micro,30,BNBUSDT,cvd_slope_480,0,0.0
1b_live,micro,30,BNBUSDT,cvd_slope_480_xrank,0,0.0
1b_live,micro,30,BNBUSDT,signac_480,0,0.0
1b_live,micro,30,BNBUSDT,signac_480_xrank,0,0.0
1b_live,micro,30,BNBUSDT,sflow_480,0,0.0
1b_live,micro,30,BNBUSDT,sflow_480_xrank,0,0.0
1b_live,cross,30,BNBUSDT,own_ret_1,0,0.0
1b_live,cross,30,BNBUSDT,btc_ret_1,0,0.0
1b_live,cross,30,BNBUSDT,eth_ret_1,0,0.0
1b_live,cross,30,BNBUSDT,mkt_ret_1,0,0.0
1b_live,cross,30,BNBUSDT,breadth_1,0,0.0
1b_live,cross,30,BNBUSDT,disp_1,0,0.0
1b_live,cross,30,BNBUSDT,relstr_1,0,0.0
1b_live,cross,30,BNBUSDT,rank_1,0,0.0
1b_live,cross,30,BNBUSDT,btc_minus_own_1,0,0.0
1b_live,cross,30,BNBUSDT,eth_minus_own_1,0,0.0
1b_live,cross,30,BNBUSDT,own_ret_5,0,0.0
1b_live,cross,30,BNBUSDT,btc_ret_5,0,0.0
1b_live,cross,30,BNBUSDT,eth_ret_5,0,0.0
1b_live,cross,30,BNBUSDT,mkt_ret_5,0,0.0
1b_live,cross,30,BNBUSDT,breadth_5,0,0.0
1b_live,cross,30,BNBUSDT,disp_5,0,0.0
1b_live,cross,30,BNBUSDT,relstr_5,0,0.0
1b_live,cross,30,BNBUSDT,rank_5,0,0.0
1b_live,cross,30,BNBUSDT,btc_minus_own_5,0,0.0
1b_live,cross,30,BNBUSDT,eth_minus_own_5,0,0.0
1b_live,cross,30,BNBUSDT,own_ret_15,0,0.0
1b_live,cross,30,BNBUSDT,btc_ret_15,0,0.0
1b_live,cross,30,BNBUSDT,eth_ret_15,0,0.0
1b_live,cross,30,BNBUSDT,mkt_ret_15,0,0.0
1b_live,cross,30,BNBUSDT,breadth_15,0,0.0
1b_live,cross,30,BNBUSDT,disp_15,0,0.0
1b_live,cross,30,BNBUSDT,relstr_15,0,0.0
1b_live,cross,30,BNBUSDT,rank_15,0,0.0
1b_live,cross,30,BNBUSDT,btc_minus_own_15,0,0.0
1b_live,cross,30,BNBUSDT,eth_minus_own_15,0,0.0
1b_live,cross,30,BNBUSDT,own_ret_30,0,0.0
1b_live,cross,30,BNBUSDT,btc_ret_30,0,0.0
1b_live,cross,30,BNBUSDT,eth_ret_30,0,0.0
1b_live,cross,30,BNBUSDT,mkt_ret_30,0,0.0
1b_live,cross,30,BNBUSDT,breadth_30,0,0.0
1b_live,cross,30,BNBUSDT,disp_30,0,0.0
1b_live,cross,30,BNBUSDT,relstr_30,0,0.0
1b_live,cross,30,BNBUSDT,rank_30,0,0.0
1b_live,cross,30,BNBUSDT,btc_minus_own_30,0,0.0
1b_live,cross,30,BNBUSDT,eth_minus_own_30,0,0.0
1b_live,cross,30,BNBUSDT,own_ret_60,0,0.0
1b_live,cross,30,BNBUSDT,btc_ret_60,0,0.0
1b_live,cross,30,BNBUSDT,eth_ret_60,0,0.0
1b_live,cross,30,BNBUSDT,mkt_ret_60,0,0.0
1b_live,cross,30,BNBUSDT,breadth_60,0,0.0
1b_live,cross,30,BNBUSDT,disp_60,0,0.0
1b_live,cross,30,BNBUSDT,relstr_60,0,0.0
1b_live,cross,30,BNBUSDT,rank_60,0,0.0
1b_live,cross,30,BNBUSDT,btc_minus_own_60,0,0.0
1b_live,cross,30,BNBUSDT,eth_minus_own_60,0,0.0
1b_live,cross,30,BNBUSDT,own_ret_180,0,0.0
1b_live,cross,30,BNBUSDT,btc_ret_180,0,0.0
1b_live,cross,30,BNBUSDT,eth_ret_180,0,0.0
1b_live,cross,30,BNBUSDT,mkt_ret_180,0,0.0
1b_live,cross,30,BNBUSDT,breadth_180,0,0.0
1b_live,cross,30,BNBUSDT,disp_180,0,0.0
1b_live,cross,30,BNBUSDT,relstr_180,0,0.0
1b_live,cross,30,BNBUSDT,rank_180,0,0.0
1b_live,cross,30,BNBUSDT,btc_minus_own_180,0,0.0
1b_live,cross,30,BNBUSDT,eth_minus_own_180,0,0.0
1b_live,cross,30,BNBUSDT,own_ret_360,0,0.0
1b_live,cross,30,BNBUSDT,btc_ret_360,0,0.0
1b_live,cross,30,BNBUSDT,eth_ret_360,0,0.0
1b_live,cross,30,BNBUSDT,mkt_ret_360,0,0.0
1b_live,cross,30,BNBUSDT,breadth_360,0,0.0
1b_live,cross,30,BNBUSDT,disp_360,0,0.0
1b_live,cross,30,BNBUSDT,relstr_360,0,0.0
1b_live,cross,30,BNBUSDT,rank_360,0,0.0
1b_live,cross,30,BNBUSDT,btc_minus_own_360,0,0.0
1b_live,cross,30,BNBUSDT,eth_minus_own_360,0,0.0
1b_live,cross,30,BNBUSDT,own_ret_720,0,0.0
1b_live,cross,30,BNBUSDT,btc_ret_720,0,0.0
1b_live,cross,30,BNBUSDT,eth_ret_720,0,0.0
1b_live,cross,30,BNBUSDT,mkt_ret_720,0,0.0
1b_live,cross,30,BNBUSDT,breadth_720,0,0.0
1b_live,cross,30,BNBUSDT,disp_720,0,0.0
1b_live,cross,30,BNBUSDT,relstr_720,0,0.0
1b_live,cross,30,BNBUSDT,rank_720,0,0.0
1b_live,cross,30,BNBUSDT,btc_minus_own_720,0,0.0
1b_live,cross,30,BNBUSDT,eth_minus_own_720,0,0.0
1b_live,cross,30,BNBUSDT,own_ret_1440,0,0.0
1b_live,cross,30,BNBUSDT,btc_ret_1440,0,0.0
1b_live,cross,30,BNBUSDT,eth_ret_1440,0,0.0
1b_live,cross,30,BNBUSDT,mkt_ret_1440,0,0.0
1b_live,cross,30,BNBUSDT,breadth_1440,0,0.0
1b_live,cross,30,BNBUSDT,disp_1440,0,0.0
1b_live,cross,30,BNBUSDT,relstr_1440,0,0.0
1b_live,cross,30,BNBUSDT,rank_1440,0,0.0
1b_live,cross,30,BNBUSDT,btc_minus_own_1440,0,0.0
1b_live,cross,30,BNBUSDT,eth_minus_own_1440,0,0.0
1b_live,micro,30,BTCUSDT,rskew_30,0,0.0
1b_live,micro,30,BTCUSDT,rskew_30_xrank,0,0.0
1b_live,micro,30,BTCUSDT,rkurt_30,0,2.1849681175467595e-08
1b_live,micro,30,BTCUSDT,rkurt_30_xrank,0,0.0
1b_live,micro,30,BTCUSDT,roll_30,0,0.0
1b_live,micro,30,BTCUSDT,roll_30_xrank,0,0.0
1b_live,micro,30,BTCUSDT,amihud_30,0,0.0
1b_live,micro,30,BTCUSDT,amihud_30_xrank,0,0.0
1b_live,micro,30,BTCUSDT,kyle_30,0,0.0
1b_live,micro,30,BTCUSDT,kyle_30_xrank,0,0.0
1b_live,micro,30,BTCUSDT,vpin_30,0,0.0
1b_live,micro,30,BTCUSDT,vpin_30_xrank,0,0.0
1b_live,micro,30,BTCUSDT,jump_30,0,4.388533980659304e-09
1b_live,micro,30,BTCUSDT,jump_30_xrank,0,0.0
1b_live,micro,30,BTCUSDT,vratio_30,0,0.0
1b_live,micro,30,BTCUSDT,vratio_30_xrank,0,0.0
1b_live,micro,30,BTCUSDT,cvd_slope_30,0,0.0
1b_live,micro,30,BTCUSDT,cvd_slope_30_xrank,0,0.0
1b_live,micro,30,BTCUSDT,signac_30,0,0.0
1b_live,micro,30,BTCUSDT,signac_30_xrank,0,0.0
1b_live,micro,30,BTCUSDT,sflow_30,0,2.1398658844873353e-08
1b_live,micro,30,BTCUSDT,sflow_30_xrank,0,0.0
1b_live,micro,30,BTCUSDT,rskew_120,0,0.0
1b_live,micro,30,BTCUSDT,rskew_120_xrank,0,0.0
1b_live,micro,30,BTCUSDT,rkurt_120,0,4.173099199533681e-09
1b_live,micro,30,BTCUSDT,rkurt_120_xrank,0,0.0
1b_live,micro,30,BTCUSDT,roll_120,0,0.0
1b_live,micro,30,BTCUSDT,roll_120_xrank,0,0.0
1b_live,micro,30,BTCUSDT,amihud_120,0,0.0
1b_live,micro,30,BTCUSDT,amihud_120_xrank,0,0.0
1b_live,micro,30,BTCUSDT,kyle_120,0,0.0
1b_live,micro,30,BTCUSDT,kyle_120_xrank,0,0.0
1b_live,micro,30,BTCUSDT,vpin_120,0,0.0
1b_live,micro,30,BTCUSDT,vpin_120_xrank,0,0.0
1b_live,micro,30,BTCUSDT,jump_120,0,0.0
1b_live,micro,30,BTCUSDT,jump_120_xrank,0,0.0
1b_live,micro,30,BTCUSDT,vratio_120,0,0.0
1b_live,micro,30,BTCUSDT,vratio_120_xrank,0,0.0
1b_live,micro,30,BTCUSDT,cvd_slope_120,0,0.0
1b_live,micro,30,BTCUSDT,cvd_slope_120_xrank,0,0.0
1b_live,micro,30,BTCUSDT,signac_120,0,0.0
1b_live,micro,30,BTCUSDT,signac_120_xrank,0,0.0
1b_live,micro,30,BTCUSDT,sflow_120,0,0.0
1b_live,micro,30,BTCUSDT,sflow_120_xrank,0,0.0
1b_live,micro,30,BTCUSDT,rskew_480,0,0.0
1b_live,micro,30,BTCUSDT,rskew_480_xrank,0,0.0
1b_live,micro,30,BTCUSDT,rkurt_480,0,4.712679579910173e-09
1b_live,micro,30,BTCUSDT,rkurt_480_xrank,0,0.0
1b_live,micro,30,BTCUSDT,roll_480,0,0.0
1b_live,micro,30,BTCUSDT,roll_480_xrank,0,0.0
1b_live,micro,30,BTCUSDT,amihud_480,0,0.0
1b_live,micro,30,BTCUSDT,amihud_480_xrank,0,0.0
1b_live,micro,30,BTCUSDT,kyle_480,0,0.0
1b_live,micro,30,BTCUSDT,kyle_480_xrank,0,0.0
1b_live,micro,30,BTCUSDT,vpin_480,0,0.0
1b_live,micro,30,BTCUSDT,vpin_480_xrank,0,0.0
1b_live,micro,30,BTCUSDT,jump_480,0,1.264525845146025e-10
1b_live,micro,30,BTCUSDT,jump_480_xrank,0,0.0
1b_live,micro,30,BTCUSDT,vratio_480,0,0.0
1b_live,micro,30,BTCUSDT,vratio_480_xrank,0,0.0
1b_live,micro,30,BTCUSDT,cvd_slope_480,0,0.0
1b_live,micro,30,BTCUSDT,cvd_slope_480_xrank,0,0.0
1b_live,micro,30,BTCUSDT,signac_480,0,0.0
1b_live,micro,30,BTCUSDT,signac_480_xrank,0,0.0
1b_live,micro,30,BTCUSDT,sflow_480,0,0.0
1b_live,micro,30,BTCUSDT,sflow_480_xrank,0,0.0
1b_live,cross,30,BTCUSDT,own_ret_1,0,0.0
1b_live,cross,30,BTCUSDT,btc_ret_1,0,0.0
1b_live,cross,30,BTCUSDT,eth_ret_1,0,0.0
1b_live,cross,30,BTCUSDT,mkt_ret_1,0,0.0
1b_live,cross,30,BTCUSDT,breadth_1,0,0.0
1b_live,cross,30,BTCUSDT,disp_1,0,0.0
1b_live,cross,30,BTCUSDT,relstr_1,0,0.0
1b_live,cross,30,BTCUSDT,rank_1,0,0.0
1b_live,cross,30,BTCUSDT,btc_minus_own_1,0,0.0
1b_live,cross,30,BTCUSDT,eth_minus_own_1,0,0.0
1b_live,cross,30,BTCUSDT,own_ret_5,0,0.0
1b_live,cross,30,BTCUSDT,btc_ret_5,0,0.0
1b_live,cross,30,BTCUSDT,eth_ret_5,0,0.0
1b_live,cross,30,BTCUSDT,mkt_ret_5,0,0.0
1b_live,cross,30,BTCUSDT,breadth_5,0,0.0
1b_live,cross,30,BTCUSDT,disp_5,0,0.0
1b_live,cross,30,BTCUSDT,relstr_5,0,0.0
1b_live,cross,30,BTCUSDT,rank_5,0,0.0
1b_live,cross,30,BTCUSDT,btc_minus_own_5,0,0.0
1b_live,cross,30,BTCUSDT,eth_minus_own_5,0,0.0
1b_live,cross,30,BTCUSDT,own_ret_15,0,0.0
1b_live,cross,30,BTCUSDT,btc_ret_15,0,0.0
1b_live,cross,30,BTCUSDT,eth_ret_15,0,0.0
1b_live,cross,30,BTCUSDT,mkt_ret_15,0,0.0
1b_live,cross,30,BTCUSDT,breadth_15,0,0.0
1b_live,cross,30,BTCUSDT,disp_15,0,0.0
1b_live,cross,30,BTCUSDT,relstr_15,0,0.0
1b_live,cross,30,BTCUSDT,rank_15,0,0.0
1b_live,cross,30,BTCUSDT,btc_minus_own_15,0,0.0
1b_live,cross,30,BTCUSDT,eth_minus_own_15,0,0.0
1b_live,cross,30,BTCUSDT,own_ret_30,0,0.0
1b_live,cross,30,BTCUSDT,btc_ret_30,0,0.0
1b_live,cross,30,BTCUSDT,eth_ret_30,0,0.0
1b_live,cross,30,BTCUSDT,mkt_ret_30,0,0.0
1b_live,cross,30,BTCUSDT,breadth_30,0,0.0
1b_live,cross,30,BTCUSDT,disp_30,0,0.0
1b_live,cross,30,BTCUSDT,relstr_30,0,0.0
1b_live,cross,30,BTCUSDT,rank_30,0,0.0
1b_live,cross,30,BTCUSDT,btc_minus_own_30,0,0.0
1b_live,cross,30,BTCUSDT,eth_minus_own_30,0,0.0
1b_live,cross,30,BTCUSDT,own_ret_60,0,0.0
1b_live,cross,30,BTCUSDT,btc_ret_60,0,0.0
1b_live,cross,30,BTCUSDT,eth_ret_60,0,0.0
1b_live,cross,30,BTCUSDT,mkt_ret_60,0,0.0
1b_live,cross,30,BTCUSDT,breadth_60,0,0.0
1b_live,cross,30,BTCUSDT,disp_60,0,0.0
1b_live,cross,30,BTCUSDT,relstr_60,0,0.0
1b_live,cross,30,BTCUSDT,rank_60,0,0.0
1b_live,cross,30,BTCUSDT,btc_minus_own_60,0,0.0
1b_live,cross,30,BTCUSDT,eth_minus_own_60,0,0.0
1b_live,cross,30,BTCUSDT,own_ret_180,0,0.0
1b_live,cross,30,BTCUSDT,btc_ret_180,0,0.0
1b_live,cross,30,BTCUSDT,eth_ret_180,0,0.0
1b_live,cross,30,BTCUSDT,mkt_ret_180,0,0.0
1b_live,cross,30,BTCUSDT,breadth_180,0,0.0
1b_live,cross,30,BTCUSDT,disp_180,0,0.0
1b_live,cross,30,BTCUSDT,relstr_180,0,0.0
1b_live,cross,30,BTCUSDT,rank_180,0,0.0
1b_live,cross,30,BTCUSDT,btc_minus_own_180,0,0.0
1b_live,cross,30,BTCUSDT,eth_minus_own_180,0,0.0
1b_live,cross,30,BTCUSDT,own_ret_360,0,0.0
1b_live,cross,30,BTCUSDT,btc_ret_360,0,0.0
1b_live,cross,30,BTCUSDT,eth_ret_360,0,0.0
1b_live,cross,30,BTCUSDT,mkt_ret_360,0,0.0
1b_live,cross,30,BTCUSDT,breadth_360,0,0.0
1b_live,cross,30,BTCUSDT,disp_360,0,0.0
1b_live,cross,30,BTCUSDT,relstr_360,0,0.0
1b_live,cross,30,BTCUSDT,rank_360,0,0.0
1b_live,cross,30,BTCUSDT,btc_minus_own_360,0,0.0
1b_live,cross,30,BTCUSDT,eth_minus_own_360,0,0.0
1b_live,cross,30,BTCUSDT,own_ret_720,0,0.0
1b_live,cross,30,BTCUSDT,btc_ret_720,0,0.0
1b_live,cross,30,BTCUSDT,eth_ret_720,0,0.0
1b_live,cross,30,BTCUSDT,mkt_ret_720,0,0.0
1b_live,cross,30,BTCUSDT,breadth_720,0,0.0
1b_live,cross,30,BTCUSDT,disp_720,0,0.0
1b_live,cross,30,BTCUSDT,relstr_720,0,0.0
1b_live,cross,30,BTCUSDT,rank_720,0,0.0
1b_live,cross,30,BTCUSDT,btc_minus_own_720,0,0.0
1b_live,cross,30,BTCUSDT,eth_minus_own_720,0,0.0
1b_live,cross,30,BTCUSDT,own_ret_1440,0,0.0
1b_live,cross,30,BTCUSDT,btc_ret_1440,0,0.0
1b_live,cross,30,BTCUSDT,eth_ret_1440,0,0.0
1b_live,cross,30,BTCUSDT,mkt_ret_1440,0,0.0
1b_live,cross,30,BTCUSDT,breadth_1440,0,0.0
1b_live,cross,30,BTCUSDT,disp_1440,0,0.0
1b_live,cross,30,BTCUSDT,relstr_1440,0,0.0
1b_live,cross,30,BTCUSDT,rank_1440,0,0.0
1b_live,cross,30,BTCUSDT,btc_minus_own_1440,0,0.0
1b_live,cross,30,BTCUSDT,eth_minus_own_1440,0,0.0
1b_live,micro,30,DOGEUSDT,rskew_30,0,2.0707901171590493e-08
1b_live,micro,30,DOGEUSDT,rskew_30_xrank,0,0.0
1b_live,micro,30,DOGEUSDT,rkurt_30,0,5.049912488175323e-07
1b_live,micro,30,DOGEUSDT,rkurt_30_xrank,0,0.0
1b_live,micro,30,DOGEUSDT,roll_30,0,0.0
1b_live,micro,30,DOGEUSDT,roll_30_xrank,0,0.0
1b_live,micro,30,DOGEUSDT,amihud_30,0,0.0
1b_live,micro,30,DOGEUSDT,amihud_30_xrank,0,0.0
1b_live,micro,30,DOGEUSDT,kyle_30,0,0.0
1b_live,micro,30,DOGEUSDT,kyle_30_xrank,0,0.0
1b_live,micro,30,DOGEUSDT,vpin_30,0,0.0
1b_live,micro,30,DOGEUSDT,vpin_30_xrank,0,0.0
1b_live,micro,30,DOGEUSDT,jump_30,0,6.451613465685568e-09
1b_live,micro,30,DOGEUSDT,jump_30_xrank,0,0.0
1b_live,micro,30,DOGEUSDT,vratio_30,0,1.491980938794768e-08
1b_live,micro,30,DOGEUSDT,vratio_30_xrank,0,0.0
1b_live,micro,30,DOGEUSDT,cvd_slope_30,0,0.0
1b_live,micro,30,DOGEUSDT,cvd_slope_30_xrank,0,0.0
1b_live,micro,30,DOGEUSDT,signac_30,0,0.0
1b_live,micro,30,DOGEUSDT,signac_30_xrank,0,0.0
1b_live,micro,30,DOGEUSDT,sflow_30,0,0.0
1b_live,micro,30,DOGEUSDT,sflow_30_xrank,0,0.0
1b_live,micro,30,DOGEUSDT,rskew_120,0,0.0
1b_live,micro,30,DOGEUSDT,rskew_120_xrank,0,0.0
1b_live,micro,30,DOGEUSDT,rkurt_120,0,4.7568352812277226e-08
1b_live,micro,30,DOGEUSDT,rkurt_120_xrank,0,0.0
1b_live,micro,30,DOGEUSDT,roll_120,0,0.0
1b_live,micro,30,DOGEUSDT,roll_120_xrank,0,0.0
1b_live,micro,30,DOGEUSDT,amihud_120,0,0.0
1b_live,micro,30,DOGEUSDT,amihud_120_xrank,0,0.0
1b_live,micro,30,DOGEUSDT,kyle_120,0,0.0
1b_live,micro,30,DOGEUSDT,kyle_120_xrank,0,0.0
1b_live,micro,30,DOGEUSDT,vpin_120,0,0.0
1b_live,micro,30,DOGEUSDT,vpin_120_xrank,0,0.0
1b_live,micro,30,DOGEUSDT,jump_120,0,1.574314012486866e-09
1b_live,micro,30,DOGEUSDT,jump_120_xrank,0,0.0
1b_live,micro,30,DOGEUSDT,vratio_120,0,0.0
1b_live,micro,30,DOGEUSDT,vratio_120_xrank,0,0.0
1b_live,micro,30,DOGEUSDT,cvd_slope_120,0,4.825955173676233e-12
1b_live,micro,30,DOGEUSDT,cvd_slope_120_xrank,0,0.0
1b_live,micro,30,DOGEUSDT,signac_120,0,0.0
1b_live,micro,30,DOGEUSDT,signac_120_xrank,0,0.0
1b_live,micro,30,DOGEUSDT,sflow_120,0,0.0
1b_live,micro,30,DOGEUSDT,sflow_120_xrank,0,0.0
1b_live,micro,30,DOGEUSDT,rskew_480,0,3.801335690667429e-09
1b_live,micro,30,DOGEUSDT,rskew_480_xrank,0,0.0
1b_live,micro,30,DOGEUSDT,rkurt_480,0,5.842276351586406e-08
1b_live,micro,30,DOGEUSDT,rkurt_480_xrank,0,0.0
1b_live,micro,30,DOGEUSDT,roll_480,0,0.0
1b_live,micro,30,DOGEUSDT,roll_480_xrank,0,0.0
1b_live,micro,30,DOGEUSDT,amihud_480,0,0.0
1b_live,micro,30,DOGEUSDT,amihud_480_xrank,0,0.0
1b_live,micro,30,DOGEUSDT,kyle_480,0,0.0
1b_live,micro,30,DOGEUSDT,kyle_480_xrank,0,0.0
1b_live,micro,30,DOGEUSDT,vpin_480,0,0.0
1b_live,micro,30,DOGEUSDT,vpin_480_xrank,0,0.0
1b_live,micro,30,DOGEUSDT,jump_480,0,2.474553895126519e-09
1b_live,micro,30,DOGEUSDT,jump_480_xrank,0,0.0
1b_live,micro,30,DOGEUSDT,vratio_480,0,0.0
1b_live,micro,30,DOGEUSDT,vratio_480_xrank,0,0.0
1b_live,micro,30,DOGEUSDT,cvd_slope_480,0,0.0
1b_live,micro,30,DOGEUSDT,cvd_slope_480_xrank,0,0.0
1b_live,micro,30,DOGEUSDT,signac_480,0,0.0
1b_live,micro,30,DOGEUSDT,signac_480_xrank,0,0.0
1b_live,micro,30,DOGEUSDT,sflow_480,0,0.0
1b_live,micro,30,DOGEUSDT,sflow_480_xrank,0,0.0
1b_live,cross,30,DOGEUSDT,own_ret_1,0,0.0
1b_live,cross,30,DOGEUSDT,btc_ret_1,0,0.0
1b_live,cross,30,DOGEUSDT,eth_ret_1,0,0.0
1b_live,cross,30,DOGEUSDT,mkt_ret_1,0,0.0
1b_live,cross,30,DOGEUSDT,breadth_1,0,0.0
1b_live,cross,30,DOGEUSDT,disp_1,0,0.0
1b_live,cross,30,DOGEUSDT,relstr_1,0,0.0
1b_live,cross,30,DOGEUSDT,rank_1,0,0.0
1b_live,cross,30,DOGEUSDT,btc_minus_own_1,0,0.0
1b_live,cross,30,DOGEUSDT,eth_minus_own_1,0,0.0
1b_live,cross,30,DOGEUSDT,own_ret_5,0,0.0
1b_live,cross,30,DOGEUSDT,btc_ret_5,0,0.0
1b_live,cross,30,DOGEUSDT,eth_ret_5,0,0.0
1b_live,cross,30,DOGEUSDT,mkt_ret_5,0,0.0
1b_live,cross,30,DOGEUSDT,breadth_5,0,0.0
1b_live,cross,30,DOGEUSDT,disp_5,0,0.0
1b_live,cross,30,DOGEUSDT,relstr_5,0,0.0
1b_live,cross,30,DOGEUSDT,rank_5,0,0.0
1b_live,cross,30,DOGEUSDT,btc_minus_own_5,0,0.0
1b_live,cross,30,DOGEUSDT,eth_minus_own_5,0,0.0
1b_live,cross,30,DOGEUSDT,own_ret_15,0,0.0
1b_live,cross,30,DOGEUSDT,btc_ret_15,0,0.0
1b_live,cross,30,DOGEUSDT,eth_ret_15,0,0.0
1b_live,cross,30,DOGEUSDT,mkt_ret_15,0,0.0
1b_live,cross,30,DOGEUSDT,breadth_15,0,0.0
1b_live,cross,30,DOGEUSDT,disp_15,0,0.0
1b_live,cross,30,DOGEUSDT,relstr_15,0,0.0
1b_live,cross,30,DOGEUSDT,rank_15,0,0.0
1b_live,cross,30,DOGEUSDT,btc_minus_own_15,0,0.0
1b_live,cross,30,DOGEUSDT,eth_minus_own_15,0,0.0
1b_live,cross,30,DOGEUSDT,own_ret_30,0,0.0
1b_live,cross,30,DOGEUSDT,btc_ret_30,0,0.0
1b_live,cross,30,DOGEUSDT,eth_ret_30,0,0.0
1b_live,cross,30,DOGEUSDT,mkt_ret_30,0,0.0
1b_live,cross,30,DOGEUSDT,breadth_30,0,0.0
1b_live,cross,30,DOGEUSDT,disp_30,0,0.0
1b_live,cross,30,DOGEUSDT,relstr_30,0,0.0
1b_live,cross,30,DOGEUSDT,rank_30,0,0.0
1b_live,cross,30,DOGEUSDT,btc_minus_own_30,0,0.0
1b_live,cross,30,DOGEUSDT,eth_minus_own_30,0,0.0
1b_live,cross,30,DOGEUSDT,own_ret_60,0,0.0
1b_live,cross,30,DOGEUSDT,btc_ret_60,0,0.0
1b_live,cross,30,DOGEUSDT,eth_ret_60,0,0.0
1b_live,cross,30,DOGEUSDT,mkt_ret_60,0,0.0
1b_live,cross,30,DOGEUSDT,breadth_60,0,0.0
1b_live,cross,30,DOGEUSDT,disp_60,0,0.0
1b_live,cross,30,DOGEUSDT,relstr_60,0,0.0
1b_live,cross,30,DOGEUSDT,rank_60,0,0.0
1b_live,cross,30,DOGEUSDT,btc_minus_own_60,0,0.0
1b_live,cross,30,DOGEUSDT,eth_minus_own_60,0,0.0
1b_live,cross,30,DOGEUSDT,own_ret_180,0,0.0
1b_live,cross,30,DOGEUSDT,btc_ret_180,0,0.0
1b_live,cross,30,DOGEUSDT,eth_ret_180,0,0.0
1b_live,cross,30,DOGEUSDT,mkt_ret_180,0,0.0
1b_live,cross,30,DOGEUSDT,breadth_180,0,0.0
1b_live,cross,30,DOGEUSDT,disp_180,0,0.0
1b_live,cross,30,DOGEUSDT,relstr_180,0,0.0
1b_live,cross,30,DOGEUSDT,rank_180,0,0.0
1b_live,cross,30,DOGEUSDT,btc_minus_own_180,0,0.0
1b_live,cross,30,DOGEUSDT,eth_minus_own_180,0,0.0
1b_live,cross,30,DOGEUSDT,own_ret_360,0,0.0
1b_live,cross,30,DOGEUSDT,btc_ret_360,0,0.0
1b_live,cross,30,DOGEUSDT,eth_ret_360,0,0.0
1b_live,cross,30,DOGEUSDT,mkt_ret_360,0,0.0
1b_live,cross,30,DOGEUSDT,breadth_360,0,0.0
1b_live,cross,30,DOGEUSDT,disp_360,0,0.0
1b_live,cross,30,DOGEUSDT,relstr_360,0,0.0
1b_live,cross,30,DOGEUSDT,rank_360,0,0.0
1b_live,cross,30,DOGEUSDT,btc_minus_own_360,0,0.0
1b_live,cross,30,DOGEUSDT,eth_minus_own_360,0,0.0
1b_live,cross,30,DOGEUSDT,own_ret_720,0,0.0
1b_live,cross,30,DOGEUSDT,btc_ret_720,0,0.0
1b_live,cross,30,DOGEUSDT,eth_ret_720,0,0.0
1b_live,cross,30,DOGEUSDT,mkt_ret_720,0,0.0
1b_live,cross,30,DOGEUSDT,breadth_720,0,0.0
1b_live,cross,30,DOGEUSDT,disp_720,0,0.0
1b_live,cross,30,DOGEUSDT,relstr_720,0,0.0
1b_live,cross,30,DOGEUSDT,rank_720,0,0.0
1b_live,cross,30,DOGEUSDT,btc_minus_own_720,0,0.0
1b_live,cross,30,DOGEUSDT,eth_minus_own_720,0,0.0
1b_live,cross,30,DOGEUSDT,own_ret_1440,0,0.0
1b_live,cross,30,DOGEUSDT,btc_ret_1440,0,0.0
1b_live,cross,30,DOGEUSDT,eth_ret_1440,0,0.0
1b_live,cross,30,DOGEUSDT,mkt_ret_1440,0,0.0
1b_live,cross,30,DOGEUSDT,breadth_1440,0,0.0
1b_live,cross,30,DOGEUSDT,disp_1440,0,0.0
1b_live,cross,30,DOGEUSDT,relstr_1440,0,0.0
1b_live,cross,30,DOGEUSDT,rank_1440,0,0.0
1b_live,cross,30,DOGEUSDT,btc_minus_own_1440,0,0.0
1b_live,cross,30,DOGEUSDT,eth_minus_own_1440,0,0.0
1b_live,micro,30,DOTUSDT,rskew_30,0,1.2918920155868818e-08
1b_live,micro,30,DOTUSDT,rskew_30_xrank,0,0.0
1b_live,micro,30,DOTUSDT,rkurt_30,0,3.6532054537019576e-07
1b_live,micro,30,DOTUSDT,rkurt_30_xrank,0,0.0
1b_live,micro,30,DOTUSDT,roll_30,0,0.0
1b_live,micro,30,DOTUSDT,roll_30_xrank,0,0.0
1b_live,micro,30,DOTUSDT,amihud_30,0,0.0
1b_live,micro,30,DOTUSDT,amihud_30_xrank,0,0.0
1b_live,micro,30,DOTUSDT,kyle_30,0,1.5514149964701573e-08
1b_live,micro,30,DOTUSDT,kyle_30_xrank,0,0.0
1b_live,micro,30,DOTUSDT,vpin_30,0,0.0
1b_live,micro,30,DOTUSDT,vpin_30_xrank,0,0.0
1b_live,micro,30,DOTUSDT,jump_30,0,7.88510678972898e-09
1b_live,micro,30,DOTUSDT,jump_30_xrank,0,0.0
1b_live,micro,30,DOTUSDT,vratio_30,0,0.0
1b_live,micro,30,DOTUSDT,vratio_30_xrank,0,0.0
1b_live,micro,30,DOTUSDT,cvd_slope_30,0,1.8791435074660967e-09
1b_live,micro,30,DOTUSDT,cvd_slope_30_xrank,0,0.0
1b_live,micro,30,DOTUSDT,signac_30,0,0.0
1b_live,micro,30,DOTUSDT,signac_30_xrank,0,0.0
1b_live,micro,30,DOTUSDT,sflow_30,0,0.0
1b_live,micro,30,DOTUSDT,sflow_30_xrank,0,0.0
1b_live,micro,30,DOTUSDT,rskew_120,0,3.009750892957186e-09
1b_live,micro,30,DOTUSDT,rskew_120_xrank,0,0.0
1b_live,micro,30,DOTUSDT,rkurt_120,0,5.70606779604077e-08
1b_live,micro,30,DOTUSDT,rkurt_120_xrank,0,0.0
1b_live,micro,30,DOTUSDT,roll_120,0,0.0
1b_live,micro,30,DOTUSDT,roll_120_xrank,0,0.0
1b_live,micro,30,DOTUSDT,amihud_120,0,0.0
1b_live,micro,30,DOTUSDT,amihud_120_xrank,0,0.0
1b_live,micro,30,DOTUSDT,kyle_120,0,4.4758557748991734e-08
1b_live,micro,30,DOTUSDT,kyle_120_xrank,0,0.0
1b_live,micro,30,DOTUSDT,vpin_120,0,0.0
1b_live,micro,30,DOTUSDT,vpin_120_xrank,0,0.0
1b_live,micro,30,DOTUSDT,jump_120,0,2.009175714690059e-09
1b_live,micro,30,DOTUSDT,jump_120_xrank,0,0.0
1b_live,micro,30,DOTUSDT,vratio_120,0,0.0
1b_live,micro,30,DOTUSDT,vratio_120_xrank,0,0.0
1b_live,micro,30,DOTUSDT,cvd_slope_120,0,0.0
1b_live,micro,30,DOTUSDT,cvd_slope_120_xrank,0,0.0
1b_live,micro,30,DOTUSDT,signac_120,0,0.0
1b_live,micro,30,DOTUSDT,signac_120_xrank,0,0.0
1b_live,micro,30,DOTUSDT,sflow_120,0,4.882231507963297e-09
1b_live,micro,30,DOTUSDT,sflow_120_xrank,0,0.0
1b_live,micro,30,DOTUSDT,rskew_480,0,1.1259633225790822e-09
1b_live,micro,30,DOTUSDT,rskew_480_xrank,0,0.0
1b_live,micro,30,DOTUSDT,rkurt_480,0,6.151569920120892e-08
1b_live,micro,30,DOTUSDT,rkurt_480_xrank,0,0.0
1b_live,micro,30,DOTUSDT,roll_480,0,0.0
1b_live,micro,30,DOTUSDT,roll_480_xrank,0,0.0
1b_live,micro,30,DOTUSDT,amihud_480,0,0.0
1b_live,micro,30,DOTUSDT,amihud_480_xrank,0,0.0
1b_live,micro,30,DOTUSDT,kyle_480,0,0.0
1b_live,micro,30,DOTUSDT,kyle_480_xrank,0,0.0
1b_live,micro,30,DOTUSDT,vpin_480,0,0.0
1b_live,micro,30,DOTUSDT,vpin_480_xrank,0,0.0
1b_live,micro,30,DOTUSDT,jump_480,0,3.925808012006371e-10
1b_live,micro,30,DOTUSDT,jump_480_xrank,0,0.0
1b_live,micro,30,DOTUSDT,vratio_480,0,4.575665712991395e-08
1b_live,micro,30,DOTUSDT,vratio_480_xrank,0,0.0
1b_live,micro,30,DOTUSDT,cvd_slope_480,0,0.0
1b_live,micro,30,DOTUSDT,cvd_slope_480_xrank,0,0.0
1b_live,micro,30,DOTUSDT,signac_480,0,0.0
1b_live,micro,30,DOTUSDT,signac_480_xrank,0,0.0
1b_live,micro,30,DOTUSDT,sflow_480,0,0.0
1b_live,micro,30,DOTUSDT,sflow_480_xrank,0,0.0
1b_live,cross,30,DOTUSDT,own_ret_1,0,0.0
1b_live,cross,30,DOTUSDT,btc_ret_1,0,0.0
1b_live,cross,30,DOTUSDT,eth_ret_1,0,0.0
1b_live,cross,30,DOTUSDT,mkt_ret_1,0,0.0
1b_live,cross,30,DOTUSDT,breadth_1,0,0.0
1b_live,cross,30,DOTUSDT,disp_1,0,0.0
1b_live,cross,30,DOTUSDT,relstr_1,0,0.0
1b_live,cross,30,DOTUSDT,rank_1,0,0.0
1b_live,cross,30,DOTUSDT,btc_minus_own_1,0,0.0
1b_live,cross,30,DOTUSDT,eth_minus_own_1,0,0.0
1b_live,cross,30,DOTUSDT,own_ret_5,0,0.0
1b_live,cross,30,DOTUSDT,btc_ret_5,0,0.0
1b_live,cross,30,DOTUSDT,eth_ret_5,0,0.0
1b_live,cross,30,DOTUSDT,mkt_ret_5,0,0.0
1b_live,cross,30,DOTUSDT,breadth_5,0,0.0
1b_live,cross,30,DOTUSDT,disp_5,0,0.0
1b_live,cross,30,DOTUSDT,relstr_5,0,0.0
1b_live,cross,30,DOTUSDT,rank_5,0,0.0
1b_live,cross,30,DOTUSDT,btc_minus_own_5,0,0.0
1b_live,cross,30,DOTUSDT,eth_minus_own_5,0,0.0
1b_live,cross,30,DOTUSDT,own_ret_15,0,0.0
1b_live,cross,30,DOTUSDT,btc_ret_15,0,0.0
1b_live,cross,30,DOTUSDT,eth_ret_15,0,0.0
1b_live,cross,30,DOTUSDT,mkt_ret_15,0,0.0
1b_live,cross,30,DOTUSDT,breadth_15,0,0.0
1b_live,cross,30,DOTUSDT,disp_15,0,0.0
1b_live,cross,30,DOTUSDT,relstr_15,0,0.0
1b_live,cross,30,DOTUSDT,rank_15,0,0.0
1b_live,cross,30,DOTUSDT,btc_minus_own_15,0,0.0
1b_live,cross,30,DOTUSDT,eth_minus_own_15,0,0.0
1b_live,cross,30,DOTUSDT,own_ret_30,0,0.0
1b_live,cross,30,DOTUSDT,btc_ret_30,0,0.0
1b_live,cross,30,DOTUSDT,eth_ret_30,0,0.0
1b_live,cross,30,DOTUSDT,mkt_ret_30,0,0.0
1b_live,cross,30,DOTUSDT,breadth_30,0,0.0
1b_live,cross,30,DOTUSDT,disp_30,0,0.0
1b_live,cross,30,DOTUSDT,relstr_30,0,0.0
1b_live,cross,30,DOTUSDT,rank_30,0,0.0
1b_live,cross,30,DOTUSDT,btc_minus_own_30,0,0.0
1b_live,cross,30,DOTUSDT,eth_minus_own_30,0,0.0
1b_live,cross,30,DOTUSDT,own_ret_60,0,0.0
1b_live,cross,30,DOTUSDT,btc_ret_60,0,0.0
1b_live,cross,30,DOTUSDT,eth_ret_60,0,0.0
1b_live,cross,30,DOTUSDT,mkt_ret_60,0,0.0
1b_live,cross,30,DOTUSDT,breadth_60,0,0.0
1b_live,cross,30,DOTUSDT,disp_60,0,0.0
1b_live,cross,30,DOTUSDT,relstr_60,0,0.0
1b_live,cross,30,DOTUSDT,rank_60,0,0.0
1b_live,cross,30,DOTUSDT,btc_minus_own_60,0,0.0
1b_live,cross,30,DOTUSDT,eth_minus_own_60,0,0.0
1b_live,cross,30,DOTUSDT,own_ret_180,0,0.0
1b_live,cross,30,DOTUSDT,btc_ret_180,0,0.0
1b_live,cross,30,DOTUSDT,eth_ret_180,0,0.0
1b_live,cross,30,DOTUSDT,mkt_ret_180,0,0.0
1b_live,cross,30,DOTUSDT,breadth_180,0,0.0
1b_live,cross,30,DOTUSDT,disp_180,0,0.0
1b_live,cross,30,DOTUSDT,relstr_180,0,0.0
1b_live,cross,30,DOTUSDT,rank_180,0,0.0
1b_live,cross,30,DOTUSDT,btc_minus_own_180,0,0.0
1b_live,cross,30,DOTUSDT,eth_minus_own_180,0,0.0
1b_live,cross,30,DOTUSDT,own_ret_360,0,0.0
1b_live,cross,30,DOTUSDT,btc_ret_360,0,0.0
1b_live,cross,30,DOTUSDT,eth_ret_360,0,0.0
1b_live,cross,30,DOTUSDT,mkt_ret_360,0,0.0
1b_live,cross,30,DOTUSDT,breadth_360,0,0.0
1b_live,cross,30,DOTUSDT,disp_360,0,0.0
1b_live,cross,30,DOTUSDT,relstr_360,0,0.0
1b_live,cross,30,DOTUSDT,rank_360,0,0.0
1b_live,cross,30,DOTUSDT,btc_minus_own_360,0,0.0
1b_live,cross,30,DOTUSDT,eth_minus_own_360,0,0.0
1b_live,cross,30,DOTUSDT,own_ret_720,0,0.0
1b_live,cross,30,DOTUSDT,btc_ret_720,0,0.0
1b_live,cross,30,DOTUSDT,eth_ret_720,0,0.0
1b_live,cross,30,DOTUSDT,mkt_ret_720,0,0.0
1b_live,cross,30,DOTUSDT,breadth_720,0,0.0
1b_live,cross,30,DOTUSDT,disp_720,0,0.0
1b_live,cross,30,DOTUSDT,relstr_720,0,0.0
1b_live,cross,30,DOTUSDT,rank_720,0,0.0
1b_live,cross,30,DOTUSDT,btc_minus_own_720,0,0.0
1b_live,cross,30,DOTUSDT,eth_minus_own_720,0,0.0
1b_live,cross,30,DOTUSDT,own_ret_1440,0,0.0
1b_live,cross,30,DOTUSDT,btc_ret_1440,0,0.0
1b_live,cross,30,DOTUSDT,eth_ret_1440,0,0.0
1b_live,cross,30,DOTUSDT,mkt_ret_1440,0,0.0
1b_live,cross,30,DOTUSDT,breadth_1440,0,0.0
1b_live,cross,30,DOTUSDT,disp_1440,0,0.0
1b_live,cross,30,DOTUSDT,relstr_1440,0,0.0
1b_live,cross,30,DOTUSDT,rank_1440,0,0.0
1b_live,cross,30,DOTUSDT,btc_minus_own_1440,0,0.0
1b_live,cross,30,DOTUSDT,eth_minus_own_1440,0,0.0
1b_live,micro,30,ETHUSDT,rskew_30,0,5.877537567755553e-09
1b_live,micro,30,ETHUSDT,rskew_30_xrank,0,0.0
1b_live,micro,30,ETHUSDT,rkurt_30,0,5.361115427149343e-07
1b_live,micro,30,ETHUSDT,rkurt_30_xrank,0,0.0
1b_live,micro,30,ETHUSDT,roll_30,0,0.0
1b_live,micro,30,ETHUSDT,roll_30_xrank,0,0.0
1b_live,micro,30,ETHUSDT,amihud_30,0,0.0
1b_live,micro,30,ETHUSDT,amihud_30_xrank,0,0.0
1b_live,micro,30,ETHUSDT,kyle_30,0,6.979070121815312e-08
1b_live,micro,30,ETHUSDT,kyle_30_xrank,0,0.0
1b_live,micro,30,ETHUSDT,vpin_30,0,0.0
1b_live,micro,30,ETHUSDT,vpin_30_xrank,0,0.0
1b_live,micro,30,ETHUSDT,jump_30,0,0.0
1b_live,micro,30,ETHUSDT,jump_30_xrank,0,0.0
1b_live,micro,30,ETHUSDT,vratio_30,0,0.0
1b_live,micro,30,ETHUSDT,vratio_30_xrank,0,0.0
1b_live,micro,30,ETHUSDT,cvd_slope_30,0,0.0
1b_live,micro,30,ETHUSDT,cvd_slope_30_xrank,0,0.0
1b_live,micro,30,ETHUSDT,signac_30,0,0.0
1b_live,micro,30,ETHUSDT,signac_30_xrank,0,0.0
1b_live,micro,30,ETHUSDT,sflow_30,0,0.0
1b_live,micro,30,ETHUSDT,sflow_30_xrank,0,0.0
1b_live,micro,30,ETHUSDT,rskew_120,0,3.021799477309628e-09
1b_live,micro,30,ETHUSDT,rskew_120_xrank,0,0.0
1b_live,micro,30,ETHUSDT,rkurt_120,0,5.74600491631827e-08
1b_live,micro,30,ETHUSDT,rkurt_120_xrank,0,0.0
1b_live,micro,30,ETHUSDT,roll_120,0,0.0
1b_live,micro,30,ETHUSDT,roll_120_xrank,0,0.0
1b_live,micro,30,ETHUSDT,amihud_120,0,0.0
1b_live,micro,30,ETHUSDT,amihud_120_xrank,0,0.0
1b_live,micro,30,ETHUSDT,kyle_120,0,0.0
1b_live,micro,30,ETHUSDT,kyle_120_xrank,0,0.0
1b_live,micro,30,ETHUSDT,vpin_120,0,0.0
1b_live,micro,30,ETHUSDT,vpin_120_xrank,0,0.0
1b_live,micro,30,ETHUSDT,jump_120,0,3.710896034903044e-10
1b_live,micro,30,ETHUSDT,jump_120_xrank,0,0.0
1b_live,micro,30,ETHUSDT,vratio_120,0,0.0
1b_live,micro,30,ETHUSDT,vratio_120_xrank,0,0.0
1b_live,micro,30,ETHUSDT,cvd_slope_120,0,0.0
1b_live,micro,30,ETHUSDT,cvd_slope_120_xrank,0,0.0
1b_live,micro,30,ETHUSDT,signac_120,0,0.0
1b_live,micro,30,ETHUSDT,signac_120_xrank,0,0.0
1b_live,micro,30,ETHUSDT,sflow_120,0,0.0
1b_live,micro,30,ETHUSDT,sflow_120_xrank,0,0.0
1b_live,micro,30,ETHUSDT,rskew_480,0,0.0
1b_live,micro,30,ETHUSDT,rskew_480_xrank,0,0.0
1b_live,micro,30,ETHUSDT,rkurt_480,0,1.0037673092710975e-07
1b_live,micro,30,ETHUSDT,rkurt_480_xrank,0,0.0
1b_live,micro,30,ETHUSDT,roll_480,0,0.0
1b_live,micro,30,ETHUSDT,roll_480_xrank,0,0.0
1b_live,micro,30,ETHUSDT,amihud_480,0,0.0
1b_live,micro,30,ETHUSDT,amihud_480_xrank,0,0.0
1b_live,micro,30,ETHUSDT,kyle_480,0,0.0
1b_live,micro,30,ETHUSDT,kyle_480_xrank,0,0.0
1b_live,micro,30,ETHUSDT,vpin_480,0,0.0
1b_live,micro,30,ETHUSDT,vpin_480_xrank,0,0.0
1b_live,micro,30,ETHUSDT,jump_480,0,9.105310394552646e-10
1b_live,micro,30,ETHUSDT,jump_480_xrank,0,0.0
1b_live,micro,30,ETHUSDT,vratio_480,0,0.0
1b_live,micro,30,ETHUSDT,vratio_480_xrank,0,0.0
1b_live,micro,30,ETHUSDT,cvd_slope_480,0,0.0
1b_live,micro,30,ETHUSDT,cvd_slope_480_xrank,0,0.0
1b_live,micro,30,ETHUSDT,signac_480,0,0.0
1b_live,micro,30,ETHUSDT,signac_480_xrank,0,0.0
1b_live,micro,30,ETHUSDT,sflow_480,0,0.0
1b_live,micro,30,ETHUSDT,sflow_480_xrank,0,0.0
1b_live,cross,30,ETHUSDT,own_ret_1,0,0.0
1b_live,cross,30,ETHUSDT,btc_ret_1,0,0.0
1b_live,cross,30,ETHUSDT,eth_ret_1,0,0.0
1b_live,cross,30,ETHUSDT,mkt_ret_1,0,0.0
1b_live,cross,30,ETHUSDT,breadth_1,0,0.0
1b_live,cross,30,ETHUSDT,disp_1,0,0.0
1b_live,cross,30,ETHUSDT,relstr_1,0,0.0
1b_live,cross,30,ETHUSDT,rank_1,0,0.0
1b_live,cross,30,ETHUSDT,btc_minus_own_1,0,0.0
1b_live,cross,30,ETHUSDT,eth_minus_own_1,0,0.0
1b_live,cross,30,ETHUSDT,own_ret_5,0,0.0
1b_live,cross,30,ETHUSDT,btc_ret_5,0,0.0
1b_live,cross,30,ETHUSDT,eth_ret_5,0,0.0
1b_live,cross,30,ETHUSDT,mkt_ret_5,0,0.0
1b_live,cross,30,ETHUSDT,breadth_5,0,0.0
1b_live,cross,30,ETHUSDT,disp_5,0,0.0
1b_live,cross,30,ETHUSDT,relstr_5,0,0.0
1b_live,cross,30,ETHUSDT,rank_5,0,0.0
1b_live,cross,30,ETHUSDT,btc_minus_own_5,0,0.0
1b_live,cross,30,ETHUSDT,eth_minus_own_5,0,0.0
1b_live,cross,30,ETHUSDT,own_ret_15,0,0.0
1b_live,cross,30,ETHUSDT,btc_ret_15,0,0.0
1b_live,cross,30,ETHUSDT,eth_ret_15,0,0.0
1b_live,cross,30,ETHUSDT,mkt_ret_15,0,0.0
1b_live,cross,30,ETHUSDT,breadth_15,0,0.0
1b_live,cross,30,ETHUSDT,disp_15,0,0.0
1b_live,cross,30,ETHUSDT,relstr_15,0,0.0
1b_live,cross,30,ETHUSDT,rank_15,0,0.0
1b_live,cross,30,ETHUSDT,btc_minus_own_15,0,0.0
1b_live,cross,30,ETHUSDT,eth_minus_own_15,0,0.0
1b_live,cross,30,ETHUSDT,own_ret_30,0,0.0
1b_live,cross,30,ETHUSDT,btc_ret_30,0,0.0
1b_live,cross,30,ETHUSDT,eth_ret_30,0,0.0
1b_live,cross,30,ETHUSDT,mkt_ret_30,0,0.0
1b_live,cross,30,ETHUSDT,breadth_30,0,0.0
1b_live,cross,30,ETHUSDT,disp_30,0,0.0
1b_live,cross,30,ETHUSDT,relstr_30,0,0.0
1b_live,cross,30,ETHUSDT,rank_30,0,0.0
1b_live,cross,30,ETHUSDT,btc_minus_own_30,0,0.0
1b_live,cross,30,ETHUSDT,eth_minus_own_30,0,0.0
1b_live,cross,30,ETHUSDT,own_ret_60,0,0.0
1b_live,cross,30,ETHUSDT,btc_ret_60,0,0.0
1b_live,cross,30,ETHUSDT,eth_ret_60,0,0.0
1b_live,cross,30,ETHUSDT,mkt_ret_60,0,0.0
1b_live,cross,30,ETHUSDT,breadth_60,0,0.0
1b_live,cross,30,ETHUSDT,disp_60,0,0.0
1b_live,cross,30,ETHUSDT,relstr_60,0,0.0
1b_live,cross,30,ETHUSDT,rank_60,0,0.0
1b_live,cross,30,ETHUSDT,btc_minus_own_60,0,0.0
1b_live,cross,30,ETHUSDT,eth_minus_own_60,0,0.0
1b_live,cross,30,ETHUSDT,own_ret_180,0,0.0
1b_live,cross,30,ETHUSDT,btc_ret_180,0,0.0
1b_live,cross,30,ETHUSDT,eth_ret_180,0,0.0
1b_live,cross,30,ETHUSDT,mkt_ret_180,0,0.0
1b_live,cross,30,ETHUSDT,breadth_180,0,0.0
1b_live,cross,30,ETHUSDT,disp_180,0,0.0
1b_live,cross,30,ETHUSDT,relstr_180,0,0.0
1b_live,cross,30,ETHUSDT,rank_180,0,0.0
1b_live,cross,30,ETHUSDT,btc_minus_own_180,0,0.0
1b_live,cross,30,ETHUSDT,eth_minus_own_180,0,0.0
1b_live,cross,30,ETHUSDT,own_ret_360,0,0.0
1b_live,cross,30,ETHUSDT,btc_ret_360,0,0.0
1b_live,cross,30,ETHUSDT,eth_ret_360,0,0.0
1b_live,cross,30,ETHUSDT,mkt_ret_360,0,0.0
1b_live,cross,30,ETHUSDT,breadth_360,0,0.0
1b_live,cross,30,ETHUSDT,disp_360,0,0.0
1b_live,cross,30,ETHUSDT,relstr_360,0,0.0
1b_live,cross,30,ETHUSDT,rank_360,0,0.0
1b_live,cross,30,ETHUSDT,btc_minus_own_360,0,0.0
1b_live,cross,30,ETHUSDT,eth_minus_own_360,0,0.0
1b_live,cross,30,ETHUSDT,own_ret_720,0,0.0
1b_live,cross,30,ETHUSDT,btc_ret_720,0,0.0
1b_live,cross,30,ETHUSDT,eth_ret_720,0,0.0
1b_live,cross,30,ETHUSDT,mkt_ret_720,0,0.0
1b_live,cross,30,ETHUSDT,breadth_720,0,0.0
1b_live,cross,30,ETHUSDT,disp_720,0,0.0
1b_live,cross,30,ETHUSDT,relstr_720,0,0.0
1b_live,cross,30,ETHUSDT,rank_720,0,0.0
1b_live,cross,30,ETHUSDT,btc_minus_own_720,0,0.0
1b_live,cross,30,ETHUSDT,eth_minus_own_720,0,0.0
1b_live,cross,30,ETHUSDT,own_ret_1440,0,0.0
1b_live,cross,30,ETHUSDT,btc_ret_1440,0,0.0
1b_live,cross,30,ETHUSDT,eth_ret_1440,0,0.0
1b_live,cross,30,ETHUSDT,mkt_ret_1440,0,0.0
1b_live,cross,30,ETHUSDT,breadth_1440,0,0.0
1b_live,cross,30,ETHUSDT,disp_1440,0,0.0
1b_live,cross,30,ETHUSDT,relstr_1440,0,0.0
1b_live,cross,30,ETHUSDT,rank_1440,0,0.0
1b_live,cross,30,ETHUSDT,btc_minus_own_1440,0,0.0
1b_live,cross,30,ETHUSDT,eth_minus_own_1440,0,0.0
1b_live,micro,30,LINKUSDT,rskew_30,0,0.0
1b_live,micro,30,LINKUSDT,rskew_30_xrank,0,0.0
1b_live,micro,30,LINKUSDT,rkurt_30,0,6.420388842798275e-08
1b_live,micro,30,LINKUSDT,rkurt_30_xrank,0,0.0
1b_live,micro,30,LINKUSDT,roll_30,0,0.0
1b_live,micro,30,LINKUSDT,roll_30_xrank,0,0.0
1b_live,micro,30,LINKUSDT,amihud_30,0,0.0
1b_live,micro,30,LINKUSDT,amihud_30_xrank,0,0.0
1b_live,micro,30,LINKUSDT,kyle_30,0,0.0
1b_live,micro,30,LINKUSDT,kyle_30_xrank,0,0.0
1b_live,micro,30,LINKUSDT,vpin_30,0,0.0
1b_live,micro,30,LINKUSDT,vpin_30_xrank,0,0.0
1b_live,micro,30,LINKUSDT,jump_30,0,1.3926603870118015e-08
1b_live,micro,30,LINKUSDT,jump_30_xrank,0,0.0
1b_live,micro,30,LINKUSDT,vratio_30,0,0.0
1b_live,micro,30,LINKUSDT,vratio_30_xrank,0,0.0
1b_live,micro,30,LINKUSDT,cvd_slope_30,0,0.0
1b_live,micro,30,LINKUSDT,cvd_slope_30_xrank,0,0.0
1b_live,micro,30,LINKUSDT,signac_30,0,0.0
1b_live,micro,30,LINKUSDT,signac_30_xrank,0,0.0
1b_live,micro,30,LINKUSDT,sflow_30,0,0.0
1b_live,micro,30,LINKUSDT,sflow_30_xrank,0,0.0
1b_live,micro,30,LINKUSDT,rskew_120,0,0.0
1b_live,micro,30,LINKUSDT,rskew_120_xrank,0,0.0
1b_live,micro,30,LINKUSDT,rkurt_120,0,2.033356061303948e-08
1b_live,micro,30,LINKUSDT,rkurt_120_xrank,0,0.0
1b_live,micro,30,LINKUSDT,roll_120,0,0.0
1b_live,micro,30,LINKUSDT,roll_120_xrank,0,0.0
1b_live,micro,30,LINKUSDT,amihud_120,0,5.5216954564230036e-08
1b_live,micro,30,LINKUSDT,amihud_120_xrank,0,0.0
1b_live,micro,30,LINKUSDT,kyle_120,0,0.0
1b_live,micro,30,LINKUSDT,kyle_120_xrank,0,0.0
1b_live,micro,30,LINKUSDT,vpin_120,0,0.0
1b_live,micro,30,LINKUSDT,vpin_120_xrank,0,0.0
1b_live,micro,30,LINKUSDT,jump_120,0,1.295676677059987e-09
1b_live,micro,30,LINKUSDT,jump_120_xrank,0,0.0
1b_live,micro,30,LINKUSDT,vratio_120,0,0.0
1b_live,micro,30,LINKUSDT,vratio_120_xrank,0,0.0
1b_live,micro,30,LINKUSDT,cvd_slope_120,0,0.0
1b_live,micro,30,LINKUSDT,cvd_slope_120_xrank,0,0.0
1b_live,micro,30,LINKUSDT,signac_120,0,0.0
1b_live,micro,30,LINKUSDT,signac_120_xrank,0,0.0
1b_live,micro,30,LINKUSDT,sflow_120,0,0.0
1b_live,micro,30,LINKUSDT,sflow_120_xrank,0,0.0
1b_live,micro,30,LINKUSDT,rskew_480,0,0.0
1b_live,micro,30,LINKUSDT,rskew_480_xrank,0,0.0
1b_live,micro,30,LINKUSDT,rkurt_480,0,2.7583276107634447e-08
1b_live,micro,30,LINKUSDT,rkurt_480_xrank,0,0.0
1b_live,micro,30,LINKUSDT,roll_480,0,0.0
1b_live,micro,30,LINKUSDT,roll_480_xrank,0,0.0
1b_live,micro,30,LINKUSDT,amihud_480,0,0.0
1b_live,micro,30,LINKUSDT,amihud_480_xrank,0,0.0
1b_live,micro,30,LINKUSDT,kyle_480,0,0.0
1b_live,micro,30,LINKUSDT,kyle_480_xrank,0,0.0
1b_live,micro,30,LINKUSDT,vpin_480,0,0.0
1b_live,micro,30,LINKUSDT,vpin_480_xrank,0,0.0
1b_live,micro,30,LINKUSDT,jump_480,0,0.0
1b_live,micro,30,LINKUSDT,jump_480_xrank,0,0.0
1b_live,micro,30,LINKUSDT,vratio_480,0,0.0
1b_live,micro,30,LINKUSDT,vratio_480_xrank,0,0.0
1b_live,micro,30,LINKUSDT,cvd_slope_480,0,0.0
1b_live,micro,30,LINKUSDT,cvd_slope_480_xrank,0,0.0
1b_live,micro,30,LINKUSDT,signac_480,0,0.0
1b_live,micro,30,LINKUSDT,signac_480_xrank,0,0.0
1b_live,micro,30,LINKUSDT,sflow_480,0,0.0
1b_live,micro,30,LINKUSDT,sflow_480_xrank,0,0.0
1b_live,cross,30,LINKUSDT,own_ret_1,0,0.0
1b_live,cross,30,LINKUSDT,btc_ret_1,0,0.0
1b_live,cross,30,LINKUSDT,eth_ret_1,0,0.0
1b_live,cross,30,LINKUSDT,mkt_ret_1,0,0.0
1b_live,cross,30,LINKUSDT,breadth_1,0,0.0
1b_live,cross,30,LINKUSDT,disp_1,0,0.0
1b_live,cross,30,LINKUSDT,relstr_1,0,0.0
1b_live,cross,30,LINKUSDT,rank_1,0,0.0
1b_live,cross,30,LINKUSDT,btc_minus_own_1,0,0.0
1b_live,cross,30,LINKUSDT,eth_minus_own_1,0,0.0
1b_live,cross,30,LINKUSDT,own_ret_5,0,0.0
1b_live,cross,30,LINKUSDT,btc_ret_5,0,0.0
1b_live,cross,30,LINKUSDT,eth_ret_5,0,0.0
1b_live,cross,30,LINKUSDT,mkt_ret_5,0,0.0
1b_live,cross,30,LINKUSDT,breadth_5,0,0.0
1b_live,cross,30,LINKUSDT,disp_5,0,0.0
1b_live,cross,30,LINKUSDT,relstr_5,0,0.0
1b_live,cross,30,LINKUSDT,rank_5,0,0.0
1b_live,cross,30,LINKUSDT,btc_minus_own_5,0,0.0
1b_live,cross,30,LINKUSDT,eth_minus_own_5,0,0.0
1b_live,cross,30,LINKUSDT,own_ret_15,0,0.0
1b_live,cross,30,LINKUSDT,btc_ret_15,0,0.0
1b_live,cross,30,LINKUSDT,eth_ret_15,0,0.0
1b_live,cross,30,LINKUSDT,mkt_ret_15,0,0.0
1b_live,cross,30,LINKUSDT,breadth_15,0,0.0
1b_live,cross,30,LINKUSDT,disp_15,0,0.0
1b_live,cross,30,LINKUSDT,relstr_15,0,0.0
1b_live,cross,30,LINKUSDT,rank_15,0,0.0
1b_live,cross,30,LINKUSDT,btc_minus_own_15,0,0.0
1b_live,cross,30,LINKUSDT,eth_minus_own_15,0,0.0
1b_live,cross,30,LINKUSDT,own_ret_30,0,0.0
1b_live,cross,30,LINKUSDT,btc_ret_30,0,0.0
1b_live,cross,30,LINKUSDT,eth_ret_30,0,0.0
1b_live,cross,30,LINKUSDT,mkt_ret_30,0,0.0
1b_live,cross,30,LINKUSDT,breadth_30,0,0.0
1b_live,cross,30,LINKUSDT,disp_30,0,0.0
1b_live,cross,30,LINKUSDT,relstr_30,0,0.0
1b_live,cross,30,LINKUSDT,rank_30,0,0.0
1b_live,cross,30,LINKUSDT,btc_minus_own_30,0,0.0
1b_live,cross,30,LINKUSDT,eth_minus_own_30,0,0.0
1b_live,cross,30,LINKUSDT,own_ret_60,0,0.0
1b_live,cross,30,LINKUSDT,btc_ret_60,0,0.0
1b_live,cross,30,LINKUSDT,eth_ret_60,0,0.0
1b_live,cross,30,LINKUSDT,mkt_ret_60,0,0.0
1b_live,cross,30,LINKUSDT,breadth_60,0,0.0
1b_live,cross,30,LINKUSDT,disp_60,0,0.0
1b_live,cross,30,LINKUSDT,relstr_60,0,0.0
1b_live,cross,30,LINKUSDT,rank_60,0,0.0
1b_live,cross,30,LINKUSDT,btc_minus_own_60,0,0.0
1b_live,cross,30,LINKUSDT,eth_minus_own_60,0,0.0
1b_live,cross,30,LINKUSDT,own_ret_180,0,0.0
1b_live,cross,30,LINKUSDT,btc_ret_180,0,0.0
1b_live,cross,30,LINKUSDT,eth_ret_180,0,0.0
1b_live,cross,30,LINKUSDT,mkt_ret_180,0,0.0
1b_live,cross,30,LINKUSDT,breadth_180,0,0.0
1b_live,cross,30,LINKUSDT,disp_180,0,0.0
1b_live,cross,30,LINKUSDT,relstr_180,0,0.0
1b_live,cross,30,LINKUSDT,rank_180,0,0.0
1b_live,cross,30,LINKUSDT,btc_minus_own_180,0,0.0
1b_live,cross,30,LINKUSDT,eth_minus_own_180,0,0.0
1b_live,cross,30,LINKUSDT,own_ret_360,0,0.0
1b_live,cross,30,LINKUSDT,btc_ret_360,0,0.0
1b_live,cross,30,LINKUSDT,eth_ret_360,0,0.0
1b_live,cross,30,LINKUSDT,mkt_ret_360,0,0.0
1b_live,cross,30,LINKUSDT,breadth_360,0,0.0
1b_live,cross,30,LINKUSDT,disp_360,0,0.0
1b_live,cross,30,LINKUSDT,relstr_360,0,0.0
1b_live,cross,30,LINKUSDT,rank_360,0,0.0
1b_live,cross,30,LINKUSDT,btc_minus_own_360,0,0.0
1b_live,cross,30,LINKUSDT,eth_minus_own_360,0,0.0
1b_live,cross,30,LINKUSDT,own_ret_720,0,0.0
1b_live,cross,30,LINKUSDT,btc_ret_720,0,0.0
1b_live,cross,30,LINKUSDT,eth_ret_720,0,0.0
1b_live,cross,30,LINKUSDT,mkt_ret_720,0,0.0
1b_live,cross,30,LINKUSDT,breadth_720,0,0.0
1b_live,cross,30,LINKUSDT,disp_720,0,0.0
1b_live,cross,30,LINKUSDT,relstr_720,0,0.0
1b_live,cross,30,LINKUSDT,rank_720,0,0.0
1b_live,cross,30,LINKUSDT,btc_minus_own_720,0,0.0
1b_live,cross,30,LINKUSDT,eth_minus_own_720,0,0.0
1b_live,cross,30,LINKUSDT,own_ret_1440,0,0.0
1b_live,cross,30,LINKUSDT,btc_ret_1440,0,0.0
1b_live,cross,30,LINKUSDT,eth_ret_1440,0,0.0
1b_live,cross,30,LINKUSDT,mkt_ret_1440,0,0.0
1b_live,cross,30,LINKUSDT,breadth_1440,0,0.0
1b_live,cross,30,LINKUSDT,disp_1440,0,0.0
1b_live,cross,30,LINKUSDT,relstr_1440,0,0.0
1b_live,cross,30,LINKUSDT,rank_1440,0,0.0
1b_live,cross,30,LINKUSDT,btc_minus_own_1440,0,0.0
1b_live,cross,30,LINKUSDT,eth_minus_own_1440,0,0.0
1b_live,micro,30,SOLUSDT,rskew_30,0,4.337788350738947e-09
1b_live,micro,30,SOLUSDT,rskew_30_xrank,0,0.0
1b_live,micro,30,SOLUSDT,rkurt_30,0,5.565262028994766e-08
1b_live,micro,30,SOLUSDT,rkurt_30_xrank,0,0.0
1b_live,micro,30,SOLUSDT,roll_30,0,0.0
1b_live,micro,30,SOLUSDT,roll_30_xrank,0,0.0
1b_live,micro,30,SOLUSDT,amihud_30,0,0.0
1b_live,micro,30,SOLUSDT,amihud_30_xrank,0,0.0
1b_live,micro,30,SOLUSDT,kyle_30,0,0.0
1b_live,micro,30,SOLUSDT,kyle_30_xrank,0,0.0
1b_live,micro,30,SOLUSDT,vpin_30,0,0.0
1b_live,micro,30,SOLUSDT,vpin_30_xrank,0,0.0
1b_live,micro,30,SOLUSDT,jump_30,0,3.2237090774600574e-09
1b_live,micro,30,SOLUSDT,jump_30_xrank,0,0.0
1b_live,micro,30,SOLUSDT,vratio_30,0,0.0
1b_live,micro,30,SOLUSDT,vratio_30_xrank,0,0.0
1b_live,micro,30,SOLUSDT,cvd_slope_30,0,0.0
1b_live,micro,30,SOLUSDT,cvd_slope_30_xrank,0,0.0
1b_live,micro,30,SOLUSDT,signac_30,0,0.0
1b_live,micro,30,SOLUSDT,signac_30_xrank,0,0.0
1b_live,micro,30,SOLUSDT,sflow_30,0,0.0
1b_live,micro,30,SOLUSDT,sflow_30_xrank,0,0.0
1b_live,micro,30,SOLUSDT,rskew_120,0,5.423634430457014e-09
1b_live,micro,30,SOLUSDT,rskew_120_xrank,0,0.0
1b_live,micro,30,SOLUSDT,rkurt_120,0,1.0612941636622963e-08
1b_live,micro,30,SOLUSDT,rkurt_120_xrank,0,0.0
1b_live,micro,30,SOLUSDT,roll_120,0,0.0
1b_live,micro,30,SOLUSDT,roll_120_xrank,0,0.0
1b_live,micro,30,SOLUSDT,amihud_120,0,0.0
1b_live,micro,30,SOLUSDT,amihud_120_xrank,0,0.0
1b_live,micro,30,SOLUSDT,kyle_120,0,0.0
1b_live,micro,30,SOLUSDT,kyle_120_xrank,0,0.0
1b_live,micro,30,SOLUSDT,vpin_120,0,0.0
1b_live,micro,30,SOLUSDT,vpin_120_xrank,0,0.0
1b_live,micro,30,SOLUSDT,jump_120,0,2.2450281633723534e-08
1b_live,micro,30,SOLUSDT,jump_120_xrank,0,0.0
1b_live,micro,30,SOLUSDT,vratio_120,0,0.0
1b_live,micro,30,SOLUSDT,vratio_120_xrank,0,0.0
1b_live,micro,30,SOLUSDT,cvd_slope_120,0,0.0
1b_live,micro,30,SOLUSDT,cvd_slope_120_xrank,0,0.0
1b_live,micro,30,SOLUSDT,signac_120,0,0.0
1b_live,micro,30,SOLUSDT,signac_120_xrank,0,0.0
1b_live,micro,30,SOLUSDT,sflow_120,0,0.0
1b_live,micro,30,SOLUSDT,sflow_120_xrank,0,0.0
1b_live,micro,30,SOLUSDT,rskew_480,0,0.0
1b_live,micro,30,SOLUSDT,rskew_480_xrank,0,0.0
1b_live,micro,30,SOLUSDT,rkurt_480,0,2.8063098511665885e-08
1b_live,micro,30,SOLUSDT,rkurt_480_xrank,0,0.0
1b_live,micro,30,SOLUSDT,roll_480,0,0.0
1b_live,micro,30,SOLUSDT,roll_480_xrank,0,0.0
1b_live,micro,30,SOLUSDT,amihud_480,0,0.0
1b_live,micro,30,SOLUSDT,amihud_480_xrank,0,0.0
1b_live,micro,30,SOLUSDT,kyle_480,0,0.0
1b_live,micro,30,SOLUSDT,kyle_480_xrank,0,0.0
1b_live,micro,30,SOLUSDT,vpin_480,0,0.0
1b_live,micro,30,SOLUSDT,vpin_480_xrank,0,0.0
1b_live,micro,30,SOLUSDT,jump_480,0,1.2272504790189487e-08
1b_live,micro,30,SOLUSDT,jump_480_xrank,0,0.0
1b_live,micro,30,SOLUSDT,vratio_480,0,0.0
1b_live,micro,30,SOLUSDT,vratio_480_xrank,0,0.0
1b_live,micro,30,SOLUSDT,cvd_slope_480,0,0.0
1b_live,micro,30,SOLUSDT,cvd_slope_480_xrank,0,0.0
1b_live,micro,30,SOLUSDT,signac_480,0,0.0
1b_live,micro,30,SOLUSDT,signac_480_xrank,0,0.0
1b_live,micro,30,SOLUSDT,sflow_480,0,0.0
1b_live,micro,30,SOLUSDT,sflow_480_xrank,0,0.0
1b_live,cross,30,SOLUSDT,own_ret_1,0,0.0
1b_live,cross,30,SOLUSDT,btc_ret_1,0,0.0
1b_live,cross,30,SOLUSDT,eth_ret_1,0,0.0
1b_live,cross,30,SOLUSDT,mkt_ret_1,0,0.0
1b_live,cross,30,SOLUSDT,breadth_1,0,0.0
1b_live,cross,30,SOLUSDT,disp_1,0,0.0
1b_live,cross,30,SOLUSDT,relstr_1,0,0.0
1b_live,cross,30,SOLUSDT,rank_1,0,0.0
1b_live,cross,30,SOLUSDT,btc_minus_own_1,0,0.0
1b_live,cross,30,SOLUSDT,eth_minus_own_1,0,0.0
1b_live,cross,30,SOLUSDT,own_ret_5,0,0.0
1b_live,cross,30,SOLUSDT,btc_ret_5,0,0.0
1b_live,cross,30,SOLUSDT,eth_ret_5,0,0.0
1b_live,cross,30,SOLUSDT,mkt_ret_5,0,0.0
1b_live,cross,30,SOLUSDT,breadth_5,0,0.0
1b_live,cross,30,SOLUSDT,disp_5,0,0.0
1b_live,cross,30,SOLUSDT,relstr_5,0,0.0
1b_live,cross,30,SOLUSDT,rank_5,0,0.0
1b_live,cross,30,SOLUSDT,btc_minus_own_5,0,0.0
1b_live,cross,30,SOLUSDT,eth_minus_own_5,0,0.0
1b_live,cross,30,SOLUSDT,own_ret_15,0,0.0
1b_live,cross,30,SOLUSDT,btc_ret_15,0,0.0
1b_live,cross,30,SOLUSDT,eth_ret_15,0,0.0
1b_live,cross,30,SOLUSDT,mkt_ret_15,0,0.0
1b_live,cross,30,SOLUSDT,breadth_15,0,0.0
1b_live,cross,30,SOLUSDT,disp_15,0,0.0
1b_live,cross,30,SOLUSDT,relstr_15,0,0.0
1b_live,cross,30,SOLUSDT,rank_15,0,0.0
1b_live,cross,30,SOLUSDT,btc_minus_own_15,0,0.0
1b_live,cross,30,SOLUSDT,eth_minus_own_15,0,0.0
1b_live,cross,30,SOLUSDT,own_ret_30,0,0.0
1b_live,cross,30,SOLUSDT,btc_ret_30,0,0.0
1b_live,cross,30,SOLUSDT,eth_ret_30,0,0.0
1b_live,cross,30,SOLUSDT,mkt_ret_30,0,0.0
1b_live,cross,30,SOLUSDT,breadth_30,0,0.0
1b_live,cross,30,SOLUSDT,disp_30,0,0.0
1b_live,cross,30,SOLUSDT,relstr_30,0,0.0
1b_live,cross,30,SOLUSDT,rank_30,0,0.0
1b_live,cross,30,SOLUSDT,btc_minus_own_30,0,0.0
1b_live,cross,30,SOLUSDT,eth_minus_own_30,0,0.0
1b_live,cross,30,SOLUSDT,own_ret_60,0,0.0
1b_live,cross,30,SOLUSDT,btc_ret_60,0,0.0
1b_live,cross,30,SOLUSDT,eth_ret_60,0,0.0
1b_live,cross,30,SOLUSDT,mkt_ret_60,0,0.0
1b_live,cross,30,SOLUSDT,breadth_60,0,0.0
1b_live,cross,30,SOLUSDT,disp_60,0,0.0
1b_live,cross,30,SOLUSDT,relstr_60,0,0.0
1b_live,cross,30,SOLUSDT,rank_60,0,0.0
1b_live,cross,30,SOLUSDT,btc_minus_own_60,0,0.0
1b_live,cross,30,SOLUSDT,eth_minus_own_60,0,0.0
1b_live,cross,30,SOLUSDT,own_ret_180,0,0.0
1b_live,cross,30,SOLUSDT,btc_ret_180,0,0.0
1b_live,cross,30,SOLUSDT,eth_ret_180,0,0.0
1b_live,cross,30,SOLUSDT,mkt_ret_180,0,0.0
1b_live,cross,30,SOLUSDT,breadth_180,0,0.0
1b_live,cross,30,SOLUSDT,disp_180,0,0.0
1b_live,cross,30,SOLUSDT,relstr_180,0,0.0
1b_live,cross,30,SOLUSDT,rank_180,0,0.0
1b_live,cross,30,SOLUSDT,btc_minus_own_180,0,0.0
1b_live,cross,30,SOLUSDT,eth_minus_own_180,0,0.0
1b_live,cross,30,SOLUSDT,own_ret_360,0,0.0
1b_live,cross,30,SOLUSDT,btc_ret_360,0,0.0
1b_live,cross,30,SOLUSDT,eth_ret_360,0,0.0
1b_live,cross,30,SOLUSDT,mkt_ret_360,0,0.0
1b_live,cross,30,SOLUSDT,breadth_360,0,0.0
1b_live,cross,30,SOLUSDT,disp_360,0,0.0
1b_live,cross,30,SOLUSDT,relstr_360,0,0.0
1b_live,cross,30,SOLUSDT,rank_360,0,0.0
1b_live,cross,30,SOLUSDT,btc_minus_own_360,0,0.0
1b_live,cross,30,SOLUSDT,eth_minus_own_360,0,0.0
1b_live,cross,30,SOLUSDT,own_ret_720,0,0.0
1b_live,cross,30,SOLUSDT,btc_ret_720,0,0.0
1b_live,cross,30,SOLUSDT,eth_ret_720,0,0.0
1b_live,cross,30,SOLUSDT,mkt_ret_720,0,0.0
1b_live,cross,30,SOLUSDT,breadth_720,0,0.0
1b_live,cross,30,SOLUSDT,disp_720,0,0.0
1b_live,cross,30,SOLUSDT,relstr_720,0,0.0
1b_live,cross,30,SOLUSDT,rank_720,0,0.0
1b_live,cross,30,SOLUSDT,btc_minus_own_720,0,0.0
1b_live,cross,30,SOLUSDT,eth_minus_own_720,0,0.0
1b_live,cross,30,SOLUSDT,own_ret_1440,0,0.0
1b_live,cross,30,SOLUSDT,btc_ret_1440,0,0.0
1b_live,cross,30,SOLUSDT,eth_ret_1440,0,0.0
1b_live,cross,30,SOLUSDT,mkt_ret_1440,0,0.0
1b_live,cross,30,SOLUSDT,breadth_1440,0,0.0
1b_live,cross,30,SOLUSDT,disp_1440,0,0.0
1b_live,cross,30,SOLUSDT,relstr_1440,0,0.0
1b_live,cross,30,SOLUSDT,rank_1440,0,0.0
1b_live,cross,30,SOLUSDT,btc_minus_own_1440,0,0.0
1b_live,cross,30,SOLUSDT,eth_minus_own_1440,0,0.0
1b_live,micro,30,XRPUSDT,rskew_30,0,7.024637538322054e-10
1b_live,micro,30,XRPUSDT,rskew_30_xrank,0,0.0
1b_live,micro,30,XRPUSDT,rkurt_30,0,3.57999496714001e-08
1b_live,micro,30,XRPUSDT,rkurt_30_xrank,0,0.0
1b_live,micro,30,XRPUSDT,roll_30,0,0.0
1b_live,micro,30,XRPUSDT,roll_30_xrank,0,0.0
1b_live,micro,30,XRPUSDT,amihud_30,0,0.0
1b_live,micro,30,XRPUSDT,amihud_30_xrank,0,0.0
1b_live,micro,30,XRPUSDT,kyle_30,0,0.0
1b_live,micro,30,XRPUSDT,kyle_30_xrank,0,0.0
1b_live,micro,30,XRPUSDT,vpin_30,0,0.0
1b_live,micro,30,XRPUSDT,vpin_30_xrank,0,0.0
1b_live,micro,30,XRPUSDT,jump_30,0,0.0
1b_live,micro,30,XRPUSDT,jump_30_xrank,0,0.0
1b_live,micro,30,XRPUSDT,vratio_30,0,0.0
1b_live,micro,30,XRPUSDT,vratio_30_xrank,0,0.0
1b_live,micro,30,XRPUSDT,cvd_slope_30,0,0.0
1b_live,micro,30,XRPUSDT,cvd_slope_30_xrank,0,0.0
1b_live,micro,30,XRPUSDT,signac_30,0,0.0
1b_live,micro,30,XRPUSDT,signac_30_xrank,0,0.0
1b_live,micro,30,XRPUSDT,sflow_30,0,1.37213496120836e-09
1b_live,micro,30,XRPUSDT,sflow_30_xrank,0,0.0
1b_live,micro,30,XRPUSDT,rskew_120,0,0.0
1b_live,micro,30,XRPUSDT,rskew_120_xrank,0,0.0
1b_live,micro,30,XRPUSDT,rkurt_120,0,2.096733986434174e-08
1b_live,micro,30,XRPUSDT,rkurt_120_xrank,0,0.0
1b_live,micro,30,XRPUSDT,roll_120,0,0.0
1b_live,micro,30,XRPUSDT,roll_120_xrank,0,0.0
1b_live,micro,30,XRPUSDT,amihud_120,0,0.0
1b_live,micro,30,XRPUSDT,amihud_120_xrank,0,0.0
1b_live,micro,30,XRPUSDT,kyle_120,0,0.0
1b_live,micro,30,XRPUSDT,kyle_120_xrank,0,0.0
1b_live,micro,30,XRPUSDT,vpin_120,0,0.0
1b_live,micro,30,XRPUSDT,vpin_120_xrank,0,0.0
1b_live,micro,30,XRPUSDT,jump_120,0,0.0
1b_live,micro,30,XRPUSDT,jump_120_xrank,0,0.0
1b_live,micro,30,XRPUSDT,vratio_120,0,0.0
1b_live,micro,30,XRPUSDT,vratio_120_xrank,0,0.0
1b_live,micro,30,XRPUSDT,cvd_slope_120,0,0.0
1b_live,micro,30,XRPUSDT,cvd_slope_120_xrank,0,0.0
1b_live,micro,30,XRPUSDT,signac_120,0,0.0
1b_live,micro,30,XRPUSDT,signac_120_xrank,0,0.0
1b_live,micro,30,XRPUSDT,sflow_120,0,0.0
1b_live,micro,30,XRPUSDT,sflow_120_xrank,0,0.0
1b_live,micro,30,XRPUSDT,rskew_480,0,0.0
1b_live,micro,30,XRPUSDT,rskew_480_xrank,0,0.0
1b_live,micro,30,XRPUSDT,rkurt_480,0,9.822415769633608e-09
1b_live,micro,30,XRPUSDT,rkurt_480_xrank,0,0.0
1b_live,micro,30,XRPUSDT,roll_480,0,0.0
1b_live,micro,30,XRPUSDT,roll_480_xrank,0,0.0
1b_live,micro,30,XRPUSDT,amihud_480,0,0.0
1b_live,micro,30,XRPUSDT,amihud_480_xrank,0,0.0
1b_live,micro,30,XRPUSDT,kyle_480,0,0.0
1b_live,micro,30,XRPUSDT,kyle_480_xrank,0,0.0
1b_live,micro,30,XRPUSDT,vpin_480,0,0.0
1b_live,micro,30,XRPUSDT,vpin_480_xrank,0,0.0
1b_live,micro,30,XRPUSDT,jump_480,0,1.5378004425414815e-09
1b_live,micro,30,XRPUSDT,jump_480_xrank,0,0.0
1b_live,micro,30,XRPUSDT,vratio_480,0,0.0
1b_live,micro,30,XRPUSDT,vratio_480_xrank,0,0.0
1b_live,micro,30,XRPUSDT,cvd_slope_480,0,0.0
1b_live,micro,30,XRPUSDT,cvd_slope_480_xrank,0,0.0
1b_live,micro,30,XRPUSDT,signac_480,0,0.0
1b_live,micro,30,XRPUSDT,signac_480_xrank,0,0.0
1b_live,micro,30,XRPUSDT,sflow_480,0,0.0
1b_live,micro,30,XRPUSDT,sflow_480_xrank,0,0.0
1b_live,cross,30,XRPUSDT,own_ret_1,0,0.0
1b_live,cross,30,XRPUSDT,btc_ret_1,0,0.0
1b_live,cross,30,XRPUSDT,eth_ret_1,0,0.0
1b_live,cross,30,XRPUSDT,mkt_ret_1,0,0.0
1b_live,cross,30,XRPUSDT,breadth_1,0,0.0
1b_live,cross,30,XRPUSDT,disp_1,0,0.0
1b_live,cross,30,XRPUSDT,relstr_1,0,0.0
1b_live,cross,30,XRPUSDT,rank_1,0,0.0
1b_live,cross,30,XRPUSDT,btc_minus_own_1,0,0.0
1b_live,cross,30,XRPUSDT,eth_minus_own_1,0,0.0
1b_live,cross,30,XRPUSDT,own_ret_5,0,0.0
1b_live,cross,30,XRPUSDT,btc_ret_5,0,0.0
1b_live,cross,30,XRPUSDT,eth_ret_5,0,0.0
1b_live,cross,30,XRPUSDT,mkt_ret_5,0,0.0
1b_live,cross,30,XRPUSDT,breadth_5,0,0.0
1b_live,cross,30,XRPUSDT,disp_5,0,0.0
1b_live,cross,30,XRPUSDT,relstr_5,0,0.0
1b_live,cross,30,XRPUSDT,rank_5,0,0.0
1b_live,cross,30,XRPUSDT,btc_minus_own_5,0,0.0
1b_live,cross,30,XRPUSDT,eth_minus_own_5,0,0.0
1b_live,cross,30,XRPUSDT,own_ret_15,0,0.0
1b_live,cross,30,XRPUSDT,btc_ret_15,0,0.0
1b_live,cross,30,XRPUSDT,eth_ret_15,0,0.0
1b_live,cross,30,XRPUSDT,mkt_ret_15,0,0.0
1b_live,cross,30,XRPUSDT,breadth_15,0,0.0
1b_live,cross,30,XRPUSDT,disp_15,0,0.0
1b_live,cross,30,XRPUSDT,relstr_15,0,0.0
1b_live,cross,30,XRPUSDT,rank_15,0,0.0
1b_live,cross,30,XRPUSDT,btc_minus_own_15,0,0.0
1b_live,cross,30,XRPUSDT,eth_minus_own_15,0,0.0
1b_live,cross,30,XRPUSDT,own_ret_30,0,0.0
1b_live,cross,30,XRPUSDT,btc_ret_30,0,0.0
1b_live,cross,30,XRPUSDT,eth_ret_30,0,0.0
1b_live,cross,30,XRPUSDT,mkt_ret_30,0,0.0
1b_live,cross,30,XRPUSDT,breadth_30,0,0.0
1b_live,cross,30,XRPUSDT,disp_30,0,0.0
1b_live,cross,30,XRPUSDT,relstr_30,0,0.0
1b_live,cross,30,XRPUSDT,rank_30,0,0.0
1b_live,cross,30,XRPUSDT,btc_minus_own_30,0,0.0
1b_live,cross,30,XRPUSDT,eth_minus_own_30,0,0.0
1b_live,cross,30,XRPUSDT,own_ret_60,0,0.0
1b_live,cross,30,XRPUSDT,btc_ret_60,0,0.0
1b_live,cross,30,XRPUSDT,eth_ret_60,0,0.0
1b_live,cross,30,XRPUSDT,mkt_ret_60,0,0.0
1b_live,cross,30,XRPUSDT,breadth_60,0,0.0
1b_live,cross,30,XRPUSDT,disp_60,0,0.0
1b_live,cross,30,XRPUSDT,relstr_60,0,0.0
1b_live,cross,30,XRPUSDT,rank_60,0,0.0
1b_live,cross,30,XRPUSDT,btc_minus_own_60,0,0.0
1b_live,cross,30,XRPUSDT,eth_minus_own_60,0,0.0
1b_live,cross,30,XRPUSDT,own_ret_180,0,0.0
1b_live,cross,30,XRPUSDT,btc_ret_180,0,0.0
1b_live,cross,30,XRPUSDT,eth_ret_180,0,0.0
1b_live,cross,30,XRPUSDT,mkt_ret_180,0,0.0
1b_live,cross,30,XRPUSDT,breadth_180,0,0.0
1b_live,cross,30,XRPUSDT,disp_180,0,0.0
1b_live,cross,30,XRPUSDT,relstr_180,0,0.0
1b_live,cross,30,XRPUSDT,rank_180,0,0.0
1b_live,cross,30,XRPUSDT,btc_minus_own_180,0,0.0
1b_live,cross,30,XRPUSDT,eth_minus_own_180,0,0.0
1b_live,cross,30,XRPUSDT,own_ret_360,0,0.0
1b_live,cross,30,XRPUSDT,btc_ret_360,0,0.0
1b_live,cross,30,XRPUSDT,eth_ret_360,0,0.0
1b_live,cross,30,XRPUSDT,mkt_ret_360,0,0.0
1b_live,cross,30,XRPUSDT,breadth_360,0,0.0
1b_live,cross,30,XRPUSDT,disp_360,0,0.0
1b_live,cross,30,XRPUSDT,relstr_360,0,0.0
1b_live,cross,30,XRPUSDT,rank_360,0,0.0
1b_live,cross,30,XRPUSDT,btc_minus_own_360,0,0.0
1b_live,cross,30,XRPUSDT,eth_minus_own_360,0,0.0
1b_live,cross,30,XRPUSDT,own_ret_720,0,0.0
1b_live,cross,30,XRPUSDT,btc_ret_720,0,0.0
1b_live,cross,30,XRPUSDT,eth_ret_720,0,0.0
1b_live,cross,30,XRPUSDT,mkt_ret_720,0,0.0
1b_live,cross,30,XRPUSDT,breadth_720,0,0.0
1b_live,cross,30,XRPUSDT,disp_720,0,0.0
1b_live,cross,30,XRPUSDT,relstr_720,0,0.0
1b_live,cross,30,XRPUSDT,rank_720,0,0.0
1b_live,cross,30,XRPUSDT,btc_minus_own_720,0,0.0
1b_live,cross,30,XRPUSDT,eth_minus_own_720,0,0.0
1b_live,cross,30,XRPUSDT,own_ret_1440,0,0.0
1b_live,cross,30,XRPUSDT,btc_ret_1440,0,0.0
1b_live,cross,30,XRPUSDT,eth_ret_1440,0,0.0
1b_live,cross,30,XRPUSDT,mkt_ret_1440,0,0.0
1b_live,cross,30,XRPUSDT,breadth_1440,0,0.0
1b_live,cross,30,XRPUSDT,disp_1440,0,0.0
1b_live,cross,30,XRPUSDT,relstr_1440,0,0.0
1b_live,cross,30,XRPUSDT,rank_1440,0,0.0
1b_live,cross,30,XRPUSDT,btc_minus_own_1440,0,0.0
1b_live,cross,30,XRPUSDT,eth_minus_own_1440,0,0.0
1b_live,micro,60,ADAUSDT,rskew_30,0,0.0
1b_live,micro,60,ADAUSDT,rskew_30_xrank,0,0.0
1b_live,micro,60,ADAUSDT,rkurt_30,0,1.1447409775655615e-07
1b_live,micro,60,ADAUSDT,rkurt_30_xrank,0,0.0
1b_live,micro,60,ADAUSDT,roll_30,0,0.0
1b_live,micro,60,ADAUSDT,roll_30_xrank,0,0.0
1b_live,micro,60,ADAUSDT,amihud_30,0,0.0
1b_live,micro,60,ADAUSDT,amihud_30_xrank,0,0.0
1b_live,micro,60,ADAUSDT,kyle_30,0,4.780965845441187e-09
1b_live,micro,60,ADAUSDT,kyle_30_xrank,0,0.0
1b_live,micro,60,ADAUSDT,vpin_30,0,5.5590145819905956e-08
1b_live,micro,60,ADAUSDT,vpin_30_xrank,0,0.0
1b_live,micro,60,ADAUSDT,jump_30,0,6.493354742787005e-10
1b_live,micro,60,ADAUSDT,jump_30_xrank,0,0.0
1b_live,micro,60,ADAUSDT,vratio_30,0,0.0
1b_live,micro,60,ADAUSDT,vratio_30_xrank,0,0.0
1b_live,micro,60,ADAUSDT,cvd_slope_30,0,0.0
1b_live,micro,60,ADAUSDT,cvd_slope_30_xrank,0,0.0
1b_live,micro,60,ADAUSDT,signac_30,0,0.0
1b_live,micro,60,ADAUSDT,signac_30_xrank,0,0.0
1b_live,micro,60,ADAUSDT,sflow_30,0,2.8133997354018447e-09
1b_live,micro,60,ADAUSDT,sflow_30_xrank,0,0.0
1b_live,micro,60,ADAUSDT,rskew_120,0,1.4795961789104695e-08
1b_live,micro,60,ADAUSDT,rskew_120_xrank,0,0.0
1b_live,micro,60,ADAUSDT,rkurt_120,0,1.540771421559839e-08
1b_live,micro,60,ADAUSDT,rkurt_120_xrank,0,0.0
1b_live,micro,60,ADAUSDT,roll_120,0,0.0
1b_live,micro,60,ADAUSDT,roll_120_xrank,0,0.0
1b_live,micro,60,ADAUSDT,amihud_120,0,0.0
1b_live,micro,60,ADAUSDT,amihud_120_xrank,0,0.0
1b_live,micro,60,ADAUSDT,kyle_120,0,0.0
1b_live,micro,60,ADAUSDT,kyle_120_xrank,0,0.0
1b_live,micro,60,ADAUSDT,vpin_120,0,0.0
1b_live,micro,60,ADAUSDT,vpin_120_xrank,0,0.0
1b_live,micro,60,ADAUSDT,jump_120,0,1.6634859045794315e-09
1b_live,micro,60,ADAUSDT,jump_120_xrank,0,0.0
1b_live,micro,60,ADAUSDT,vratio_120,0,0.0
1b_live,micro,60,ADAUSDT,vratio_120_xrank,0,0.0
1b_live,micro,60,ADAUSDT,cvd_slope_120,0,0.0
1b_live,micro,60,ADAUSDT,cvd_slope_120_xrank,0,0.0
1b_live,micro,60,ADAUSDT,signac_120,0,0.0
1b_live,micro,60,ADAUSDT,signac_120_xrank,0,0.0
1b_live,micro,60,ADAUSDT,sflow_120,0,0.0
1b_live,micro,60,ADAUSDT,sflow_120_xrank,0,0.0
1b_live,micro,60,ADAUSDT,rskew_480,0,0.0
1b_live,micro,60,ADAUSDT,rskew_480_xrank,0,0.0
1b_live,micro,60,ADAUSDT,rkurt_480,0,4.886517146474034e-08
1b_live,micro,60,ADAUSDT,rkurt_480_xrank,0,0.0
1b_live,micro,60,ADAUSDT,roll_480,0,0.0
1b_live,micro,60,ADAUSDT,roll_480_xrank,0,0.0
1b_live,micro,60,ADAUSDT,amihud_480,0,0.0
1b_live,micro,60,ADAUSDT,amihud_480_xrank,0,0.0
1b_live,micro,60,ADAUSDT,kyle_480,0,0.0
1b_live,micro,60,ADAUSDT,kyle_480_xrank,0,0.0
1b_live,micro,60,ADAUSDT,vpin_480,0,0.0
1b_live,micro,60,ADAUSDT,vpin_480_xrank,0,0.0
1b_live,micro,60,ADAUSDT,jump_480,0,0.0
1b_live,micro,60,ADAUSDT,jump_480_xrank,0,0.0
1b_live,micro,60,ADAUSDT,vratio_480,0,0.0
1b_live,micro,60,ADAUSDT,vratio_480_xrank,0,0.0
1b_live,micro,60,ADAUSDT,cvd_slope_480,0,0.0
1b_live,micro,60,ADAUSDT,cvd_slope_480_xrank,0,0.0
1b_live,micro,60,ADAUSDT,signac_480,0,0.0
1b_live,micro,60,ADAUSDT,signac_480_xrank,0,0.0
1b_live,micro,60,ADAUSDT,sflow_480,0,0.0
1b_live,micro,60,ADAUSDT,sflow_480_xrank,0,0.0
1b_live,cross,60,ADAUSDT,own_ret_1,0,0.0
1b_live,cross,60,ADAUSDT,btc_ret_1,0,0.0
1b_live,cross,60,ADAUSDT,eth_ret_1,0,0.0
1b_live,cross,60,ADAUSDT,mkt_ret_1,0,0.0
1b_live,cross,60,ADAUSDT,breadth_1,0,0.0
1b_live,cross,60,ADAUSDT,disp_1,0,0.0
1b_live,cross,60,ADAUSDT,relstr_1,0,0.0
1b_live,cross,60,ADAUSDT,rank_1,0,0.0
1b_live,cross,60,ADAUSDT,btc_minus_own_1,0,0.0
1b_live,cross,60,ADAUSDT,eth_minus_own_1,0,0.0
1b_live,cross,60,ADAUSDT,own_ret_5,0,0.0
1b_live,cross,60,ADAUSDT,btc_ret_5,0,0.0
1b_live,cross,60,ADAUSDT,eth_ret_5,0,0.0
1b_live,cross,60,ADAUSDT,mkt_ret_5,0,0.0
1b_live,cross,60,ADAUSDT,breadth_5,0,0.0
1b_live,cross,60,ADAUSDT,disp_5,0,0.0
1b_live,cross,60,ADAUSDT,relstr_5,0,0.0
1b_live,cross,60,ADAUSDT,rank_5,0,0.0
1b_live,cross,60,ADAUSDT,btc_minus_own_5,0,0.0
1b_live,cross,60,ADAUSDT,eth_minus_own_5,0,0.0
1b_live,cross,60,ADAUSDT,own_ret_15,0,0.0
1b_live,cross,60,ADAUSDT,btc_ret_15,0,0.0
1b_live,cross,60,ADAUSDT,eth_ret_15,0,0.0
1b_live,cross,60,ADAUSDT,mkt_ret_15,0,0.0
1b_live,cross,60,ADAUSDT,breadth_15,0,0.0
1b_live,cross,60,ADAUSDT,disp_15,0,0.0
1b_live,cross,60,ADAUSDT,relstr_15,0,0.0
1b_live,cross,60,ADAUSDT,rank_15,0,0.0
1b_live,cross,60,ADAUSDT,btc_minus_own_15,0,0.0
1b_live,cross,60,ADAUSDT,eth_minus_own_15,0,0.0
1b_live,cross,60,ADAUSDT,own_ret_30,0,0.0
1b_live,cross,60,ADAUSDT,btc_ret_30,0,0.0
1b_live,cross,60,ADAUSDT,eth_ret_30,0,0.0
1b_live,cross,60,ADAUSDT,mkt_ret_30,0,0.0
1b_live,cross,60,ADAUSDT,breadth_30,0,0.0
1b_live,cross,60,ADAUSDT,disp_30,0,0.0
1b_live,cross,60,ADAUSDT,relstr_30,0,0.0
1b_live,cross,60,ADAUSDT,rank_30,0,0.0
1b_live,cross,60,ADAUSDT,btc_minus_own_30,0,0.0
1b_live,cross,60,ADAUSDT,eth_minus_own_30,0,0.0
1b_live,cross,60,ADAUSDT,own_ret_60,0,0.0
1b_live,cross,60,ADAUSDT,btc_ret_60,0,0.0
1b_live,cross,60,ADAUSDT,eth_ret_60,0,0.0
1b_live,cross,60,ADAUSDT,mkt_ret_60,0,0.0
1b_live,cross,60,ADAUSDT,breadth_60,0,0.0
1b_live,cross,60,ADAUSDT,disp_60,0,0.0
1b_live,cross,60,ADAUSDT,relstr_60,0,0.0
1b_live,cross,60,ADAUSDT,rank_60,0,0.0
1b_live,cross,60,ADAUSDT,btc_minus_own_60,0,0.0
1b_live,cross,60,ADAUSDT,eth_minus_own_60,0,0.0
1b_live,cross,60,ADAUSDT,own_ret_180,0,0.0
1b_live,cross,60,ADAUSDT,btc_ret_180,0,0.0
1b_live,cross,60,ADAUSDT,eth_ret_180,0,0.0
1b_live,cross,60,ADAUSDT,mkt_ret_180,0,0.0
1b_live,cross,60,ADAUSDT,breadth_180,0,0.0
1b_live,cross,60,ADAUSDT,disp_180,0,0.0
1b_live,cross,60,ADAUSDT,relstr_180,0,0.0
1b_live,cross,60,ADAUSDT,rank_180,0,0.0
1b_live,cross,60,ADAUSDT,btc_minus_own_180,0,0.0
1b_live,cross,60,ADAUSDT,eth_minus_own_180,0,0.0
1b_live,cross,60,ADAUSDT,own_ret_360,0,0.0
1b_live,cross,60,ADAUSDT,btc_ret_360,0,0.0
1b_live,cross,60,ADAUSDT,eth_ret_360,0,0.0
1b_live,cross,60,ADAUSDT,mkt_ret_360,0,0.0
1b_live,cross,60,ADAUSDT,breadth_360,0,0.0
1b_live,cross,60,ADAUSDT,disp_360,0,0.0
1b_live,cross,60,ADAUSDT,relstr_360,0,0.0
1b_live,cross,60,ADAUSDT,rank_360,0,0.0
1b_live,cross,60,ADAUSDT,btc_minus_own_360,0,0.0
1b_live,cross,60,ADAUSDT,eth_minus_own_360,0,0.0
1b_live,cross,60,ADAUSDT,own_ret_720,0,0.0
1b_live,cross,60,ADAUSDT,btc_ret_720,0,0.0
1b_live,cross,60,ADAUSDT,eth_ret_720,0,0.0
1b_live,cross,60,ADAUSDT,mkt_ret_720,0,0.0
1b_live,cross,60,ADAUSDT,breadth_720,0,0.0
1b_live,cross,60,ADAUSDT,disp_720,0,0.0
1b_live,cross,60,ADAUSDT,relstr_720,0,0.0
1b_live,cross,60,ADAUSDT,rank_720,0,0.0
1b_live,cross,60,ADAUSDT,btc_minus_own_720,0,0.0
1b_live,cross,60,ADAUSDT,eth_minus_own_720,0,0.0
1b_live,cross,60,ADAUSDT,own_ret_1440,0,0.0
1b_live,cross,60,ADAUSDT,btc_ret_1440,0,0.0
1b_live,cross,60,ADAUSDT,eth_ret_1440,0,0.0
1b_live,cross,60,ADAUSDT,mkt_ret_1440,0,0.0
1b_live,cross,60,ADAUSDT,breadth_1440,0,0.0
1b_live,cross,60,ADAUSDT,disp_1440,0,0.0
1b_live,cross,60,ADAUSDT,relstr_1440,0,0.0
1b_live,cross,60,ADAUSDT,rank_1440,0,0.0
1b_live,cross,60,ADAUSDT,btc_minus_own_1440,0,0.0
1b_live,cross,60,ADAUSDT,eth_minus_own_1440,0,0.0
1b_live,micro,60,AVAXUSDT,rskew_30,0,4.332222403036212e-08
1b_live,micro,60,AVAXUSDT,rskew_30_xrank,0,0.0
1b_live,micro,60,AVAXUSDT,rkurt_30,0,1.0234914952889085e-05
1b_live,micro,60,AVAXUSDT,rkurt_30_xrank,0,0.0
1b_live,micro,60,AVAXUSDT,roll_30,0,0.0
1b_live,micro,60,AVAXUSDT,roll_30_xrank,0,0.0
1b_live,micro,60,AVAXUSDT,amihud_30,0,0.0
1b_live,micro,60,AVAXUSDT,amihud_30_xrank,0,0.0
1b_live,micro,60,AVAXUSDT,kyle_30,0,4.69148009329956e-09
1b_live,micro,60,AVAXUSDT,kyle_30_xrank,0,0.0
1b_live,micro,60,AVAXUSDT,vpin_30,0,0.0
1b_live,micro,60,AVAXUSDT,vpin_30_xrank,0,0.0
1b_live,micro,60,AVAXUSDT,jump_30,0,1.0897232005646629e-09
1b_live,micro,60,AVAXUSDT,jump_30_xrank,0,0.0
1b_live,micro,60,AVAXUSDT,vratio_30,0,0.0
1b_live,micro,60,AVAXUSDT,vratio_30_xrank,0,0.0
1b_live,micro,60,AVAXUSDT,cvd_slope_30,0,0.0
1b_live,micro,60,AVAXUSDT,cvd_slope_30_xrank,0,0.0
1b_live,micro,60,AVAXUSDT,signac_30,0,0.0
1b_live,micro,60,AVAXUSDT,signac_30_xrank,0,0.0
1b_live,micro,60,AVAXUSDT,sflow_30,0,0.0
1b_live,micro,60,AVAXUSDT,sflow_30_xrank,0,0.0
1b_live,micro,60,AVAXUSDT,rskew_120,0,1.0541858053159103e-08
1b_live,micro,60,AVAXUSDT,rskew_120_xrank,0,0.0
1b_live,micro,60,AVAXUSDT,rkurt_120,0,2.9184886329858273e-07
1b_live,micro,60,AVAXUSDT,rkurt_120_xrank,0,0.0
1b_live,micro,60,AVAXUSDT,roll_120,0,0.0
1b_live,micro,60,AVAXUSDT,roll_120_xrank,0,0.0
1b_live,micro,60,AVAXUSDT,amihud_120,0,0.0
1b_live,micro,60,AVAXUSDT,amihud_120_xrank,0,0.0
1b_live,micro,60,AVAXUSDT,kyle_120,0,0.0
1b_live,micro,60,AVAXUSDT,kyle_120_xrank,0,0.0
1b_live,micro,60,AVAXUSDT,vpin_120,0,0.0
1b_live,micro,60,AVAXUSDT,vpin_120_xrank,0,0.0
1b_live,micro,60,AVAXUSDT,jump_120,0,7.965868853432312e-09
1b_live,micro,60,AVAXUSDT,jump_120_xrank,0,0.0
1b_live,micro,60,AVAXUSDT,vratio_120,0,0.0
1b_live,micro,60,AVAXUSDT,vratio_120_xrank,0,0.0
1b_live,micro,60,AVAXUSDT,cvd_slope_120,0,0.0
1b_live,micro,60,AVAXUSDT,cvd_slope_120_xrank,0,0.0
1b_live,micro,60,AVAXUSDT,signac_120,0,2.6047505485848887e-08
1b_live,micro,60,AVAXUSDT,signac_120_xrank,0,0.0
1b_live,micro,60,AVAXUSDT,sflow_120,0,0.0
1b_live,micro,60,AVAXUSDT,sflow_120_xrank,0,0.0
1b_live,micro,60,AVAXUSDT,rskew_480,0,1.572794339210759e-08
1b_live,micro,60,AVAXUSDT,rskew_480_xrank,0,0.0
1b_live,micro,60,AVAXUSDT,rkurt_480,0,7.423936665418296e-08
1b_live,micro,60,AVAXUSDT,rkurt_480_xrank,0,0.0
1b_live,micro,60,AVAXUSDT,roll_480,0,0.0
1b_live,micro,60,AVAXUSDT,roll_480_xrank,0,0.0
1b_live,micro,60,AVAXUSDT,amihud_480,0,0.0
1b_live,micro,60,AVAXUSDT,amihud_480_xrank,0,0.0
1b_live,micro,60,AVAXUSDT,kyle_480,0,0.0
1b_live,micro,60,AVAXUSDT,kyle_480_xrank,0,0.0
1b_live,micro,60,AVAXUSDT,vpin_480,0,0.0
1b_live,micro,60,AVAXUSDT,vpin_480_xrank,0,0.0
1b_live,micro,60,AVAXUSDT,jump_480,0,0.0
1b_live,micro,60,AVAXUSDT,jump_480_xrank,0,0.0
1b_live,micro,60,AVAXUSDT,vratio_480,0,0.0
1b_live,micro,60,AVAXUSDT,vratio_480_xrank,0,0.0
1b_live,micro,60,AVAXUSDT,cvd_slope_480,0,0.0
1b_live,micro,60,AVAXUSDT,cvd_slope_480_xrank,0,0.0
1b_live,micro,60,AVAXUSDT,signac_480,0,0.0
1b_live,micro,60,AVAXUSDT,signac_480_xrank,0,0.0
1b_live,micro,60,AVAXUSDT,sflow_480,0,0.0
1b_live,micro,60,AVAXUSDT,sflow_480_xrank,0,0.0
1b_live,cross,60,AVAXUSDT,own_ret_1,0,0.0
1b_live,cross,60,AVAXUSDT,btc_ret_1,0,0.0
1b_live,cross,60,AVAXUSDT,eth_ret_1,0,0.0
1b_live,cross,60,AVAXUSDT,mkt_ret_1,0,0.0
1b_live,cross,60,AVAXUSDT,breadth_1,0,0.0
1b_live,cross,60,AVAXUSDT,disp_1,0,0.0
1b_live,cross,60,AVAXUSDT,relstr_1,0,0.0
1b_live,cross,60,AVAXUSDT,rank_1,0,0.0
1b_live,cross,60,AVAXUSDT,btc_minus_own_1,0,0.0
1b_live,cross,60,AVAXUSDT,eth_minus_own_1,0,0.0
1b_live,cross,60,AVAXUSDT,own_ret_5,0,0.0
1b_live,cross,60,AVAXUSDT,btc_ret_5,0,0.0
1b_live,cross,60,AVAXUSDT,eth_ret_5,0,0.0
1b_live,cross,60,AVAXUSDT,mkt_ret_5,0,0.0
1b_live,cross,60,AVAXUSDT,breadth_5,0,0.0
1b_live,cross,60,AVAXUSDT,disp_5,0,0.0
1b_live,cross,60,AVAXUSDT,relstr_5,0,0.0
1b_live,cross,60,AVAXUSDT,rank_5,0,0.0
1b_live,cross,60,AVAXUSDT,btc_minus_own_5,0,0.0
1b_live,cross,60,AVAXUSDT,eth_minus_own_5,0,0.0
1b_live,cross,60,AVAXUSDT,own_ret_15,0,0.0
1b_live,cross,60,AVAXUSDT,btc_ret_15,0,0.0
1b_live,cross,60,AVAXUSDT,eth_ret_15,0,0.0
1b_live,cross,60,AVAXUSDT,mkt_ret_15,0,0.0
1b_live,cross,60,AVAXUSDT,breadth_15,0,0.0
1b_live,cross,60,AVAXUSDT,disp_15,0,0.0
1b_live,cross,60,AVAXUSDT,relstr_15,0,0.0
1b_live,cross,60,AVAXUSDT,rank_15,0,0.0
1b_live,cross,60,AVAXUSDT,btc_minus_own_15,0,0.0
1b_live,cross,60,AVAXUSDT,eth_minus_own_15,0,0.0
1b_live,cross,60,AVAXUSDT,own_ret_30,0,0.0
1b_live,cross,60,AVAXUSDT,btc_ret_30,0,0.0
1b_live,cross,60,AVAXUSDT,eth_ret_30,0,0.0
1b_live,cross,60,AVAXUSDT,mkt_ret_30,0,0.0
1b_live,cross,60,AVAXUSDT,breadth_30,0,0.0
1b_live,cross,60,AVAXUSDT,disp_30,0,0.0
1b_live,cross,60,AVAXUSDT,relstr_30,0,0.0
1b_live,cross,60,AVAXUSDT,rank_30,0,0.0
1b_live,cross,60,AVAXUSDT,btc_minus_own_30,0,0.0
1b_live,cross,60,AVAXUSDT,eth_minus_own_30,0,0.0
1b_live,cross,60,AVAXUSDT,own_ret_60,0,0.0
1b_live,cross,60,AVAXUSDT,btc_ret_60,0,0.0
1b_live,cross,60,AVAXUSDT,eth_ret_60,0,0.0
1b_live,cross,60,AVAXUSDT,mkt_ret_60,0,0.0
1b_live,cross,60,AVAXUSDT,breadth_60,0,0.0
1b_live,cross,60,AVAXUSDT,disp_60,0,0.0
1b_live,cross,60,AVAXUSDT,relstr_60,0,0.0
1b_live,cross,60,AVAXUSDT,rank_60,0,0.0
1b_live,cross,60,AVAXUSDT,btc_minus_own_60,0,0.0
1b_live,cross,60,AVAXUSDT,eth_minus_own_60,0,0.0
1b_live,cross,60,AVAXUSDT,own_ret_180,0,0.0
1b_live,cross,60,AVAXUSDT,btc_ret_180,0,0.0
1b_live,cross,60,AVAXUSDT,eth_ret_180,0,0.0
1b_live,cross,60,AVAXUSDT,mkt_ret_180,0,0.0
1b_live,cross,60,AVAXUSDT,breadth_180,0,0.0
1b_live,cross,60,AVAXUSDT,disp_180,0,0.0
1b_live,cross,60,AVAXUSDT,relstr_180,0,0.0
1b_live,cross,60,AVAXUSDT,rank_180,0,0.0
1b_live,cross,60,AVAXUSDT,btc_minus_own_180,0,0.0
1b_live,cross,60,AVAXUSDT,eth_minus_own_180,0,0.0
1b_live,cross,60,AVAXUSDT,own_ret_360,0,0.0
1b_live,cross,60,AVAXUSDT,btc_ret_360,0,0.0
1b_live,cross,60,AVAXUSDT,eth_ret_360,0,0.0
1b_live,cross,60,AVAXUSDT,mkt_ret_360,0,0.0
1b_live,cross,60,AVAXUSDT,breadth_360,0,0.0
1b_live,cross,60,AVAXUSDT,disp_360,0,0.0
1b_live,cross,60,AVAXUSDT,relstr_360,0,0.0
1b_live,cross,60,AVAXUSDT,rank_360,0,0.0
1b_live,cross,60,AVAXUSDT,btc_minus_own_360,0,0.0
1b_live,cross,60,AVAXUSDT,eth_minus_own_360,0,0.0
1b_live,cross,60,AVAXUSDT,own_ret_720,0,0.0
1b_live,cross,60,AVAXUSDT,btc_ret_720,0,0.0
1b_live,cross,60,AVAXUSDT,eth_ret_720,0,0.0
1b_live,cross,60,AVAXUSDT,mkt_ret_720,0,0.0
1b_live,cross,60,AVAXUSDT,breadth_720,0,0.0
1b_live,cross,60,AVAXUSDT,disp_720,0,0.0
1b_live,cross,60,AVAXUSDT,relstr_720,0,0.0
1b_live,cross,60,AVAXUSDT,rank_720,0,0.0
1b_live,cross,60,AVAXUSDT,btc_minus_own_720,0,0.0
1b_live,cross,60,AVAXUSDT,eth_minus_own_720,0,0.0
1b_live,cross,60,AVAXUSDT,own_ret_1440,0,0.0
1b_live,cross,60,AVAXUSDT,btc_ret_1440,0,0.0
1b_live,cross,60,AVAXUSDT,eth_ret_1440,0,0.0
1b_live,cross,60,AVAXUSDT,mkt_ret_1440,0,0.0
1b_live,cross,60,AVAXUSDT,breadth_1440,0,0.0
1b_live,cross,60,AVAXUSDT,disp_1440,0,0.0
1b_live,cross,60,AVAXUSDT,relstr_1440,0,0.0
1b_live,cross,60,AVAXUSDT,rank_1440,0,0.0
1b_live,cross,60,AVAXUSDT,btc_minus_own_1440,0,0.0
1b_live,cross,60,AVAXUSDT,eth_minus_own_1440,0,0.0
1b_live,micro,60,BNBUSDT,rskew_30,0,9.145680657240973e-09
1b_live,micro,60,BNBUSDT,rskew_30_xrank,0,0.0
1b_live,micro,60,BNBUSDT,rkurt_30,0,3.029580739166704e-06
1b_live,micro,60,BNBUSDT,rkurt_30_xrank,0,0.0
1b_live,micro,60,BNBUSDT,roll_30,0,0.0
1b_live,micro,60,BNBUSDT,roll_30_xrank,0,0.0
1b_live,micro,60,BNBUSDT,amihud_30,0,0.0
1b_live,micro,60,BNBUSDT,amihud_30_xrank,0,0.0
1b_live,micro,60,BNBUSDT,kyle_30,0,1.0967905694769797e-07
1b_live,micro,60,BNBUSDT,kyle_30_xrank,0,0.0
1b_live,micro,60,BNBUSDT,vpin_30,0,0.0
1b_live,micro,60,BNBUSDT,vpin_30_xrank,0,0.0
1b_live,micro,60,BNBUSDT,jump_30,0,1.4931111902427574e-09
1b_live,micro,60,BNBUSDT,jump_30_xrank,0,0.0
1b_live,micro,60,BNBUSDT,vratio_30,0,0.0
1b_live,micro,60,BNBUSDT,vratio_30_xrank,0,0.0
1b_live,micro,60,BNBUSDT,cvd_slope_30,0,0.0
1b_live,micro,60,BNBUSDT,cvd_slope_30_xrank,0,0.0
1b_live,micro,60,BNBUSDT,signac_30,0,0.0
1b_live,micro,60,BNBUSDT,signac_30_xrank,0,0.0
1b_live,micro,60,BNBUSDT,sflow_30,0,0.0
1b_live,micro,60,BNBUSDT,sflow_30_xrank,0,0.0
1b_live,micro,60,BNBUSDT,rskew_120,0,1.6558077131634263e-09
1b_live,micro,60,BNBUSDT,rskew_120_xrank,0,0.0
1b_live,micro,60,BNBUSDT,rkurt_120,0,8.28935213803561e-08
1b_live,micro,60,BNBUSDT,rkurt_120_xrank,0,0.0
1b_live,micro,60,BNBUSDT,roll_120,0,0.0
1b_live,micro,60,BNBUSDT,roll_120_xrank,0,0.0
1b_live,micro,60,BNBUSDT,amihud_120,0,0.0
1b_live,micro,60,BNBUSDT,amihud_120_xrank,0,0.0
1b_live,micro,60,BNBUSDT,kyle_120,0,0.0
1b_live,micro,60,BNBUSDT,kyle_120_xrank,0,0.0
1b_live,micro,60,BNBUSDT,vpin_120,0,0.0
1b_live,micro,60,BNBUSDT,vpin_120_xrank,0,0.0
1b_live,micro,60,BNBUSDT,jump_120,0,7.628832676687125e-09
1b_live,micro,60,BNBUSDT,jump_120_xrank,0,0.0
1b_live,micro,60,BNBUSDT,vratio_120,0,0.0
1b_live,micro,60,BNBUSDT,vratio_120_xrank,0,0.0
1b_live,micro,60,BNBUSDT,cvd_slope_120,0,0.0
1b_live,micro,60,BNBUSDT,cvd_slope_120_xrank,0,0.0
1b_live,micro,60,BNBUSDT,signac_120,0,0.0
1b_live,micro,60,BNBUSDT,signac_120_xrank,0,0.0
1b_live,micro,60,BNBUSDT,sflow_120,0,0.0
1b_live,micro,60,BNBUSDT,sflow_120_xrank,0,0.0
1b_live,micro,60,BNBUSDT,rskew_480,0,0.0
1b_live,micro,60,BNBUSDT,rskew_480_xrank,0,0.0
1b_live,micro,60,BNBUSDT,rkurt_480,0,3.69226675900336e-08
1b_live,micro,60,BNBUSDT,rkurt_480_xrank,0,0.0
1b_live,micro,60,BNBUSDT,roll_480,0,0.0
1b_live,micro,60,BNBUSDT,roll_480_xrank,0,0.0
1b_live,micro,60,BNBUSDT,amihud_480,0,0.0
1b_live,micro,60,BNBUSDT,amihud_480_xrank,0,0.0
1b_live,micro,60,BNBUSDT,kyle_480,0,0.0
1b_live,micro,60,BNBUSDT,kyle_480_xrank,0,0.0
1b_live,micro,60,BNBUSDT,vpin_480,0,0.0
1b_live,micro,60,BNBUSDT,vpin_480_xrank,0,0.0
1b_live,micro,60,BNBUSDT,jump_480,0,1.8577028804145357e-09
1b_live,micro,60,BNBUSDT,jump_480_xrank,0,0.0
1b_live,micro,60,BNBUSDT,vratio_480,0,0.0
1b_live,micro,60,BNBUSDT,vratio_480_xrank,0,0.0
1b_live,micro,60,BNBUSDT,cvd_slope_480,0,0.0
1b_live,micro,60,BNBUSDT,cvd_slope_480_xrank,0,0.0
1b_live,micro,60,BNBUSDT,signac_480,0,0.0
1b_live,micro,60,BNBUSDT,signac_480_xrank,0,0.0
1b_live,micro,60,BNBUSDT,sflow_480,0,0.0
1b_live,micro,60,BNBUSDT,sflow_480_xrank,0,0.0
1b_live,cross,60,BNBUSDT,own_ret_1,0,0.0
1b_live,cross,60,BNBUSDT,btc_ret_1,0,0.0
1b_live,cross,60,BNBUSDT,eth_ret_1,0,0.0
1b_live,cross,60,BNBUSDT,mkt_ret_1,0,0.0
1b_live,cross,60,BNBUSDT,breadth_1,0,0.0
1b_live,cross,60,BNBUSDT,disp_1,0,0.0
1b_live,cross,60,BNBUSDT,relstr_1,0,0.0
1b_live,cross,60,BNBUSDT,rank_1,0,0.0
1b_live,cross,60,BNBUSDT,btc_minus_own_1,0,0.0
1b_live,cross,60,BNBUSDT,eth_minus_own_1,0,0.0
1b_live,cross,60,BNBUSDT,own_ret_5,0,0.0
1b_live,cross,60,BNBUSDT,btc_ret_5,0,0.0
1b_live,cross,60,BNBUSDT,eth_ret_5,0,0.0
1b_live,cross,60,BNBUSDT,mkt_ret_5,0,0.0
1b_live,cross,60,BNBUSDT,breadth_5,0,0.0
1b_live,cross,60,BNBUSDT,disp_5,0,0.0
1b_live,cross,60,BNBUSDT,relstr_5,0,0.0
1b_live,cross,60,BNBUSDT,rank_5,0,0.0
1b_live,cross,60,BNBUSDT,btc_minus_own_5,0,0.0
1b_live,cross,60,BNBUSDT,eth_minus_own_5,0,0.0
1b_live,cross,60,BNBUSDT,own_ret_15,0,0.0
1b_live,cross,60,BNBUSDT,btc_ret_15,0,0.0
1b_live,cross,60,BNBUSDT,eth_ret_15,0,0.0
1b_live,cross,60,BNBUSDT,mkt_ret_15,0,0.0
1b_live,cross,60,BNBUSDT,breadth_15,0,0.0
1b_live,cross,60,BNBUSDT,disp_15,0,0.0
1b_live,cross,60,BNBUSDT,relstr_15,0,0.0
1b_live,cross,60,BNBUSDT,rank_15,0,0.0
1b_live,cross,60,BNBUSDT,btc_minus_own_15,0,0.0
1b_live,cross,60,BNBUSDT,eth_minus_own_15,0,0.0
1b_live,cross,60,BNBUSDT,own_ret_30,0,0.0
1b_live,cross,60,BNBUSDT,btc_ret_30,0,0.0
1b_live,cross,60,BNBUSDT,eth_ret_30,0,0.0
1b_live,cross,60,BNBUSDT,mkt_ret_30,0,0.0
1b_live,cross,60,BNBUSDT,breadth_30,0,0.0
1b_live,cross,60,BNBUSDT,disp_30,0,0.0
1b_live,cross,60,BNBUSDT,relstr_30,0,0.0
1b_live,cross,60,BNBUSDT,rank_30,0,0.0
1b_live,cross,60,BNBUSDT,btc_minus_own_30,0,0.0
1b_live,cross,60,BNBUSDT,eth_minus_own_30,0,0.0
1b_live,cross,60,BNBUSDT,own_ret_60,0,0.0
1b_live,cross,60,BNBUSDT,btc_ret_60,0,0.0
1b_live,cross,60,BNBUSDT,eth_ret_60,0,0.0
1b_live,cross,60,BNBUSDT,mkt_ret_60,0,0.0
1b_live,cross,60,BNBUSDT,breadth_60,0,0.0
1b_live,cross,60,BNBUSDT,disp_60,0,0.0
1b_live,cross,60,BNBUSDT,relstr_60,0,0.0
1b_live,cross,60,BNBUSDT,rank_60,0,0.0
1b_live,cross,60,BNBUSDT,btc_minus_own_60,0,0.0
1b_live,cross,60,BNBUSDT,eth_minus_own_60,0,0.0
1b_live,cross,60,BNBUSDT,own_ret_180,0,0.0
1b_live,cross,60,BNBUSDT,btc_ret_180,0,0.0
1b_live,cross,60,BNBUSDT,eth_ret_180,0,0.0
1b_live,cross,60,BNBUSDT,mkt_ret_180,0,0.0
1b_live,cross,60,BNBUSDT,breadth_180,0,0.0
1b_live,cross,60,BNBUSDT,disp_180,0,0.0
1b_live,cross,60,BNBUSDT,relstr_180,0,0.0
1b_live,cross,60,BNBUSDT,rank_180,0,0.0
1b_live,cross,60,BNBUSDT,btc_minus_own_180,0,0.0
1b_live,cross,60,BNBUSDT,eth_minus_own_180,0,0.0
1b_live,cross,60,BNBUSDT,own_ret_360,0,0.0
1b_live,cross,60,BNBUSDT,btc_ret_360,0,0.0
1b_live,cross,60,BNBUSDT,eth_ret_360,0,0.0
1b_live,cross,60,BNBUSDT,mkt_ret_360,0,0.0
1b_live,cross,60,BNBUSDT,breadth_360,0,0.0
1b_live,cross,60,BNBUSDT,disp_360,0,0.0
1b_live,cross,60,BNBUSDT,relstr_360,0,0.0
1b_live,cross,60,BNBUSDT,rank_360,0,0.0
1b_live,cross,60,BNBUSDT,btc_minus_own_360,0,0.0
1b_live,cross,60,BNBUSDT,eth_minus_own_360,0,0.0
1b_live,cross,60,BNBUSDT,own_ret_720,0,0.0
1b_live,cross,60,BNBUSDT,btc_ret_720,0,0.0
1b_live,cross,60,BNBUSDT,eth_ret_720,0,0.0
1b_live,cross,60,BNBUSDT,mkt_ret_720,0,0.0
1b_live,cross,60,BNBUSDT,breadth_720,0,0.0
1b_live,cross,60,BNBUSDT,disp_720,0,0.0
1b_live,cross,60,BNBUSDT,relstr_720,0,0.0
1b_live,cross,60,BNBUSDT,rank_720,0,0.0
1b_live,cross,60,BNBUSDT,btc_minus_own_720,0,0.0
1b_live,cross,60,BNBUSDT,eth_minus_own_720,0,0.0
1b_live,cross,60,BNBUSDT,own_ret_1440,0,0.0
1b_live,cross,60,BNBUSDT,btc_ret_1440,0,0.0
1b_live,cross,60,BNBUSDT,eth_ret_1440,0,0.0
1b_live,cross,60,BNBUSDT,mkt_ret_1440,0,0.0
1b_live,cross,60,BNBUSDT,breadth_1440,0,0.0
1b_live,cross,60,BNBUSDT,disp_1440,0,0.0
1b_live,cross,60,BNBUSDT,relstr_1440,0,0.0
1b_live,cross,60,BNBUSDT,rank_1440,0,0.0
1b_live,cross,60,BNBUSDT,btc_minus_own_1440,0,0.0
1b_live,cross,60,BNBUSDT,eth_minus_own_1440,0,0.0
1b_live,micro,60,BTCUSDT,rskew_30,0,6.09874789558873e-11
1b_live,micro,60,BTCUSDT,rskew_30_xrank,0,0.0
1b_live,micro,60,BTCUSDT,rkurt_30,0,7.755464253023092e-07
1b_live,micro,60,BTCUSDT,rkurt_30_xrank,0,0.0
1b_live,micro,60,BTCUSDT,roll_30,0,0.0
1b_live,micro,60,BTCUSDT,roll_30_xrank,0,0.0
1b_live,micro,60,BTCUSDT,amihud_30,0,0.0
1b_live,micro,60,BTCUSDT,amihud_30_xrank,0,0.0
1b_live,micro,60,BTCUSDT,kyle_30,0,0.0
1b_live,micro,60,BTCUSDT,kyle_30_xrank,0,0.0
1b_live,micro,60,BTCUSDT,vpin_30,0,0.0
1b_live,micro,60,BTCUSDT,vpin_30_xrank,0,0.0
1b_live,micro,60,BTCUSDT,jump_30,0,8.471840118318141e-09
1b_live,micro,60,BTCUSDT,jump_30_xrank,0,0.0
1b_live,micro,60,BTCUSDT,vratio_30,0,0.0
1b_live,micro,60,BTCUSDT,vratio_30_xrank,0,0.0
1b_live,micro,60,BTCUSDT,cvd_slope_30,0,0.0
1b_live,micro,60,BTCUSDT,cvd_slope_30_xrank,0,0.0
1b_live,micro,60,BTCUSDT,signac_30,0,0.0
1b_live,micro,60,BTCUSDT,signac_30_xrank,0,0.0
1b_live,micro,60,BTCUSDT,sflow_30,0,0.0
1b_live,micro,60,BTCUSDT,sflow_30_xrank,0,0.0
1b_live,micro,60,BTCUSDT,rskew_120,0,0.0
1b_live,micro,60,BTCUSDT,rskew_120_xrank,0,0.0
1b_live,micro,60,BTCUSDT,rkurt_120,0,4.34491642664625e-09
1b_live,micro,60,BTCUSDT,rkurt_120_xrank,0,0.0
1b_live,micro,60,BTCUSDT,roll_120,0,0.0
1b_live,micro,60,BTCUSDT,roll_120_xrank,0,0.0
1b_live,micro,60,BTCUSDT,amihud_120,0,5.386616308555858e-08
1b_live,micro,60,BTCUSDT,amihud_120_xrank,0,0.0
1b_live,micro,60,BTCUSDT,kyle_120,0,0.0
1b_live,micro,60,BTCUSDT,kyle_120_xrank,0,0.0
1b_live,micro,60,BTCUSDT,vpin_120,0,0.0
1b_live,micro,60,BTCUSDT,vpin_120_xrank,0,0.0
1b_live,micro,60,BTCUSDT,jump_120,0,7.26527449312897e-10
1b_live,micro,60,BTCUSDT,jump_120_xrank,0,0.0
1b_live,micro,60,BTCUSDT,vratio_120,0,0.0
1b_live,micro,60,BTCUSDT,vratio_120_xrank,0,0.0
1b_live,micro,60,BTCUSDT,cvd_slope_120,0,0.0
1b_live,micro,60,BTCUSDT,cvd_slope_120_xrank,0,0.0
1b_live,micro,60,BTCUSDT,signac_120,0,0.0
1b_live,micro,60,BTCUSDT,signac_120_xrank,0,0.0
1b_live,micro,60,BTCUSDT,sflow_120,0,0.0
1b_live,micro,60,BTCUSDT,sflow_120_xrank,0,0.0
1b_live,micro,60,BTCUSDT,rskew_480,0,0.0
1b_live,micro,60,BTCUSDT,rskew_480_xrank,0,0.0
1b_live,micro,60,BTCUSDT,rkurt_480,0,0.0
1b_live,micro,60,BTCUSDT,rkurt_480_xrank,0,0.0
1b_live,micro,60,BTCUSDT,roll_480,0,0.0
1b_live,micro,60,BTCUSDT,roll_480_xrank,0,0.0
1b_live,micro,60,BTCUSDT,amihud_480,0,0.0
1b_live,micro,60,BTCUSDT,amihud_480_xrank,0,0.0
1b_live,micro,60,BTCUSDT,kyle_480,0,0.0
1b_live,micro,60,BTCUSDT,kyle_480_xrank,0,0.0
1b_live,micro,60,BTCUSDT,vpin_480,0,0.0
1b_live,micro,60,BTCUSDT,vpin_480_xrank,0,0.0
1b_live,micro,60,BTCUSDT,jump_480,0,0.0
1b_live,micro,60,BTCUSDT,jump_480_xrank,0,0.0
1b_live,micro,60,BTCUSDT,vratio_480,0,0.0
1b_live,micro,60,BTCUSDT,vratio_480_xrank,0,0.0
1b_live,micro,60,BTCUSDT,cvd_slope_480,0,0.0
1b_live,micro,60,BTCUSDT,cvd_slope_480_xrank,0,0.0
1b_live,micro,60,BTCUSDT,signac_480,0,0.0
1b_live,micro,60,BTCUSDT,signac_480_xrank,0,0.0
1b_live,micro,60,BTCUSDT,sflow_480,0,0.0
1b_live,micro,60,BTCUSDT,sflow_480_xrank,0,0.0
1b_live,cross,60,BTCUSDT,own_ret_1,0,0.0
1b_live,cross,60,BTCUSDT,btc_ret_1,0,0.0
1b_live,cross,60,BTCUSDT,eth_ret_1,0,0.0
1b_live,cross,60,BTCUSDT,mkt_ret_1,0,0.0
1b_live,cross,60,BTCUSDT,breadth_1,0,0.0
1b_live,cross,60,BTCUSDT,disp_1,0,0.0
1b_live,cross,60,BTCUSDT,relstr_1,0,0.0
1b_live,cross,60,BTCUSDT,rank_1,0,0.0
1b_live,cross,60,BTCUSDT,btc_minus_own_1,0,0.0
1b_live,cross,60,BTCUSDT,eth_minus_own_1,0,0.0
1b_live,cross,60,BTCUSDT,own_ret_5,0,0.0
1b_live,cross,60,BTCUSDT,btc_ret_5,0,0.0
1b_live,cross,60,BTCUSDT,eth_ret_5,0,0.0
1b_live,cross,60,BTCUSDT,mkt_ret_5,0,0.0
1b_live,cross,60,BTCUSDT,breadth_5,0,0.0
1b_live,cross,60,BTCUSDT,disp_5,0,0.0
1b_live,cross,60,BTCUSDT,relstr_5,0,0.0
1b_live,cross,60,BTCUSDT,rank_5,0,0.0
1b_live,cross,60,BTCUSDT,btc_minus_own_5,0,0.0
1b_live,cross,60,BTCUSDT,eth_minus_own_5,0,0.0
1b_live,cross,60,BTCUSDT,own_ret_15,0,0.0
1b_live,cross,60,BTCUSDT,btc_ret_15,0,0.0
1b_live,cross,60,BTCUSDT,eth_ret_15,0,0.0
1b_live,cross,60,BTCUSDT,mkt_ret_15,0,0.0
1b_live,cross,60,BTCUSDT,breadth_15,0,0.0
1b_live,cross,60,BTCUSDT,disp_15,0,0.0
1b_live,cross,60,BTCUSDT,relstr_15,0,0.0
1b_live,cross,60,BTCUSDT,rank_15,0,0.0
1b_live,cross,60,BTCUSDT,btc_minus_own_15,0,0.0
1b_live,cross,60,BTCUSDT,eth_minus_own_15,0,0.0
1b_live,cross,60,BTCUSDT,own_ret_30,0,0.0
1b_live,cross,60,BTCUSDT,btc_ret_30,0,0.0
1b_live,cross,60,BTCUSDT,eth_ret_30,0,0.0
1b_live,cross,60,BTCUSDT,mkt_ret_30,0,0.0
1b_live,cross,60,BTCUSDT,breadth_30,0,0.0
1b_live,cross,60,BTCUSDT,disp_30,0,0.0
1b_live,cross,60,BTCUSDT,relstr_30,0,0.0
1b_live,cross,60,BTCUSDT,rank_30,0,0.0
1b_live,cross,60,BTCUSDT,btc_minus_own_30,0,0.0
1b_live,cross,60,BTCUSDT,eth_minus_own_30,0,0.0
1b_live,cross,60,BTCUSDT,own_ret_60,0,0.0
1b_live,cross,60,BTCUSDT,btc_ret_60,0,0.0
1b_live,cross,60,BTCUSDT,eth_ret_60,0,0.0
1b_live,cross,60,BTCUSDT,mkt_ret_60,0,0.0
1b_live,cross,60,BTCUSDT,breadth_60,0,0.0
1b_live,cross,60,BTCUSDT,disp_60,0,0.0
1b_live,cross,60,BTCUSDT,relstr_60,0,0.0
1b_live,cross,60,BTCUSDT,rank_60,0,0.0
1b_live,cross,60,BTCUSDT,btc_minus_own_60,0,0.0
1b_live,cross,60,BTCUSDT,eth_minus_own_60,0,0.0
1b_live,cross,60,BTCUSDT,own_ret_180,0,0.0
1b_live,cross,60,BTCUSDT,btc_ret_180,0,0.0
1b_live,cross,60,BTCUSDT,eth_ret_180,0,0.0
1b_live,cross,60,BTCUSDT,mkt_ret_180,0,0.0
1b_live,cross,60,BTCUSDT,breadth_180,0,0.0
1b_live,cross,60,BTCUSDT,disp_180,0,0.0
1b_live,cross,60,BTCUSDT,relstr_180,0,0.0
1b_live,cross,60,BTCUSDT,rank_180,0,0.0
1b_live,cross,60,BTCUSDT,btc_minus_own_180,0,0.0
1b_live,cross,60,BTCUSDT,eth_minus_own_180,0,0.0
1b_live,cross,60,BTCUSDT,own_ret_360,0,0.0
1b_live,cross,60,BTCUSDT,btc_ret_360,0,0.0
1b_live,cross,60,BTCUSDT,eth_ret_360,0,0.0
1b_live,cross,60,BTCUSDT,mkt_ret_360,0,0.0
1b_live,cross,60,BTCUSDT,breadth_360,0,0.0
1b_live,cross,60,BTCUSDT,disp_360,0,0.0
1b_live,cross,60,BTCUSDT,relstr_360,0,0.0
1b_live,cross,60,BTCUSDT,rank_360,0,0.0
1b_live,cross,60,BTCUSDT,btc_minus_own_360,0,0.0
1b_live,cross,60,BTCUSDT,eth_minus_own_360,0,0.0
1b_live,cross,60,BTCUSDT,own_ret_720,0,0.0
1b_live,cross,60,BTCUSDT,btc_ret_720,0,0.0
1b_live,cross,60,BTCUSDT,eth_ret_720,0,0.0
1b_live,cross,60,BTCUSDT,mkt_ret_720,0,0.0
1b_live,cross,60,BTCUSDT,breadth_720,0,0.0
1b_live,cross,60,BTCUSDT,disp_720,0,0.0
1b_live,cross,60,BTCUSDT,relstr_720,0,0.0
1b_live,cross,60,BTCUSDT,rank_720,0,0.0
1b_live,cross,60,BTCUSDT,btc_minus_own_720,0,0.0
1b_live,cross,60,BTCUSDT,eth_minus_own_720,0,0.0
1b_live,cross,60,BTCUSDT,own_ret_1440,0,0.0
1b_live,cross,60,BTCUSDT,btc_ret_1440,0,0.0
1b_live,cross,60,BTCUSDT,eth_ret_1440,0,0.0
1b_live,cross,60,BTCUSDT,mkt_ret_1440,0,0.0
1b_live,cross,60,BTCUSDT,breadth_1440,0,0.0
1b_live,cross,60,BTCUSDT,disp_1440,0,0.0
1b_live,cross,60,BTCUSDT,relstr_1440,0,0.0
1b_live,cross,60,BTCUSDT,rank_1440,0,0.0
1b_live,cross,60,BTCUSDT,btc_minus_own_1440,0,0.0
1b_live,cross,60,BTCUSDT,eth_minus_own_1440,0,0.0
1b_live,micro,60,DOGEUSDT,rskew_30,0,8.122739814098168e-09
1b_live,micro,60,DOGEUSDT,rskew_30_xrank,0,0.0
1b_live,micro,60,DOGEUSDT,rkurt_30,0,1.6043906043705647e-06
1b_live,micro,60,DOGEUSDT,rkurt_30_xrank,0,0.0
1b_live,micro,60,DOGEUSDT,roll_30,0,0.0
1b_live,micro,60,DOGEUSDT,roll_30_xrank,0,0.0
1b_live,micro,60,DOGEUSDT,amihud_30,0,0.0
1b_live,micro,60,DOGEUSDT,amihud_30_xrank,0,0.0
1b_live,micro,60,DOGEUSDT,kyle_30,0,1.9613523249972786e-08
1b_live,micro,60,DOGEUSDT,kyle_30_xrank,0,0.0
1b_live,micro,60,DOGEUSDT,vpin_30,0,5.069060549089954e-08
1b_live,micro,60,DOGEUSDT,vpin_30_xrank,0,0.0
1b_live,micro,60,DOGEUSDT,jump_30,0,7.73671704479284e-09
1b_live,micro,60,DOGEUSDT,jump_30_xrank,0,0.0
1b_live,micro,60,DOGEUSDT,vratio_30,0,6.692965826005093e-08
1b_live,micro,60,DOGEUSDT,vratio_30_xrank,0,0.0
1b_live,micro,60,DOGEUSDT,cvd_slope_30,0,0.0
1b_live,micro,60,DOGEUSDT,cvd_slope_30_xrank,0,0.0
1b_live,micro,60,DOGEUSDT,signac_30,0,0.0
1b_live,micro,60,DOGEUSDT,signac_30_xrank,0,0.0
1b_live,micro,60,DOGEUSDT,sflow_30,0,0.0
1b_live,micro,60,DOGEUSDT,sflow_30_xrank,0,0.0
1b_live,micro,60,DOGEUSDT,rskew_120,0,5.6442357454500325e-09
1b_live,micro,60,DOGEUSDT,rskew_120_xrank,0,0.0
1b_live,micro,60,DOGEUSDT,rkurt_120,0,8.440552790034417e-08
1b_live,micro,60,DOGEUSDT,rkurt_120_xrank,0,0.0
1b_live,micro,60,DOGEUSDT,roll_120,0,0.0
1b_live,micro,60,DOGEUSDT,roll_120_xrank,0,0.0
1b_live,micro,60,DOGEUSDT,amihud_120,0,0.0
1b_live,micro,60,DOGEUSDT,amihud_120_xrank,0,0.0
1b_live,micro,60,DOGEUSDT,kyle_120,0,0.0
1b_live,micro,60,DOGEUSDT,kyle_120_xrank,0,0.0
1b_live,micro,60,DOGEUSDT,vpin_120,0,0.0
1b_live,micro,60,DOGEUSDT,vpin_120_xrank,0,0.0
1b_live,micro,60,DOGEUSDT,jump_120,0,1.4853458463193192e-09
1b_live,micro,60,DOGEUSDT,jump_120_xrank,0,0.0
1b_live,micro,60,DOGEUSDT,vratio_120,0,0.0
1b_live,micro,60,DOGEUSDT,vratio_120_xrank,0,0.0
1b_live,micro,60,DOGEUSDT,cvd_slope_120,0,0.0
1b_live,micro,60,DOGEUSDT,cvd_slope_120_xrank,0,0.0
1b_live,micro,60,DOGEUSDT,signac_120,0,0.0
1b_live,micro,60,DOGEUSDT,signac_120_xrank,0,0.0
1b_live,micro,60,DOGEUSDT,sflow_120,0,0.0
1b_live,micro,60,DOGEUSDT,sflow_120_xrank,0,0.0
1b_live,micro,60,DOGEUSDT,rskew_480,0,0.0
1b_live,micro,60,DOGEUSDT,rskew_480_xrank,0,0.0
1b_live,micro,60,DOGEUSDT,rkurt_480,0,5.670656477718694e-08
1b_live,micro,60,DOGEUSDT,rkurt_480_xrank,0,0.0
1b_live,micro,60,DOGEUSDT,roll_480,0,0.0
1b_live,micro,60,DOGEUSDT,roll_480_xrank,0,0.0
1b_live,micro,60,DOGEUSDT,amihud_480,0,0.0
1b_live,micro,60,DOGEUSDT,amihud_480_xrank,0,0.0
1b_live,micro,60,DOGEUSDT,kyle_480,0,0.0
1b_live,micro,60,DOGEUSDT,kyle_480_xrank,0,0.0
1b_live,micro,60,DOGEUSDT,vpin_480,0,0.0
1b_live,micro,60,DOGEUSDT,vpin_480_xrank,0,0.0
1b_live,micro,60,DOGEUSDT,jump_480,0,2.0712819903678792e-08
1b_live,micro,60,DOGEUSDT,jump_480_xrank,0,0.0
1b_live,micro,60,DOGEUSDT,vratio_480,0,0.0
1b_live,micro,60,DOGEUSDT,vratio_480_xrank,0,0.0
1b_live,micro,60,DOGEUSDT,cvd_slope_480,0,0.0
1b_live,micro,60,DOGEUSDT,cvd_slope_480_xrank,0,0.0
1b_live,micro,60,DOGEUSDT,signac_480,0,0.0
1b_live,micro,60,DOGEUSDT,signac_480_xrank,0,0.0
1b_live,micro,60,DOGEUSDT,sflow_480,0,0.0
1b_live,micro,60,DOGEUSDT,sflow_480_xrank,0,0.0
1b_live,cross,60,DOGEUSDT,own_ret_1,0,0.0
1b_live,cross,60,DOGEUSDT,btc_ret_1,0,0.0
1b_live,cross,60,DOGEUSDT,eth_ret_1,0,0.0
1b_live,cross,60,DOGEUSDT,mkt_ret_1,0,0.0
1b_live,cross,60,DOGEUSDT,breadth_1,0,0.0
1b_live,cross,60,DOGEUSDT,disp_1,0,0.0
1b_live,cross,60,DOGEUSDT,relstr_1,0,0.0
1b_live,cross,60,DOGEUSDT,rank_1,0,0.0
1b_live,cross,60,DOGEUSDT,btc_minus_own_1,0,0.0
1b_live,cross,60,DOGEUSDT,eth_minus_own_1,0,0.0
1b_live,cross,60,DOGEUSDT,own_ret_5,0,0.0
1b_live,cross,60,DOGEUSDT,btc_ret_5,0,0.0
1b_live,cross,60,DOGEUSDT,eth_ret_5,0,0.0
1b_live,cross,60,DOGEUSDT,mkt_ret_5,0,0.0
1b_live,cross,60,DOGEUSDT,breadth_5,0,0.0
1b_live,cross,60,DOGEUSDT,disp_5,0,0.0
1b_live,cross,60,DOGEUSDT,relstr_5,0,0.0
1b_live,cross,60,DOGEUSDT,rank_5,0,0.0
1b_live,cross,60,DOGEUSDT,btc_minus_own_5,0,0.0
1b_live,cross,60,DOGEUSDT,eth_minus_own_5,0,0.0
1b_live,cross,60,DOGEUSDT,own_ret_15,0,0.0
1b_live,cross,60,DOGEUSDT,btc_ret_15,0,0.0
1b_live,cross,60,DOGEUSDT,eth_ret_15,0,0.0
1b_live,cross,60,DOGEUSDT,mkt_ret_15,0,0.0
1b_live,cross,60,DOGEUSDT,breadth_15,0,0.0
1b_live,cross,60,DOGEUSDT,disp_15,0,0.0
1b_live,cross,60,DOGEUSDT,relstr_15,0,0.0
1b_live,cross,60,DOGEUSDT,rank_15,0,0.0
1b_live,cross,60,DOGEUSDT,btc_minus_own_15,0,0.0
1b_live,cross,60,DOGEUSDT,eth_minus_own_15,0,0.0
1b_live,cross,60,DOGEUSDT,own_ret_30,0,0.0
1b_live,cross,60,DOGEUSDT,btc_ret_30,0,0.0
1b_live,cross,60,DOGEUSDT,eth_ret_30,0,0.0
1b_live,cross,60,DOGEUSDT,mkt_ret_30,0,0.0
1b_live,cross,60,DOGEUSDT,breadth_30,0,0.0
1b_live,cross,60,DOGEUSDT,disp_30,0,0.0
1b_live,cross,60,DOGEUSDT,relstr_30,0,0.0
1b_live,cross,60,DOGEUSDT,rank_30,0,0.0
1b_live,cross,60,DOGEUSDT,btc_minus_own_30,0,0.0
1b_live,cross,60,DOGEUSDT,eth_minus_own_30,0,0.0
1b_live,cross,60,DOGEUSDT,own_ret_60,0,0.0
1b_live,cross,60,DOGEUSDT,btc_ret_60,0,0.0
1b_live,cross,60,DOGEUSDT,eth_ret_60,0,0.0
1b_live,cross,60,DOGEUSDT,mkt_ret_60,0,0.0
1b_live,cross,60,DOGEUSDT,breadth_60,0,0.0
1b_live,cross,60,DOGEUSDT,disp_60,0,0.0
1b_live,cross,60,DOGEUSDT,relstr_60,0,0.0
1b_live,cross,60,DOGEUSDT,rank_60,0,0.0
1b_live,cross,60,DOGEUSDT,btc_minus_own_60,0,0.0
1b_live,cross,60,DOGEUSDT,eth_minus_own_60,0,0.0
1b_live,cross,60,DOGEUSDT,own_ret_180,0,0.0
1b_live,cross,60,DOGEUSDT,btc_ret_180,0,0.0
1b_live,cross,60,DOGEUSDT,eth_ret_180,0,0.0
1b_live,cross,60,DOGEUSDT,mkt_ret_180,0,0.0
1b_live,cross,60,DOGEUSDT,breadth_180,0,0.0
1b_live,cross,60,DOGEUSDT,disp_180,0,0.0
1b_live,cross,60,DOGEUSDT,relstr_180,0,0.0
1b_live,cross,60,DOGEUSDT,rank_180,0,0.0
1b_live,cross,60,DOGEUSDT,btc_minus_own_180,0,0.0
1b_live,cross,60,DOGEUSDT,eth_minus_own_180,0,0.0
1b_live,cross,60,DOGEUSDT,own_ret_360,0,0.0
1b_live,cross,60,DOGEUSDT,btc_ret_360,0,0.0
1b_live,cross,60,DOGEUSDT,eth_ret_360,0,0.0
1b_live,cross,60,DOGEUSDT,mkt_ret_360,0,0.0
1b_live,cross,60,DOGEUSDT,breadth_360,0,0.0
1b_live,cross,60,DOGEUSDT,disp_360,0,0.0
1b_live,cross,60,DOGEUSDT,relstr_360,0,0.0
1b_live,cross,60,DOGEUSDT,rank_360,0,0.0
1b_live,cross,60,DOGEUSDT,btc_minus_own_360,0,0.0
1b_live,cross,60,DOGEUSDT,eth_minus_own_360,0,0.0
1b_live,cross,60,DOGEUSDT,own_ret_720,0,0.0
1b_live,cross,60,DOGEUSDT,btc_ret_720,0,0.0
1b_live,cross,60,DOGEUSDT,eth_ret_720,0,0.0
1b_live,cross,60,DOGEUSDT,mkt_ret_720,0,0.0
1b_live,cross,60,DOGEUSDT,breadth_720,0,0.0
1b_live,cross,60,DOGEUSDT,disp_720,0,0.0
1b_live,cross,60,DOGEUSDT,relstr_720,0,0.0
1b_live,cross,60,DOGEUSDT,rank_720,0,0.0
1b_live,cross,60,DOGEUSDT,btc_minus_own_720,0,0.0
1b_live,cross,60,DOGEUSDT,eth_minus_own_720,0,0.0
1b_live,cross,60,DOGEUSDT,own_ret_1440,0,0.0
1b_live,cross,60,DOGEUSDT,btc_ret_1440,0,0.0
1b_live,cross,60,DOGEUSDT,eth_ret_1440,0,0.0
1b_live,cross,60,DOGEUSDT,mkt_ret_1440,0,0.0
1b_live,cross,60,DOGEUSDT,breadth_1440,0,0.0
1b_live,cross,60,DOGEUSDT,disp_1440,0,0.0
1b_live,cross,60,DOGEUSDT,relstr_1440,0,0.0
1b_live,cross,60,DOGEUSDT,rank_1440,0,0.0
1b_live,cross,60,DOGEUSDT,btc_minus_own_1440,0,0.0
1b_live,cross,60,DOGEUSDT,eth_minus_own_1440,0,0.0
1b_live,micro,60,DOTUSDT,rskew_30,0,9.831784275604605e-10
1b_live,micro,60,DOTUSDT,rskew_30_xrank,0,0.0
1b_live,micro,60,DOTUSDT,rkurt_30,0,1.7342703131362214e-06
1b_live,micro,60,DOTUSDT,rkurt_30_xrank,0,0.0
1b_live,micro,60,DOTUSDT,roll_30,0,0.0
1b_live,micro,60,DOTUSDT,roll_30_xrank,0,0.0
1b_live,micro,60,DOTUSDT,amihud_30,0,0.0
1b_live,micro,60,DOTUSDT,amihud_30_xrank,0,0.0
1b_live,micro,60,DOTUSDT,kyle_30,0,6.075189418197624e-08
1b_live,micro,60,DOTUSDT,kyle_30_xrank,0,0.0
1b_live,micro,60,DOTUSDT,vpin_30,0,0.0
1b_live,micro,60,DOTUSDT,vpin_30_xrank,0,0.0
1b_live,micro,60,DOTUSDT,jump_30,0,3.098433865034167e-08
1b_live,micro,60,DOTUSDT,jump_30_xrank,0,0.0
1b_live,micro,60,DOTUSDT,vratio_30,0,0.0
1b_live,micro,60,DOTUSDT,vratio_30_xrank,0,0.0
1b_live,micro,60,DOTUSDT,cvd_slope_30,0,0.0
1b_live,micro,60,DOTUSDT,cvd_slope_30_xrank,0,0.0
1b_live,micro,60,DOTUSDT,signac_30,0,0.0
1b_live,micro,60,DOTUSDT,signac_30_xrank,0,0.0
1b_live,micro,60,DOTUSDT,sflow_30,0,0.0
1b_live,micro,60,DOTUSDT,sflow_30_xrank,0,0.0
1b_live,micro,60,DOTUSDT,rskew_120,0,3.3002094390610637e-09
1b_live,micro,60,DOTUSDT,rskew_120_xrank,0,0.0
1b_live,micro,60,DOTUSDT,rkurt_120,0,8.279086216589349e-08
1b_live,micro,60,DOTUSDT,rkurt_120_xrank,0,0.0
1b_live,micro,60,DOTUSDT,roll_120,0,0.0
1b_live,micro,60,DOTUSDT,roll_120_xrank,0,0.0
1b_live,micro,60,DOTUSDT,amihud_120,0,0.0
1b_live,micro,60,DOTUSDT,amihud_120_xrank,0,0.0
1b_live,micro,60,DOTUSDT,kyle_120,0,9.171212411729357e-08
1b_live,micro,60,DOTUSDT,kyle_120_xrank,0,0.0
1b_live,micro,60,DOTUSDT,vpin_120,0,0.0
1b_live,micro,60,DOTUSDT,vpin_120_xrank,0,0.0
1b_live,micro,60,DOTUSDT,jump_120,0,2.760648598609805e-08
1b_live,micro,60,DOTUSDT,jump_120_xrank,0,0.0
1b_live,micro,60,DOTUSDT,vratio_120,0,0.0
1b_live,micro,60,DOTUSDT,vratio_120_xrank,0,0.0
1b_live,micro,60,DOTUSDT,cvd_slope_120,0,0.0
1b_live,micro,60,DOTUSDT,cvd_slope_120_xrank,0,0.0
1b_live,micro,60,DOTUSDT,signac_120,0,0.0
1b_live,micro,60,DOTUSDT,signac_120_xrank,0,0.0
1b_live,micro,60,DOTUSDT,sflow_120,0,0.0
1b_live,micro,60,DOTUSDT,sflow_120_xrank,0,0.0
1b_live,micro,60,DOTUSDT,rskew_480,0,3.015425409369499e-10
1b_live,micro,60,DOTUSDT,rskew_480_xrank,0,0.0
1b_live,micro,60,DOTUSDT,rkurt_480,0,3.2512183167909825e-08
1b_live,micro,60,DOTUSDT,rkurt_480_xrank,0,0.0
1b_live,micro,60,DOTUSDT,roll_480,0,0.0
1b_live,micro,60,DOTUSDT,roll_480_xrank,0,0.0
1b_live,micro,60,DOTUSDT,amihud_480,0,0.0
1b_live,micro,60,DOTUSDT,amihud_480_xrank,0,0.0
1b_live,micro,60,DOTUSDT,kyle_480,0,6.958741494145215e-08
1b_live,micro,60,DOTUSDT,kyle_480_xrank,0,0.0
1b_live,micro,60,DOTUSDT,vpin_480,0,0.0
1b_live,micro,60,DOTUSDT,vpin_480_xrank,0,0.0
1b_live,micro,60,DOTUSDT,jump_480,0,2.0393349231540014e-08
1b_live,micro,60,DOTUSDT,jump_480_xrank,0,0.0
1b_live,micro,60,DOTUSDT,vratio_480,0,0.0
1b_live,micro,60,DOTUSDT,vratio_480_xrank,0,0.0
1b_live,micro,60,DOTUSDT,cvd_slope_480,0,0.0
1b_live,micro,60,DOTUSDT,cvd_slope_480_xrank,0,0.0
1b_live,micro,60,DOTUSDT,signac_480,0,0.0
1b_live,micro,60,DOTUSDT,signac_480_xrank,0,0.0
1b_live,micro,60,DOTUSDT,sflow_480,0,0.0
1b_live,micro,60,DOTUSDT,sflow_480_xrank,0,0.0
1b_live,cross,60,DOTUSDT,own_ret_1,0,0.0
1b_live,cross,60,DOTUSDT,btc_ret_1,0,0.0
1b_live,cross,60,DOTUSDT,eth_ret_1,0,0.0
1b_live,cross,60,DOTUSDT,mkt_ret_1,0,0.0
1b_live,cross,60,DOTUSDT,breadth_1,0,0.0
1b_live,cross,60,DOTUSDT,disp_1,0,0.0
1b_live,cross,60,DOTUSDT,relstr_1,0,0.0
1b_live,cross,60,DOTUSDT,rank_1,0,0.0
1b_live,cross,60,DOTUSDT,btc_minus_own_1,0,0.0
1b_live,cross,60,DOTUSDT,eth_minus_own_1,0,0.0
1b_live,cross,60,DOTUSDT,own_ret_5,0,0.0
1b_live,cross,60,DOTUSDT,btc_ret_5,0,0.0
1b_live,cross,60,DOTUSDT,eth_ret_5,0,0.0
1b_live,cross,60,DOTUSDT,mkt_ret_5,0,0.0
1b_live,cross,60,DOTUSDT,breadth_5,0,0.0
1b_live,cross,60,DOTUSDT,disp_5,0,0.0
1b_live,cross,60,DOTUSDT,relstr_5,0,0.0
1b_live,cross,60,DOTUSDT,rank_5,0,0.0
1b_live,cross,60,DOTUSDT,btc_minus_own_5,0,0.0
1b_live,cross,60,DOTUSDT,eth_minus_own_5,0,0.0
1b_live,cross,60,DOTUSDT,own_ret_15,0,0.0
1b_live,cross,60,DOTUSDT,btc_ret_15,0,0.0
1b_live,cross,60,DOTUSDT,eth_ret_15,0,0.0
1b_live,cross,60,DOTUSDT,mkt_ret_15,0,0.0
1b_live,cross,60,DOTUSDT,breadth_15,0,0.0
1b_live,cross,60,DOTUSDT,disp_15,0,0.0
1b_live,cross,60,DOTUSDT,relstr_15,0,0.0
1b_live,cross,60,DOTUSDT,rank_15,0,0.0
1b_live,cross,60,DOTUSDT,btc_minus_own_15,0,0.0
1b_live,cross,60,DOTUSDT,eth_minus_own_15,0,0.0
1b_live,cross,60,DOTUSDT,own_ret_30,0,0.0
1b_live,cross,60,DOTUSDT,btc_ret_30,0,0.0
1b_live,cross,60,DOTUSDT,eth_ret_30,0,0.0
1b_live,cross,60,DOTUSDT,mkt_ret_30,0,0.0
1b_live,cross,60,DOTUSDT,breadth_30,0,0.0
1b_live,cross,60,DOTUSDT,disp_30,0,0.0
1b_live,cross,60,DOTUSDT,relstr_30,0,0.0
1b_live,cross,60,DOTUSDT,rank_30,0,0.0
1b_live,cross,60,DOTUSDT,btc_minus_own_30,0,0.0
1b_live,cross,60,DOTUSDT,eth_minus_own_30,0,0.0
1b_live,cross,60,DOTUSDT,own_ret_60,0,0.0
1b_live,cross,60,DOTUSDT,btc_ret_60,0,0.0
1b_live,cross,60,DOTUSDT,eth_ret_60,0,0.0
1b_live,cross,60,DOTUSDT,mkt_ret_60,0,0.0
1b_live,cross,60,DOTUSDT,breadth_60,0,0.0
1b_live,cross,60,DOTUSDT,disp_60,0,0.0
1b_live,cross,60,DOTUSDT,relstr_60,0,0.0
1b_live,cross,60,DOTUSDT,rank_60,0,0.0
1b_live,cross,60,DOTUSDT,btc_minus_own_60,0,0.0
1b_live,cross,60,DOTUSDT,eth_minus_own_60,0,0.0
1b_live,cross,60,DOTUSDT,own_ret_180,0,0.0
1b_live,cross,60,DOTUSDT,btc_ret_180,0,0.0
1b_live,cross,60,DOTUSDT,eth_ret_180,0,0.0
1b_live,cross,60,DOTUSDT,mkt_ret_180,0,0.0
1b_live,cross,60,DOTUSDT,breadth_180,0,0.0
1b_live,cross,60,DOTUSDT,disp_180,0,0.0
1b_live,cross,60,DOTUSDT,relstr_180,0,0.0
1b_live,cross,60,DOTUSDT,rank_180,0,0.0
1b_live,cross,60,DOTUSDT,btc_minus_own_180,0,0.0
1b_live,cross,60,DOTUSDT,eth_minus_own_180,0,0.0
1b_live,cross,60,DOTUSDT,own_ret_360,0,0.0
1b_live,cross,60,DOTUSDT,btc_ret_360,0,0.0
1b_live,cross,60,DOTUSDT,eth_ret_360,0,0.0
1b_live,cross,60,DOTUSDT,mkt_ret_360,0,0.0
1b_live,cross,60,DOTUSDT,breadth_360,0,0.0
1b_live,cross,60,DOTUSDT,disp_360,0,0.0
1b_live,cross,60,DOTUSDT,relstr_360,0,0.0
1b_live,cross,60,DOTUSDT,rank_360,0,0.0
1b_live,cross,60,DOTUSDT,btc_minus_own_360,0,0.0
1b_live,cross,60,DOTUSDT,eth_minus_own_360,0,0.0
1b_live,cross,60,DOTUSDT,own_ret_720,0,0.0
1b_live,cross,60,DOTUSDT,btc_ret_720,0,0.0
1b_live,cross,60,DOTUSDT,eth_ret_720,0,0.0
1b_live,cross,60,DOTUSDT,mkt_ret_720,0,0.0
1b_live,cross,60,DOTUSDT,breadth_720,0,0.0
1b_live,cross,60,DOTUSDT,disp_720,0,0.0
1b_live,cross,60,DOTUSDT,relstr_720,0,0.0
1b_live,cross,60,DOTUSDT,rank_720,0,0.0
1b_live,cross,60,DOTUSDT,btc_minus_own_720,0,0.0
1b_live,cross,60,DOTUSDT,eth_minus_own_720,0,0.0
1b_live,cross,60,DOTUSDT,own_ret_1440,0,0.0
1b_live,cross,60,DOTUSDT,btc_ret_1440,0,0.0
1b_live,cross,60,DOTUSDT,eth_ret_1440,0,0.0
1b_live,cross,60,DOTUSDT,mkt_ret_1440,0,0.0
1b_live,cross,60,DOTUSDT,breadth_1440,0,0.0
1b_live,cross,60,DOTUSDT,disp_1440,0,0.0
1b_live,cross,60,DOTUSDT,relstr_1440,0,0.0
1b_live,cross,60,DOTUSDT,rank_1440,0,0.0
1b_live,cross,60,DOTUSDT,btc_minus_own_1440,0,0.0
1b_live,cross,60,DOTUSDT,eth_minus_own_1440,0,0.0
1b_live,micro,60,ETHUSDT,rskew_30,0,1.9667128370315368e-08
1b_live,micro,60,ETHUSDT,rskew_30_xrank,0,0.0
1b_live,micro,60,ETHUSDT,rkurt_30,0,2.161338670703117e-06
1b_live,micro,60,ETHUSDT,rkurt_30_xrank,0,0.0
1b_live,micro,60,ETHUSDT,roll_30,0,0.0
1b_live,micro,60,ETHUSDT,roll_30_xrank,0,0.0
1b_live,micro,60,ETHUSDT,amihud_30,0,0.0
1b_live,micro,60,ETHUSDT,amihud_30_xrank,0,0.0
1b_live,micro,60,ETHUSDT,kyle_30,0,0.0
1b_live,micro,60,ETHUSDT,kyle_30_xrank,0,0.0
1b_live,micro,60,ETHUSDT,vpin_30,0,0.0
1b_live,micro,60,ETHUSDT,vpin_30_xrank,0,0.0
1b_live,micro,60,ETHUSDT,jump_30,0,0.0
1b_live,micro,60,ETHUSDT,jump_30_xrank,0,0.0
1b_live,micro,60,ETHUSDT,vratio_30,0,0.0
1b_live,micro,60,ETHUSDT,vratio_30_xrank,0,0.0
1b_live,micro,60,ETHUSDT,cvd_slope_30,0,0.0
1b_live,micro,60,ETHUSDT,cvd_slope_30_xrank,0,0.0
1b_live,micro,60,ETHUSDT,signac_30,0,0.0
1b_live,micro,60,ETHUSDT,signac_30_xrank,0,0.0
1b_live,micro,60,ETHUSDT,sflow_30,0,0.0
1b_live,micro,60,ETHUSDT,sflow_30_xrank,0,0.0
1b_live,micro,60,ETHUSDT,rskew_120,0,2.0102873532490406e-10
1b_live,micro,60,ETHUSDT,rskew_120_xrank,0,0.0
1b_live,micro,60,ETHUSDT,rkurt_120,0,1.065345927031558e-07
1b_live,micro,60,ETHUSDT,rkurt_120_xrank,0,0.0
1b_live,micro,60,ETHUSDT,roll_120,0,0.0
1b_live,micro,60,ETHUSDT,roll_120_xrank,0,0.0
1b_live,micro,60,ETHUSDT,amihud_120,0,0.0
1b_live,micro,60,ETHUSDT,amihud_120_xrank,0,0.0
1b_live,micro,60,ETHUSDT,kyle_120,0,0.0
1b_live,micro,60,ETHUSDT,kyle_120_xrank,0,0.0
1b_live,micro,60,ETHUSDT,vpin_120,0,0.0
1b_live,micro,60,ETHUSDT,vpin_120_xrank,0,0.0
1b_live,micro,60,ETHUSDT,jump_120,0,1.548838746145975e-08
1b_live,micro,60,ETHUSDT,jump_120_xrank,0,0.0
1b_live,micro,60,ETHUSDT,vratio_120,0,0.0
1b_live,micro,60,ETHUSDT,vratio_120_xrank,0,0.0
1b_live,micro,60,ETHUSDT,cvd_slope_120,0,0.0
1b_live,micro,60,ETHUSDT,cvd_slope_120_xrank,0,0.0
1b_live,micro,60,ETHUSDT,signac_120,0,0.0
1b_live,micro,60,ETHUSDT,signac_120_xrank,0,0.0
1b_live,micro,60,ETHUSDT,sflow_120,0,0.0
1b_live,micro,60,ETHUSDT,sflow_120_xrank,0,0.0
1b_live,micro,60,ETHUSDT,rskew_480,0,4.12061718080281e-09
1b_live,micro,60,ETHUSDT,rskew_480_xrank,0,0.0
1b_live,micro,60,ETHUSDT,rkurt_480,0,5.25919965355115e-08
1b_live,micro,60,ETHUSDT,rkurt_480_xrank,0,0.0
1b_live,micro,60,ETHUSDT,roll_480,0,0.0
1b_live,micro,60,ETHUSDT,roll_480_xrank,0,0.0
1b_live,micro,60,ETHUSDT,amihud_480,0,0.0
1b_live,micro,60,ETHUSDT,amihud_480_xrank,0,0.0
1b_live,micro,60,ETHUSDT,kyle_480,0,0.0
1b_live,micro,60,ETHUSDT,kyle_480_xrank,0,0.0
1b_live,micro,60,ETHUSDT,vpin_480,0,0.0
1b_live,micro,60,ETHUSDT,vpin_480_xrank,0,0.0
1b_live,micro,60,ETHUSDT,jump_480,0,3.627751710144622e-10
1b_live,micro,60,ETHUSDT,jump_480_xrank,0,0.0
1b_live,micro,60,ETHUSDT,vratio_480,0,0.0
1b_live,micro,60,ETHUSDT,vratio_480_xrank,0,0.0
1b_live,micro,60,ETHUSDT,cvd_slope_480,0,0.0
1b_live,micro,60,ETHUSDT,cvd_slope_480_xrank,0,0.0
1b_live,micro,60,ETHUSDT,signac_480,0,0.0
1b_live,micro,60,ETHUSDT,signac_480_xrank,0,0.0
1b_live,micro,60,ETHUSDT,sflow_480,0,0.0
1b_live,micro,60,ETHUSDT,sflow_480_xrank,0,0.0
1b_live,cross,60,ETHUSDT,own_ret_1,0,0.0
1b_live,cross,60,ETHUSDT,btc_ret_1,0,0.0
1b_live,cross,60,ETHUSDT,eth_ret_1,0,0.0
1b_live,cross,60,ETHUSDT,mkt_ret_1,0,0.0
1b_live,cross,60,ETHUSDT,breadth_1,0,0.0
1b_live,cross,60,ETHUSDT,disp_1,0,0.0
1b_live,cross,60,ETHUSDT,relstr_1,0,0.0
1b_live,cross,60,ETHUSDT,rank_1,0,0.0
1b_live,cross,60,ETHUSDT,btc_minus_own_1,0,0.0
1b_live,cross,60,ETHUSDT,eth_minus_own_1,0,0.0
1b_live,cross,60,ETHUSDT,own_ret_5,0,0.0
1b_live,cross,60,ETHUSDT,btc_ret_5,0,0.0
1b_live,cross,60,ETHUSDT,eth_ret_5,0,0.0
1b_live,cross,60,ETHUSDT,mkt_ret_5,0,0.0
1b_live,cross,60,ETHUSDT,breadth_5,0,0.0
1b_live,cross,60,ETHUSDT,disp_5,0,0.0
1b_live,cross,60,ETHUSDT,relstr_5,0,0.0
1b_live,cross,60,ETHUSDT,rank_5,0,0.0
1b_live,cross,60,ETHUSDT,btc_minus_own_5,0,0.0
1b_live,cross,60,ETHUSDT,eth_minus_own_5,0,0.0
1b_live,cross,60,ETHUSDT,own_ret_15,0,0.0
1b_live,cross,60,ETHUSDT,btc_ret_15,0,0.0
1b_live,cross,60,ETHUSDT,eth_ret_15,0,0.0
1b_live,cross,60,ETHUSDT,mkt_ret_15,0,0.0
1b_live,cross,60,ETHUSDT,breadth_15,0,0.0
1b_live,cross,60,ETHUSDT,disp_15,0,0.0
1b_live,cross,60,ETHUSDT,relstr_15,0,0.0
1b_live,cross,60,ETHUSDT,rank_15,0,0.0
1b_live,cross,60,ETHUSDT,btc_minus_own_15,0,0.0
1b_live,cross,60,ETHUSDT,eth_minus_own_15,0,0.0
1b_live,cross,60,ETHUSDT,own_ret_30,0,0.0
1b_live,cross,60,ETHUSDT,btc_ret_30,0,0.0
1b_live,cross,60,ETHUSDT,eth_ret_30,0,0.0
1b_live,cross,60,ETHUSDT,mkt_ret_30,0,0.0
1b_live,cross,60,ETHUSDT,breadth_30,0,0.0
1b_live,cross,60,ETHUSDT,disp_30,0,0.0
1b_live,cross,60,ETHUSDT,relstr_30,0,0.0
1b_live,cross,60,ETHUSDT,rank_30,0,0.0
1b_live,cross,60,ETHUSDT,btc_minus_own_30,0,0.0
1b_live,cross,60,ETHUSDT,eth_minus_own_30,0,0.0
1b_live,cross,60,ETHUSDT,own_ret_60,0,0.0
1b_live,cross,60,ETHUSDT,btc_ret_60,0,0.0
1b_live,cross,60,ETHUSDT,eth_ret_60,0,0.0
1b_live,cross,60,ETHUSDT,mkt_ret_60,0,0.0
1b_live,cross,60,ETHUSDT,breadth_60,0,0.0
1b_live,cross,60,ETHUSDT,disp_60,0,0.0
1b_live,cross,60,ETHUSDT,relstr_60,0,0.0
1b_live,cross,60,ETHUSDT,rank_60,0,0.0
1b_live,cross,60,ETHUSDT,btc_minus_own_60,0,0.0
1b_live,cross,60,ETHUSDT,eth_minus_own_60,0,0.0
1b_live,cross,60,ETHUSDT,own_ret_180,0,0.0
1b_live,cross,60,ETHUSDT,btc_ret_180,0,0.0
1b_live,cross,60,ETHUSDT,eth_ret_180,0,0.0
1b_live,cross,60,ETHUSDT,mkt_ret_180,0,0.0
1b_live,cross,60,ETHUSDT,breadth_180,0,0.0
1b_live,cross,60,ETHUSDT,disp_180,0,0.0
1b_live,cross,60,ETHUSDT,relstr_180,0,0.0
1b_live,cross,60,ETHUSDT,rank_180,0,0.0
1b_live,cross,60,ETHUSDT,btc_minus_own_180,0,0.0
1b_live,cross,60,ETHUSDT,eth_minus_own_180,0,0.0
1b_live,cross,60,ETHUSDT,own_ret_360,0,0.0
1b_live,cross,60,ETHUSDT,btc_ret_360,0,0.0
1b_live,cross,60,ETHUSDT,eth_ret_360,0,0.0
1b_live,cross,60,ETHUSDT,mkt_ret_360,0,0.0
1b_live,cross,60,ETHUSDT,breadth_360,0,0.0
1b_live,cross,60,ETHUSDT,disp_360,0,0.0
1b_live,cross,60,ETHUSDT,relstr_360,0,0.0
1b_live,cross,60,ETHUSDT,rank_360,0,0.0
1b_live,cross,60,ETHUSDT,btc_minus_own_360,0,0.0
1b_live,cross,60,ETHUSDT,eth_minus_own_360,0,0.0
1b_live,cross,60,ETHUSDT,own_ret_720,0,0.0
1b_live,cross,60,ETHUSDT,btc_ret_720,0,0.0
1b_live,cross,60,ETHUSDT,eth_ret_720,0,0.0
1b_live,cross,60,ETHUSDT,mkt_ret_720,0,0.0
1b_live,cross,60,ETHUSDT,breadth_720,0,0.0
1b_live,cross,60,ETHUSDT,disp_720,0,0.0
1b_live,cross,60,ETHUSDT,relstr_720,0,0.0
1b_live,cross,60,ETHUSDT,rank_720,0,0.0
1b_live,cross,60,ETHUSDT,btc_minus_own_720,0,0.0
1b_live,cross,60,ETHUSDT,eth_minus_own_720,0,0.0
1b_live,cross,60,ETHUSDT,own_ret_1440,0,0.0
1b_live,cross,60,ETHUSDT,btc_ret_1440,0,0.0
1b_live,cross,60,ETHUSDT,eth_ret_1440,0,0.0
1b_live,cross,60,ETHUSDT,mkt_ret_1440,0,0.0
1b_live,cross,60,ETHUSDT,breadth_1440,0,0.0
1b_live,cross,60,ETHUSDT,disp_1440,0,0.0
1b_live,cross,60,ETHUSDT,relstr_1440,0,0.0
1b_live,cross,60,ETHUSDT,rank_1440,0,0.0
1b_live,cross,60,ETHUSDT,btc_minus_own_1440,0,0.0
1b_live,cross,60,ETHUSDT,eth_minus_own_1440,0,0.0
1b_live,micro,60,LINKUSDT,rskew_30,0,0.0
1b_live,micro,60,LINKUSDT,rskew_30_xrank,0,0.0
1b_live,micro,60,LINKUSDT,rkurt_30,0,6.187548819980293e-07
1b_live,micro,60,LINKUSDT,rkurt_30_xrank,0,0.0
1b_live,micro,60,LINKUSDT,roll_30,0,0.0
1b_live,micro,60,LINKUSDT,roll_30_xrank,0,0.0
1b_live,micro,60,LINKUSDT,amihud_30,0,0.0
1b_live,micro,60,LINKUSDT,amihud_30_xrank,0,0.0
1b_live,micro,60,LINKUSDT,kyle_30,0,4.2054910665001444e-08
1b_live,micro,60,LINKUSDT,kyle_30_xrank,0,0.0
1b_live,micro,60,LINKUSDT,vpin_30,0,0.0
1b_live,micro,60,LINKUSDT,vpin_30_xrank,0,0.0
1b_live,micro,60,LINKUSDT,jump_30,0,0.0
1b_live,micro,60,LINKUSDT,jump_30_xrank,0,0.0
1b_live,micro,60,LINKUSDT,vratio_30,0,0.0
1b_live,micro,60,LINKUSDT,vratio_30_xrank,0,0.0
1b_live,micro,60,LINKUSDT,cvd_slope_30,0,0.0
1b_live,micro,60,LINKUSDT,cvd_slope_30_xrank,0,0.0
1b_live,micro,60,LINKUSDT,signac_30,0,0.0
1b_live,micro,60,LINKUSDT,signac_30_xrank,0,0.0
1b_live,micro,60,LINKUSDT,sflow_30,0,0.0
1b_live,micro,60,LINKUSDT,sflow_30_xrank,0,0.0
1b_live,micro,60,LINKUSDT,rskew_120,0,1.2374057507813507e-11
1b_live,micro,60,LINKUSDT,rskew_120_xrank,0,0.0
1b_live,micro,60,LINKUSDT,rkurt_120,0,2.3148770011971465e-08
1b_live,micro,60,LINKUSDT,rkurt_120_xrank,0,0.0
1b_live,micro,60,LINKUSDT,roll_120,0,0.0
1b_live,micro,60,LINKUSDT,roll_120_xrank,0,0.0
1b_live,micro,60,LINKUSDT,amihud_120,0,0.0
1b_live,micro,60,LINKUSDT,amihud_120_xrank,0,0.0
1b_live,micro,60,LINKUSDT,kyle_120,0,0.0
1b_live,micro,60,LINKUSDT,kyle_120_xrank,0,0.0
1b_live,micro,60,LINKUSDT,vpin_120,0,0.0
1b_live,micro,60,LINKUSDT,vpin_120_xrank,0,0.0
1b_live,micro,60,LINKUSDT,jump_120,0,3.811639359696528e-08
1b_live,micro,60,LINKUSDT,jump_120_xrank,0,0.0
1b_live,micro,60,LINKUSDT,vratio_120,0,0.0
1b_live,micro,60,LINKUSDT,vratio_120_xrank,0,0.0
1b_live,micro,60,LINKUSDT,cvd_slope_120,0,8.909871240803113e-08
1b_live,micro,60,LINKUSDT,cvd_slope_120_xrank,0,0.0
1b_live,micro,60,LINKUSDT,signac_120,0,0.0
1b_live,micro,60,LINKUSDT,signac_120_xrank,0,0.0
1b_live,micro,60,LINKUSDT,sflow_120,0,1.3839164481055377e-08
1b_live,micro,60,LINKUSDT,sflow_120_xrank,0,0.0
1b_live,micro,60,LINKUSDT,rskew_480,0,0.0
1b_live,micro,60,LINKUSDT,rskew_480_xrank,0,0.0
1b_live,micro,60,LINKUSDT,rkurt_480,0,2.8048200206853835e-08
1b_live,micro,60,LINKUSDT,rkurt_480_xrank,0,0.0
1b_live,micro,60,LINKUSDT,roll_480,0,0.0
1b_live,micro,60,LINKUSDT,roll_480_xrank,0,0.0
1b_live,micro,60,LINKUSDT,amihud_480,0,0.0
1b_live,micro,60,LINKUSDT,amihud_480_xrank,0,0.0
1b_live,micro,60,LINKUSDT,kyle_480,0,0.0
1b_live,micro,60,LINKUSDT,kyle_480_xrank,0,0.0
1b_live,micro,60,LINKUSDT,vpin_480,0,0.0
1b_live,micro,60,LINKUSDT,vpin_480_xrank,0,0.0
1b_live,micro,60,LINKUSDT,jump_480,0,1.7065547197603337e-08
1b_live,micro,60,LINKUSDT,jump_480_xrank,0,0.0
1b_live,micro,60,LINKUSDT,vratio_480,0,0.0
1b_live,micro,60,LINKUSDT,vratio_480_xrank,0,0.0
1b_live,micro,60,LINKUSDT,cvd_slope_480,0,9.613481921633138e-08
1b_live,micro,60,LINKUSDT,cvd_slope_480_xrank,0,0.0
1b_live,micro,60,LINKUSDT,signac_480,0,0.0
1b_live,micro,60,LINKUSDT,signac_480_xrank,0,0.0
1b_live,micro,60,LINKUSDT,sflow_480,0,0.0
1b_live,micro,60,LINKUSDT,sflow_480_xrank,0,0.0
1b_live,cross,60,LINKUSDT,own_ret_1,0,0.0
1b_live,cross,60,LINKUSDT,btc_ret_1,0,0.0
1b_live,cross,60,LINKUSDT,eth_ret_1,0,0.0
1b_live,cross,60,LINKUSDT,mkt_ret_1,0,0.0
1b_live,cross,60,LINKUSDT,breadth_1,0,0.0
1b_live,cross,60,LINKUSDT,disp_1,0,0.0
1b_live,cross,60,LINKUSDT,relstr_1,0,0.0
1b_live,cross,60,LINKUSDT,rank_1,0,0.0
1b_live,cross,60,LINKUSDT,btc_minus_own_1,0,0.0
1b_live,cross,60,LINKUSDT,eth_minus_own_1,0,0.0
1b_live,cross,60,LINKUSDT,own_ret_5,0,0.0
1b_live,cross,60,LINKUSDT,btc_ret_5,0,0.0
1b_live,cross,60,LINKUSDT,eth_ret_5,0,0.0
1b_live,cross,60,LINKUSDT,mkt_ret_5,0,0.0
1b_live,cross,60,LINKUSDT,breadth_5,0,0.0
1b_live,cross,60,LINKUSDT,disp_5,0,0.0
1b_live,cross,60,LINKUSDT,relstr_5,0,0.0
1b_live,cross,60,LINKUSDT,rank_5,0,0.0
1b_live,cross,60,LINKUSDT,btc_minus_own_5,0,0.0
1b_live,cross,60,LINKUSDT,eth_minus_own_5,0,0.0
1b_live,cross,60,LINKUSDT,own_ret_15,0,0.0
1b_live,cross,60,LINKUSDT,btc_ret_15,0,0.0
1b_live,cross,60,LINKUSDT,eth_ret_15,0,0.0
1b_live,cross,60,LINKUSDT,mkt_ret_15,0,0.0
1b_live,cross,60,LINKUSDT,breadth_15,0,0.0
1b_live,cross,60,LINKUSDT,disp_15,0,0.0
1b_live,cross,60,LINKUSDT,relstr_15,0,0.0
1b_live,cross,60,LINKUSDT,rank_15,0,0.0
1b_live,cross,60,LINKUSDT,btc_minus_own_15,0,0.0
1b_live,cross,60,LINKUSDT,eth_minus_own_15,0,0.0
1b_live,cross,60,LINKUSDT,own_ret_30,0,0.0
1b_live,cross,60,LINKUSDT,btc_ret_30,0,0.0
1b_live,cross,60,LINKUSDT,eth_ret_30,0,0.0
1b_live,cross,60,LINKUSDT,mkt_ret_30,0,0.0
1b_live,cross,60,LINKUSDT,breadth_30,0,0.0
1b_live,cross,60,LINKUSDT,disp_30,0,0.0
1b_live,cross,60,LINKUSDT,relstr_30,0,0.0
1b_live,cross,60,LINKUSDT,rank_30,0,0.0
1b_live,cross,60,LINKUSDT,btc_minus_own_30,0,0.0
1b_live,cross,60,LINKUSDT,eth_minus_own_30,0,0.0
1b_live,cross,60,LINKUSDT,own_ret_60,0,0.0
1b_live,cross,60,LINKUSDT,btc_ret_60,0,0.0
1b_live,cross,60,LINKUSDT,eth_ret_60,0,0.0
1b_live,cross,60,LINKUSDT,mkt_ret_60,0,0.0
1b_live,cross,60,LINKUSDT,breadth_60,0,0.0
1b_live,cross,60,LINKUSDT,disp_60,0,0.0
1b_live,cross,60,LINKUSDT,relstr_60,0,0.0
1b_live,cross,60,LINKUSDT,rank_60,0,0.0
1b_live,cross,60,LINKUSDT,btc_minus_own_60,0,0.0
1b_live,cross,60,LINKUSDT,eth_minus_own_60,0,0.0
1b_live,cross,60,LINKUSDT,own_ret_180,0,0.0
1b_live,cross,60,LINKUSDT,btc_ret_180,0,0.0
1b_live,cross,60,LINKUSDT,eth_ret_180,0,0.0
1b_live,cross,60,LINKUSDT,mkt_ret_180,0,0.0
1b_live,cross,60,LINKUSDT,breadth_180,0,0.0
1b_live,cross,60,LINKUSDT,disp_180,0,0.0
1b_live,cross,60,LINKUSDT,relstr_180,0,0.0
1b_live,cross,60,LINKUSDT,rank_180,0,0.0
1b_live,cross,60,LINKUSDT,btc_minus_own_180,0,0.0
1b_live,cross,60,LINKUSDT,eth_minus_own_180,0,0.0
1b_live,cross,60,LINKUSDT,own_ret_360,0,0.0
1b_live,cross,60,LINKUSDT,btc_ret_360,0,0.0
1b_live,cross,60,LINKUSDT,eth_ret_360,0,0.0
1b_live,cross,60,LINKUSDT,mkt_ret_360,0,0.0
1b_live,cross,60,LINKUSDT,breadth_360,0,0.0
1b_live,cross,60,LINKUSDT,disp_360,0,0.0
1b_live,cross,60,LINKUSDT,relstr_360,0,0.0
1b_live,cross,60,LINKUSDT,rank_360,0,0.0
1b_live,cross,60,LINKUSDT,btc_minus_own_360,0,0.0
1b_live,cross,60,LINKUSDT,eth_minus_own_360,0,0.0
1b_live,cross,60,LINKUSDT,own_ret_720,0,0.0
1b_live,cross,60,LINKUSDT,btc_ret_720,0,0.0
1b_live,cross,60,LINKUSDT,eth_ret_720,0,0.0
1b_live,cross,60,LINKUSDT,mkt_ret_720,0,0.0
1b_live,cross,60,LINKUSDT,breadth_720,0,0.0
1b_live,cross,60,LINKUSDT,disp_720,0,0.0
1b_live,cross,60,LINKUSDT,relstr_720,0,0.0
1b_live,cross,60,LINKUSDT,rank_720,0,0.0
1b_live,cross,60,LINKUSDT,btc_minus_own_720,0,0.0
1b_live,cross,60,LINKUSDT,eth_minus_own_720,0,0.0
1b_live,cross,60,LINKUSDT,own_ret_1440,0,0.0
1b_live,cross,60,LINKUSDT,btc_ret_1440,0,0.0
1b_live,cross,60,LINKUSDT,eth_ret_1440,0,0.0
1b_live,cross,60,LINKUSDT,mkt_ret_1440,0,0.0
1b_live,cross,60,LINKUSDT,breadth_1440,0,0.0
1b_live,cross,60,LINKUSDT,disp_1440,0,0.0
1b_live,cross,60,LINKUSDT,relstr_1440,0,0.0
1b_live,cross,60,LINKUSDT,rank_1440,0,0.0
1b_live,cross,60,LINKUSDT,btc_minus_own_1440,0,0.0
1b_live,cross,60,LINKUSDT,eth_minus_own_1440,0,0.0
1b_live,micro,60,SOLUSDT,rskew_30,0,6.627159376826341e-10
1b_live,micro,60,SOLUSDT,rskew_30_xrank,0,0.0
1b_live,micro,60,SOLUSDT,rkurt_30,0,2.3973004203980963e-07
1b_live,micro,60,SOLUSDT,rkurt_30_xrank,0,0.0
1b_live,micro,60,SOLUSDT,roll_30,0,0.0
1b_live,micro,60,SOLUSDT,roll_30_xrank,0,0.0
1b_live,micro,60,SOLUSDT,amihud_30,0,0.0
1b_live,micro,60,SOLUSDT,amihud_30_xrank,0,0.0
1b_live,micro,60,SOLUSDT,kyle_30,0,0.0
1b_live,micro,60,SOLUSDT,kyle_30_xrank,0,0.0
1b_live,micro,60,SOLUSDT,vpin_30,0,0.0
1b_live,micro,60,SOLUSDT,vpin_30_xrank,0,0.0
1b_live,micro,60,SOLUSDT,jump_30,0,1.247349890043381e-09
1b_live,micro,60,SOLUSDT,jump_30_xrank,0,0.0
1b_live,micro,60,SOLUSDT,vratio_30,0,3.100131351629898e-08
1b_live,micro,60,SOLUSDT,vratio_30_xrank,0,0.0
1b_live,micro,60,SOLUSDT,cvd_slope_30,0,0.0
1b_live,micro,60,SOLUSDT,cvd_slope_30_xrank,0,0.0
1b_live,micro,60,SOLUSDT,signac_30,0,0.0
1b_live,micro,60,SOLUSDT,signac_30_xrank,0,0.0
1b_live,micro,60,SOLUSDT,sflow_30,0,0.0
1b_live,micro,60,SOLUSDT,sflow_30_xrank,0,0.0
1b_live,micro,60,SOLUSDT,rskew_120,0,0.0
1b_live,micro,60,SOLUSDT,rskew_120_xrank,0,0.0
1b_live,micro,60,SOLUSDT,rkurt_120,0,1.3276984844878825e-08
1b_live,micro,60,SOLUSDT,rkurt_120_xrank,0,0.0
1b_live,micro,60,SOLUSDT,roll_120,0,0.0
1b_live,micro,60,SOLUSDT,roll_120_xrank,0,0.0
1b_live,micro,60,SOLUSDT,amihud_120,0,0.0
1b_live,micro,60,SOLUSDT,amihud_120_xrank,0,0.0
1b_live,micro,60,SOLUSDT,kyle_120,0,0.0
1b_live,micro,60,SOLUSDT,kyle_120_xrank,0,0.0
1b_live,micro,60,SOLUSDT,vpin_120,0,0.0
1b_live,micro,60,SOLUSDT,vpin_120_xrank,0,0.0
1b_live,micro,60,SOLUSDT,jump_120,0,0.0
1b_live,micro,60,SOLUSDT,jump_120_xrank,0,0.0
1b_live,micro,60,SOLUSDT,vratio_120,0,0.0
1b_live,micro,60,SOLUSDT,vratio_120_xrank,0,0.0
1b_live,micro,60,SOLUSDT,cvd_slope_120,0,0.0
1b_live,micro,60,SOLUSDT,cvd_slope_120_xrank,0,0.0
1b_live,micro,60,SOLUSDT,signac_120,0,0.0
1b_live,micro,60,SOLUSDT,signac_120_xrank,0,0.0
1b_live,micro,60,SOLUSDT,sflow_120,0,0.0
1b_live,micro,60,SOLUSDT,sflow_120_xrank,0,0.0
1b_live,micro,60,SOLUSDT,rskew_480,0,0.0
1b_live,micro,60,SOLUSDT,rskew_480_xrank,0,0.0
1b_live,micro,60,SOLUSDT,rkurt_480,0,1.5029316458026187e-08
1b_live,micro,60,SOLUSDT,rkurt_480_xrank,0,0.0
1b_live,micro,60,SOLUSDT,roll_480,0,0.0
1b_live,micro,60,SOLUSDT,roll_480_xrank,0,0.0
1b_live,micro,60,SOLUSDT,amihud_480,0,0.0
1b_live,micro,60,SOLUSDT,amihud_480_xrank,0,0.0
1b_live,micro,60,SOLUSDT,kyle_480,0,0.0
1b_live,micro,60,SOLUSDT,kyle_480_xrank,0,0.0
1b_live,micro,60,SOLUSDT,vpin_480,0,0.0
1b_live,micro,60,SOLUSDT,vpin_480_xrank,0,0.0
1b_live,micro,60,SOLUSDT,jump_480,0,1.1437133906611052e-08
1b_live,micro,60,SOLUSDT,jump_480_xrank,0,0.0
1b_live,micro,60,SOLUSDT,vratio_480,0,0.0
1b_live,micro,60,SOLUSDT,vratio_480_xrank,0,0.0
1b_live,micro,60,SOLUSDT,cvd_slope_480,0,0.0
1b_live,micro,60,SOLUSDT,cvd_slope_480_xrank,0,0.0
1b_live,micro,60,SOLUSDT,signac_480,0,0.0
1b_live,micro,60,SOLUSDT,signac_480_xrank,0,0.0
1b_live,micro,60,SOLUSDT,sflow_480,0,0.0
1b_live,micro,60,SOLUSDT,sflow_480_xrank,0,0.0
1b_live,cross,60,SOLUSDT,own_ret_1,0,0.0
1b_live,cross,60,SOLUSDT,btc_ret_1,0,0.0
1b_live,cross,60,SOLUSDT,eth_ret_1,0,0.0
1b_live,cross,60,SOLUSDT,mkt_ret_1,0,0.0
1b_live,cross,60,SOLUSDT,breadth_1,0,0.0
1b_live,cross,60,SOLUSDT,disp_1,0,0.0
1b_live,cross,60,SOLUSDT,relstr_1,0,0.0
1b_live,cross,60,SOLUSDT,rank_1,0,0.0
1b_live,cross,60,SOLUSDT,btc_minus_own_1,0,0.0
1b_live,cross,60,SOLUSDT,eth_minus_own_1,0,0.0
1b_live,cross,60,SOLUSDT,own_ret_5,0,0.0
1b_live,cross,60,SOLUSDT,btc_ret_5,0,0.0
1b_live,cross,60,SOLUSDT,eth_ret_5,0,0.0
1b_live,cross,60,SOLUSDT,mkt_ret_5,0,0.0
1b_live,cross,60,SOLUSDT,breadth_5,0,0.0
1b_live,cross,60,SOLUSDT,disp_5,0,0.0
1b_live,cross,60,SOLUSDT,relstr_5,0,0.0
1b_live,cross,60,SOLUSDT,rank_5,0,0.0
1b_live,cross,60,SOLUSDT,btc_minus_own_5,0,0.0
1b_live,cross,60,SOLUSDT,eth_minus_own_5,0,0.0
1b_live,cross,60,SOLUSDT,own_ret_15,0,0.0
1b_live,cross,60,SOLUSDT,btc_ret_15,0,0.0
1b_live,cross,60,SOLUSDT,eth_ret_15,0,0.0
1b_live,cross,60,SOLUSDT,mkt_ret_15,0,0.0
1b_live,cross,60,SOLUSDT,breadth_15,0,0.0
1b_live,cross,60,SOLUSDT,disp_15,0,0.0
1b_live,cross,60,SOLUSDT,relstr_15,0,0.0
1b_live,cross,60,SOLUSDT,rank_15,0,0.0
1b_live,cross,60,SOLUSDT,btc_minus_own_15,0,0.0
1b_live,cross,60,SOLUSDT,eth_minus_own_15,0,0.0
1b_live,cross,60,SOLUSDT,own_ret_30,0,0.0
1b_live,cross,60,SOLUSDT,btc_ret_30,0,0.0
1b_live,cross,60,SOLUSDT,eth_ret_30,0,0.0
1b_live,cross,60,SOLUSDT,mkt_ret_30,0,0.0
1b_live,cross,60,SOLUSDT,breadth_30,0,0.0
1b_live,cross,60,SOLUSDT,disp_30,0,0.0
1b_live,cross,60,SOLUSDT,relstr_30,0,0.0
1b_live,cross,60,SOLUSDT,rank_30,0,0.0
1b_live,cross,60,SOLUSDT,btc_minus_own_30,0,0.0
1b_live,cross,60,SOLUSDT,eth_minus_own_30,0,0.0
1b_live,cross,60,SOLUSDT,own_ret_60,0,0.0
1b_live,cross,60,SOLUSDT,btc_ret_60,0,0.0
1b_live,cross,60,SOLUSDT,eth_ret_60,0,0.0
1b_live,cross,60,SOLUSDT,mkt_ret_60,0,0.0
1b_live,cross,60,SOLUSDT,breadth_60,0,0.0
1b_live,cross,60,SOLUSDT,disp_60,0,0.0
1b_live,cross,60,SOLUSDT,relstr_60,0,0.0
1b_live,cross,60,SOLUSDT,rank_60,0,0.0
1b_live,cross,60,SOLUSDT,btc_minus_own_60,0,0.0
1b_live,cross,60,SOLUSDT,eth_minus_own_60,0,0.0
1b_live,cross,60,SOLUSDT,own_ret_180,0,0.0
1b_live,cross,60,SOLUSDT,btc_ret_180,0,0.0
1b_live,cross,60,SOLUSDT,eth_ret_180,0,0.0
1b_live,cross,60,SOLUSDT,mkt_ret_180,0,0.0
1b_live,cross,60,SOLUSDT,breadth_180,0,0.0
1b_live,cross,60,SOLUSDT,disp_180,0,0.0
1b_live,cross,60,SOLUSDT,relstr_180,0,0.0
1b_live,cross,60,SOLUSDT,rank_180,0,0.0
1b_live,cross,60,SOLUSDT,btc_minus_own_180,0,0.0
1b_live,cross,60,SOLUSDT,eth_minus_own_180,0,0.0
1b_live,cross,60,SOLUSDT,own_ret_360,0,0.0
1b_live,cross,60,SOLUSDT,btc_ret_360,0,0.0
1b_live,cross,60,SOLUSDT,eth_ret_360,0,0.0
1b_live,cross,60,SOLUSDT,mkt_ret_360,0,0.0
1b_live,cross,60,SOLUSDT,breadth_360,0,0.0
1b_live,cross,60,SOLUSDT,disp_360,0,0.0
1b_live,cross,60,SOLUSDT,relstr_360,0,0.0
1b_live,cross,60,SOLUSDT,rank_360,0,0.0
1b_live,cross,60,SOLUSDT,btc_minus_own_360,0,0.0
1b_live,cross,60,SOLUSDT,eth_minus_own_360,0,0.0
1b_live,cross,60,SOLUSDT,own_ret_720,0,0.0
1b_live,cross,60,SOLUSDT,btc_ret_720,0,0.0
1b_live,cross,60,SOLUSDT,eth_ret_720,0,0.0
1b_live,cross,60,SOLUSDT,mkt_ret_720,0,0.0
1b_live,cross,60,SOLUSDT,breadth_720,0,0.0
1b_live,cross,60,SOLUSDT,disp_720,0,0.0
1b_live,cross,60,SOLUSDT,relstr_720,0,0.0
1b_live,cross,60,SOLUSDT,rank_720,0,0.0
1b_live,cross,60,SOLUSDT,btc_minus_own_720,0,0.0
1b_live,cross,60,SOLUSDT,eth_minus_own_720,0,0.0
1b_live,cross,60,SOLUSDT,own_ret_1440,0,0.0
1b_live,cross,60,SOLUSDT,btc_ret_1440,0,0.0
1b_live,cross,60,SOLUSDT,eth_ret_1440,0,0.0
1b_live,cross,60,SOLUSDT,mkt_ret_1440,0,0.0
1b_live,cross,60,SOLUSDT,breadth_1440,0,0.0
1b_live,cross,60,SOLUSDT,disp_1440,0,0.0
1b_live,cross,60,SOLUSDT,relstr_1440,0,0.0
1b_live,cross,60,SOLUSDT,rank_1440,0,0.0
1b_live,cross,60,SOLUSDT,btc_minus_own_1440,0,0.0
1b_live,cross,60,SOLUSDT,eth_minus_own_1440,0,0.0
1b_live,micro,60,XRPUSDT,rskew_30,0,6.5312772967729416e-09
1b_live,micro,60,XRPUSDT,rskew_30_xrank,0,0.0
1b_live,micro,60,XRPUSDT,rkurt_30,0,2.0671065215083217e-07
1b_live,micro,60,XRPUSDT,rkurt_30_xrank,0,0.0
1b_live,micro,60,XRPUSDT,roll_30,0,0.0
1b_live,micro,60,XRPUSDT,roll_30_xrank,0,0.0
1b_live,micro,60,XRPUSDT,amihud_30,0,0.0
1b_live,micro,60,XRPUSDT,amihud_30_xrank,0,0.0
1b_live,micro,60,XRPUSDT,kyle_30,0,0.0
1b_live,micro,60,XRPUSDT,kyle_30_xrank,0,0.0
1b_live,micro,60,XRPUSDT,vpin_30,0,0.0
1b_live,micro,60,XRPUSDT,vpin_30_xrank,0,0.0
1b_live,micro,60,XRPUSDT,jump_30,0,1.0086933066588699e-08
1b_live,micro,60,XRPUSDT,jump_30_xrank,0,0.0
1b_live,micro,60,XRPUSDT,vratio_30,0,0.0
1b_live,micro,60,XRPUSDT,vratio_30_xrank,0,0.0
1b_live,micro,60,XRPUSDT,cvd_slope_30,0,0.0
1b_live,micro,60,XRPUSDT,cvd_slope_30_xrank,0,0.0
1b_live,micro,60,XRPUSDT,signac_30,0,0.0
1b_live,micro,60,XRPUSDT,signac_30_xrank,0,0.0
1b_live,micro,60,XRPUSDT,sflow_30,0,0.0
1b_live,micro,60,XRPUSDT,sflow_30_xrank,0,0.0
1b_live,micro,60,XRPUSDT,rskew_120,0,0.0
1b_live,micro,60,XRPUSDT,rskew_120_xrank,0,0.0
1b_live,micro,60,XRPUSDT,rkurt_120,0,9.315538562759684e-09
1b_live,micro,60,XRPUSDT,rkurt_120_xrank,0,0.0
1b_live,micro,60,XRPUSDT,roll_120,0,0.0
1b_live,micro,60,XRPUSDT,roll_120_xrank,0,0.0
1b_live,micro,60,XRPUSDT,amihud_120,0,0.0
1b_live,micro,60,XRPUSDT,amihud_120_xrank,0,0.0
1b_live,micro,60,XRPUSDT,kyle_120,0,0.0
1b_live,micro,60,XRPUSDT,kyle_120_xrank,0,0.0
1b_live,micro,60,XRPUSDT,vpin_120,0,0.0
1b_live,micro,60,XRPUSDT,vpin_120_xrank,0,0.0
1b_live,micro,60,XRPUSDT,jump_120,0,4.806744446916866e-10
1b_live,micro,60,XRPUSDT,jump_120_xrank,0,0.0
1b_live,micro,60,XRPUSDT,vratio_120,0,0.0
1b_live,micro,60,XRPUSDT,vratio_120_xrank,0,0.0
1b_live,micro,60,XRPUSDT,cvd_slope_120,0,0.0
1b_live,micro,60,XRPUSDT,cvd_slope_120_xrank,0,0.0
1b_live,micro,60,XRPUSDT,signac_120,0,0.0
1b_live,micro,60,XRPUSDT,signac_120_xrank,0,0.0
1b_live,micro,60,XRPUSDT,sflow_120,0,0.0
1b_live,micro,60,XRPUSDT,sflow_120_xrank,0,0.0
1b_live,micro,60,XRPUSDT,rskew_480,0,0.0
1b_live,micro,60,XRPUSDT,rskew_480_xrank,0,0.0
1b_live,micro,60,XRPUSDT,rkurt_480,0,0.0
1b_live,micro,60,XRPUSDT,rkurt_480_xrank,0,0.0
1b_live,micro,60,XRPUSDT,roll_480,0,0.0
1b_live,micro,60,XRPUSDT,roll_480_xrank,0,0.0
1b_live,micro,60,XRPUSDT,amihud_480,0,0.0
1b_live,micro,60,XRPUSDT,amihud_480_xrank,0,0.0
1b_live,micro,60,XRPUSDT,kyle_480,0,0.0
1b_live,micro,60,XRPUSDT,kyle_480_xrank,0,0.0
1b_live,micro,60,XRPUSDT,vpin_480,0,0.0
1b_live,micro,60,XRPUSDT,vpin_480_xrank,0,0.0
1b_live,micro,60,XRPUSDT,jump_480,0,2.69441052802577e-10
1b_live,micro,60,XRPUSDT,jump_480_xrank,0,0.0
1b_live,micro,60,XRPUSDT,vratio_480,0,0.0
1b_live,micro,60,XRPUSDT,vratio_480_xrank,0,0.0
1b_live,micro,60,XRPUSDT,cvd_slope_480,0,0.0
1b_live,micro,60,XRPUSDT,cvd_slope_480_xrank,0,0.0
1b_live,micro,60,XRPUSDT,signac_480,0,0.0
1b_live,micro,60,XRPUSDT,signac_480_xrank,0,0.0
1b_live,micro,60,XRPUSDT,sflow_480,0,0.0
1b_live,micro,60,XRPUSDT,sflow_480_xrank,0,0.0
1b_live,cross,60,XRPUSDT,own_ret_1,0,0.0
1b_live,cross,60,XRPUSDT,btc_ret_1,0,0.0
1b_live,cross,60,XRPUSDT,eth_ret_1,0,0.0
1b_live,cross,60,XRPUSDT,mkt_ret_1,0,0.0
1b_live,cross,60,XRPUSDT,breadth_1,0,0.0
1b_live,cross,60,XRPUSDT,disp_1,0,0.0
1b_live,cross,60,XRPUSDT,relstr_1,0,0.0
1b_live,cross,60,XRPUSDT,rank_1,0,0.0
1b_live,cross,60,XRPUSDT,btc_minus_own_1,0,0.0
1b_live,cross,60,XRPUSDT,eth_minus_own_1,0,0.0
1b_live,cross,60,XRPUSDT,own_ret_5,0,0.0
1b_live,cross,60,XRPUSDT,btc_ret_5,0,0.0
1b_live,cross,60,XRPUSDT,eth_ret_5,0,0.0
1b_live,cross,60,XRPUSDT,mkt_ret_5,0,0.0
1b_live,cross,60,XRPUSDT,breadth_5,0,0.0
1b_live,cross,60,XRPUSDT,disp_5,0,0.0
1b_live,cross,60,XRPUSDT,relstr_5,0,0.0
1b_live,cross,60,XRPUSDT,rank_5,0,0.0
1b_live,cross,60,XRPUSDT,btc_minus_own_5,0,0.0
1b_live,cross,60,XRPUSDT,eth_minus_own_5,0,0.0
1b_live,cross,60,XRPUSDT,own_ret_15,0,0.0
1b_live,cross,60,XRPUSDT,btc_ret_15,0,0.0
1b_live,cross,60,XRPUSDT,eth_ret_15,0,0.0
1b_live,cross,60,XRPUSDT,mkt_ret_15,0,0.0
1b_live,cross,60,XRPUSDT,breadth_15,0,0.0
1b_live,cross,60,XRPUSDT,disp_15,0,0.0
1b_live,cross,60,XRPUSDT,relstr_15,0,0.0
1b_live,cross,60,XRPUSDT,rank_15,0,0.0
1b_live,cross,60,XRPUSDT,btc_minus_own_15,0,0.0
1b_live,cross,60,XRPUSDT,eth_minus_own_15,0,0.0
1b_live,cross,60,XRPUSDT,own_ret_30,0,0.0
1b_live,cross,60,XRPUSDT,btc_ret_30,0,0.0
1b_live,cross,60,XRPUSDT,eth_ret_30,0,0.0
1b_live,cross,60,XRPUSDT,mkt_ret_30,0,0.0
1b_live,cross,60,XRPUSDT,breadth_30,0,0.0
1b_live,cross,60,XRPUSDT,disp_30,0,0.0
1b_live,cross,60,XRPUSDT,relstr_30,0,0.0
1b_live,cross,60,XRPUSDT,rank_30,0,0.0
1b_live,cross,60,XRPUSDT,btc_minus_own_30,0,0.0
1b_live,cross,60,XRPUSDT,eth_minus_own_30,0,0.0
1b_live,cross,60,XRPUSDT,own_ret_60,0,0.0
1b_live,cross,60,XRPUSDT,btc_ret_60,0,0.0
1b_live,cross,60,XRPUSDT,eth_ret_60,0,0.0
1b_live,cross,60,XRPUSDT,mkt_ret_60,0,0.0
1b_live,cross,60,XRPUSDT,breadth_60,0,0.0
1b_live,cross,60,XRPUSDT,disp_60,0,0.0
1b_live,cross,60,XRPUSDT,relstr_60,0,0.0
1b_live,cross,60,XRPUSDT,rank_60,0,0.0
1b_live,cross,60,XRPUSDT,btc_minus_own_60,0,0.0
1b_live,cross,60,XRPUSDT,eth_minus_own_60,0,0.0
1b_live,cross,60,XRPUSDT,own_ret_180,0,0.0
1b_live,cross,60,XRPUSDT,btc_ret_180,0,0.0
1b_live,cross,60,XRPUSDT,eth_ret_180,0,0.0
1b_live,cross,60,XRPUSDT,mkt_ret_180,0,0.0
1b_live,cross,60,XRPUSDT,breadth_180,0,0.0
1b_live,cross,60,XRPUSDT,disp_180,0,0.0
1b_live,cross,60,XRPUSDT,relstr_180,0,0.0
1b_live,cross,60,XRPUSDT,rank_180,0,0.0
1b_live,cross,60,XRPUSDT,btc_minus_own_180,0,0.0
1b_live,cross,60,XRPUSDT,eth_minus_own_180,0,0.0
1b_live,cross,60,XRPUSDT,own_ret_360,0,0.0
1b_live,cross,60,XRPUSDT,btc_ret_360,0,0.0
1b_live,cross,60,XRPUSDT,eth_ret_360,0,0.0
1b_live,cross,60,XRPUSDT,mkt_ret_360,0,0.0
1b_live,cross,60,XRPUSDT,breadth_360,0,0.0
1b_live,cross,60,XRPUSDT,disp_360,0,0.0
1b_live,cross,60,XRPUSDT,relstr_360,0,0.0
1b_live,cross,60,XRPUSDT,rank_360,0,0.0
1b_live,cross,60,XRPUSDT,btc_minus_own_360,0,0.0
1b_live,cross,60,XRPUSDT,eth_minus_own_360,0,0.0
1b_live,cross,60,XRPUSDT,own_ret_720,0,0.0
1b_live,cross,60,XRPUSDT,btc_ret_720,0,0.0
1b_live,cross,60,XRPUSDT,eth_ret_720,0,0.0
1b_live,cross,60,XRPUSDT,mkt_ret_720,0,0.0
1b_live,cross,60,XRPUSDT,breadth_720,0,0.0
1b_live,cross,60,XRPUSDT,disp_720,0,0.0
1b_live,cross,60,XRPUSDT,relstr_720,0,0.0
1b_live,cross,60,XRPUSDT,rank_720,0,0.0
1b_live,cross,60,XRPUSDT,btc_minus_own_720,0,0.0
1b_live,cross,60,XRPUSDT,eth_minus_own_720,0,0.0
1b_live,cross,60,XRPUSDT,own_ret_1440,0,0.0
1b_live,cross,60,XRPUSDT,btc_ret_1440,0,0.0
1b_live,cross,60,XRPUSDT,eth_ret_1440,0,0.0
1b_live,cross,60,XRPUSDT,mkt_ret_1440,0,0.0
1b_live,cross,60,XRPUSDT,breadth_1440,0,0.0
1b_live,cross,60,XRPUSDT,disp_1440,0,0.0
1b_live,cross,60,XRPUSDT,relstr_1440,0,0.0
1b_live,cross,60,XRPUSDT,rank_1440,0,0.0
1b_live,cross,60,XRPUSDT,btc_minus_own_1440,0,0.0
1b_live,cross,60,XRPUSDT,eth_minus_own_1440,0,0.0
1b_live,micro,120,ADAUSDT,rskew_30,0,0.0
1b_live,micro,120,ADAUSDT,rskew_30_xrank,0,0.0
1b_live,micro,120,ADAUSDT,rkurt_30,0,1.1447409775655615e-07
1b_live,micro,120,ADAUSDT,rkurt_30_xrank,0,0.0
1b_live,micro,120,ADAUSDT,roll_30,0,0.0
1b_live,micro,120,ADAUSDT,roll_30_xrank,0,0.0
1b_live,micro,120,ADAUSDT,amihud_30,0,0.0
1b_live,micro,120,ADAUSDT,amihud_30_xrank,0,0.0
1b_live,micro,120,ADAUSDT,kyle_30,0,4.780965845441187e-09
1b_live,micro,120,ADAUSDT,kyle_30_xrank,0,0.0
1b_live,micro,120,ADAUSDT,vpin_30,0,5.5590145819905956e-08
1b_live,micro,120,ADAUSDT,vpin_30_xrank,0,0.0
1b_live,micro,120,ADAUSDT,jump_30,0,6.493354742787005e-10
1b_live,micro,120,ADAUSDT,jump_30_xrank,0,0.0
1b_live,micro,120,ADAUSDT,vratio_30,0,0.0
1b_live,micro,120,ADAUSDT,vratio_30_xrank,0,0.0
1b_live,micro,120,ADAUSDT,cvd_slope_30,0,0.0
1b_live,micro,120,ADAUSDT,cvd_slope_30_xrank,0,0.0
1b_live,micro,120,ADAUSDT,signac_30,0,0.0
1b_live,micro,120,ADAUSDT,signac_30_xrank,0,0.0
1b_live,micro,120,ADAUSDT,sflow_30,0,2.8133997354018447e-09
1b_live,micro,120,ADAUSDT,sflow_30_xrank,0,0.0
1b_live,micro,120,ADAUSDT,rskew_120,0,1.4795961789104695e-08
1b_live,micro,120,ADAUSDT,rskew_120_xrank,0,0.0
1b_live,micro,120,ADAUSDT,rkurt_120,0,1.540771421559839e-08
1b_live,micro,120,ADAUSDT,rkurt_120_xrank,0,0.0
1b_live,micro,120,ADAUSDT,roll_120,0,0.0
1b_live,micro,120,ADAUSDT,roll_120_xrank,0,0.0
1b_live,micro,120,ADAUSDT,amihud_120,0,0.0
1b_live,micro,120,ADAUSDT,amihud_120_xrank,0,0.0
1b_live,micro,120,ADAUSDT,kyle_120,0,0.0
1b_live,micro,120,ADAUSDT,kyle_120_xrank,0,0.0
1b_live,micro,120,ADAUSDT,vpin_120,0,0.0
1b_live,micro,120,ADAUSDT,vpin_120_xrank,0,0.0
1b_live,micro,120,ADAUSDT,jump_120,0,1.6634859045794315e-09
1b_live,micro,120,ADAUSDT,jump_120_xrank,0,0.0
1b_live,micro,120,ADAUSDT,vratio_120,0,0.0
1b_live,micro,120,ADAUSDT,vratio_120_xrank,0,0.0
1b_live,micro,120,ADAUSDT,cvd_slope_120,0,0.0
1b_live,micro,120,ADAUSDT,cvd_slope_120_xrank,0,0.0
1b_live,micro,120,ADAUSDT,signac_120,0,0.0
1b_live,micro,120,ADAUSDT,signac_120_xrank,0,0.0
1b_live,micro,120,ADAUSDT,sflow_120,0,0.0
1b_live,micro,120,ADAUSDT,sflow_120_xrank,0,0.0
1b_live,micro,120,ADAUSDT,rskew_480,0,0.0
1b_live,micro,120,ADAUSDT,rskew_480_xrank,0,0.0
1b_live,micro,120,ADAUSDT,rkurt_480,0,4.886517146474034e-08
1b_live,micro,120,ADAUSDT,rkurt_480_xrank,0,0.0
1b_live,micro,120,ADAUSDT,roll_480,0,0.0
1b_live,micro,120,ADAUSDT,roll_480_xrank,0,0.0
1b_live,micro,120,ADAUSDT,amihud_480,0,0.0
1b_live,micro,120,ADAUSDT,amihud_480_xrank,0,0.0
1b_live,micro,120,ADAUSDT,kyle_480,0,0.0
1b_live,micro,120,ADAUSDT,kyle_480_xrank,0,0.0
1b_live,micro,120,ADAUSDT,vpin_480,0,0.0
1b_live,micro,120,ADAUSDT,vpin_480_xrank,0,0.0
1b_live,micro,120,ADAUSDT,jump_480,0,0.0
1b_live,micro,120,ADAUSDT,jump_480_xrank,0,0.0
1b_live,micro,120,ADAUSDT,vratio_480,0,0.0
1b_live,micro,120,ADAUSDT,vratio_480_xrank,0,0.0
1b_live,micro,120,ADAUSDT,cvd_slope_480,0,0.0
1b_live,micro,120,ADAUSDT,cvd_slope_480_xrank,0,0.0
1b_live,micro,120,ADAUSDT,signac_480,0,0.0
1b_live,micro,120,ADAUSDT,signac_480_xrank,0,0.0
1b_live,micro,120,ADAUSDT,sflow_480,0,0.0
1b_live,micro,120,ADAUSDT,sflow_480_xrank,0,0.0
1b_live,cross,120,ADAUSDT,own_ret_1,0,0.0
1b_live,cross,120,ADAUSDT,btc_ret_1,0,0.0
1b_live,cross,120,ADAUSDT,eth_ret_1,0,0.0
1b_live,cross,120,ADAUSDT,mkt_ret_1,0,0.0
1b_live,cross,120,ADAUSDT,breadth_1,0,0.0
1b_live,cross,120,ADAUSDT,disp_1,0,0.0
1b_live,cross,120,ADAUSDT,relstr_1,0,0.0
1b_live,cross,120,ADAUSDT,rank_1,0,0.0
1b_live,cross,120,ADAUSDT,btc_minus_own_1,0,0.0
1b_live,cross,120,ADAUSDT,eth_minus_own_1,0,0.0
1b_live,cross,120,ADAUSDT,own_ret_5,0,0.0
1b_live,cross,120,ADAUSDT,btc_ret_5,0,0.0
1b_live,cross,120,ADAUSDT,eth_ret_5,0,0.0
1b_live,cross,120,ADAUSDT,mkt_ret_5,0,0.0
1b_live,cross,120,ADAUSDT,breadth_5,0,0.0
1b_live,cross,120,ADAUSDT,disp_5,0,0.0
1b_live,cross,120,ADAUSDT,relstr_5,0,0.0
1b_live,cross,120,ADAUSDT,rank_5,0,0.0
1b_live,cross,120,ADAUSDT,btc_minus_own_5,0,0.0
1b_live,cross,120,ADAUSDT,eth_minus_own_5,0,0.0
1b_live,cross,120,ADAUSDT,own_ret_15,0,0.0
1b_live,cross,120,ADAUSDT,btc_ret_15,0,0.0
1b_live,cross,120,ADAUSDT,eth_ret_15,0,0.0
1b_live,cross,120,ADAUSDT,mkt_ret_15,0,0.0
1b_live,cross,120,ADAUSDT,breadth_15,0,0.0
1b_live,cross,120,ADAUSDT,disp_15,0,0.0
1b_live,cross,120,ADAUSDT,relstr_15,0,0.0
1b_live,cross,120,ADAUSDT,rank_15,0,0.0
1b_live,cross,120,ADAUSDT,btc_minus_own_15,0,0.0
1b_live,cross,120,ADAUSDT,eth_minus_own_15,0,0.0
1b_live,cross,120,ADAUSDT,own_ret_30,0,0.0
1b_live,cross,120,ADAUSDT,btc_ret_30,0,0.0
1b_live,cross,120,ADAUSDT,eth_ret_30,0,0.0
1b_live,cross,120,ADAUSDT,mkt_ret_30,0,0.0
1b_live,cross,120,ADAUSDT,breadth_30,0,0.0
1b_live,cross,120,ADAUSDT,disp_30,0,0.0
1b_live,cross,120,ADAUSDT,relstr_30,0,0.0
1b_live,cross,120,ADAUSDT,rank_30,0,0.0
1b_live,cross,120,ADAUSDT,btc_minus_own_30,0,0.0
1b_live,cross,120,ADAUSDT,eth_minus_own_30,0,0.0
1b_live,cross,120,ADAUSDT,own_ret_60,0,0.0
1b_live,cross,120,ADAUSDT,btc_ret_60,0,0.0
1b_live,cross,120,ADAUSDT,eth_ret_60,0,0.0
1b_live,cross,120,ADAUSDT,mkt_ret_60,0,0.0
1b_live,cross,120,ADAUSDT,breadth_60,0,0.0
1b_live,cross,120,ADAUSDT,disp_60,0,0.0
1b_live,cross,120,ADAUSDT,relstr_60,0,0.0
1b_live,cross,120,ADAUSDT,rank_60,0,0.0
1b_live,cross,120,ADAUSDT,btc_minus_own_60,0,0.0
1b_live,cross,120,ADAUSDT,eth_minus_own_60,0,0.0
1b_live,cross,120,ADAUSDT,own_ret_180,0,0.0
1b_live,cross,120,ADAUSDT,btc_ret_180,0,0.0
1b_live,cross,120,ADAUSDT,eth_ret_180,0,0.0
1b_live,cross,120,ADAUSDT,mkt_ret_180,0,0.0
1b_live,cross,120,ADAUSDT,breadth_180,0,0.0
1b_live,cross,120,ADAUSDT,disp_180,0,0.0
1b_live,cross,120,ADAUSDT,relstr_180,0,0.0
1b_live,cross,120,ADAUSDT,rank_180,0,0.0
1b_live,cross,120,ADAUSDT,btc_minus_own_180,0,0.0
1b_live,cross,120,ADAUSDT,eth_minus_own_180,0,0.0
1b_live,cross,120,ADAUSDT,own_ret_360,0,0.0
1b_live,cross,120,ADAUSDT,btc_ret_360,0,0.0
1b_live,cross,120,ADAUSDT,eth_ret_360,0,0.0
1b_live,cross,120,ADAUSDT,mkt_ret_360,0,0.0
1b_live,cross,120,ADAUSDT,breadth_360,0,0.0
1b_live,cross,120,ADAUSDT,disp_360,0,0.0
1b_live,cross,120,ADAUSDT,relstr_360,0,0.0
1b_live,cross,120,ADAUSDT,rank_360,0,0.0
1b_live,cross,120,ADAUSDT,btc_minus_own_360,0,0.0
1b_live,cross,120,ADAUSDT,eth_minus_own_360,0,0.0
1b_live,cross,120,ADAUSDT,own_ret_720,0,0.0
1b_live,cross,120,ADAUSDT,btc_ret_720,0,0.0
1b_live,cross,120,ADAUSDT,eth_ret_720,0,0.0
1b_live,cross,120,ADAUSDT,mkt_ret_720,0,0.0
1b_live,cross,120,ADAUSDT,breadth_720,0,0.0
1b_live,cross,120,ADAUSDT,disp_720,0,0.0
1b_live,cross,120,ADAUSDT,relstr_720,0,0.0
1b_live,cross,120,ADAUSDT,rank_720,0,0.0
1b_live,cross,120,ADAUSDT,btc_minus_own_720,0,0.0
1b_live,cross,120,ADAUSDT,eth_minus_own_720,0,0.0
1b_live,cross,120,ADAUSDT,own_ret_1440,0,0.0
1b_live,cross,120,ADAUSDT,btc_ret_1440,0,0.0
1b_live,cross,120,ADAUSDT,eth_ret_1440,0,0.0
1b_live,cross,120,ADAUSDT,mkt_ret_1440,0,0.0
1b_live,cross,120,ADAUSDT,breadth_1440,0,0.0
1b_live,cross,120,ADAUSDT,disp_1440,0,0.0
1b_live,cross,120,ADAUSDT,relstr_1440,0,0.0
1b_live,cross,120,ADAUSDT,rank_1440,0,0.0
1b_live,cross,120,ADAUSDT,btc_minus_own_1440,0,0.0
1b_live,cross,120,ADAUSDT,eth_minus_own_1440,0,0.0
1b_live,micro,120,AVAXUSDT,rskew_30,0,4.332222403036212e-08
1b_live,micro,120,AVAXUSDT,rskew_30_xrank,0,0.0
1b_live,micro,120,AVAXUSDT,rkurt_30,0,1.0234914952889085e-05
1b_live,micro,120,AVAXUSDT,rkurt_30_xrank,0,0.0
1b_live,micro,120,AVAXUSDT,roll_30,0,0.0
1b_live,micro,120,AVAXUSDT,roll_30_xrank,0,0.0
1b_live,micro,120,AVAXUSDT,amihud_30,0,0.0
1b_live,micro,120,AVAXUSDT,amihud_30_xrank,0,0.0
1b_live,micro,120,AVAXUSDT,kyle_30,0,4.69148009329956e-09
1b_live,micro,120,AVAXUSDT,kyle_30_xrank,0,0.0
1b_live,micro,120,AVAXUSDT,vpin_30,0,0.0
1b_live,micro,120,AVAXUSDT,vpin_30_xrank,0,0.0
1b_live,micro,120,AVAXUSDT,jump_30,0,1.0897232005646629e-09
1b_live,micro,120,AVAXUSDT,jump_30_xrank,0,0.0
1b_live,micro,120,AVAXUSDT,vratio_30,0,0.0
1b_live,micro,120,AVAXUSDT,vratio_30_xrank,0,0.0
1b_live,micro,120,AVAXUSDT,cvd_slope_30,0,0.0
1b_live,micro,120,AVAXUSDT,cvd_slope_30_xrank,0,0.0
1b_live,micro,120,AVAXUSDT,signac_30,0,0.0
1b_live,micro,120,AVAXUSDT,signac_30_xrank,0,0.0
1b_live,micro,120,AVAXUSDT,sflow_30,0,0.0
1b_live,micro,120,AVAXUSDT,sflow_30_xrank,0,0.0
1b_live,micro,120,AVAXUSDT,rskew_120,0,1.0541858053159103e-08
1b_live,micro,120,AVAXUSDT,rskew_120_xrank,0,0.0
1b_live,micro,120,AVAXUSDT,rkurt_120,0,2.9184886329858273e-07
1b_live,micro,120,AVAXUSDT,rkurt_120_xrank,0,0.0
1b_live,micro,120,AVAXUSDT,roll_120,0,0.0
1b_live,micro,120,AVAXUSDT,roll_120_xrank,0,0.0
1b_live,micro,120,AVAXUSDT,amihud_120,0,0.0
1b_live,micro,120,AVAXUSDT,amihud_120_xrank,0,0.0
1b_live,micro,120,AVAXUSDT,kyle_120,0,0.0
1b_live,micro,120,AVAXUSDT,kyle_120_xrank,0,0.0
1b_live,micro,120,AVAXUSDT,vpin_120,0,0.0
1b_live,micro,120,AVAXUSDT,vpin_120_xrank,0,0.0
1b_live,micro,120,AVAXUSDT,jump_120,0,7.965868853432312e-09
1b_live,micro,120,AVAXUSDT,jump_120_xrank,0,0.0
1b_live,micro,120,AVAXUSDT,vratio_120,0,0.0
1b_live,micro,120,AVAXUSDT,vratio_120_xrank,0,0.0
1b_live,micro,120,AVAXUSDT,cvd_slope_120,0,0.0
1b_live,micro,120,AVAXUSDT,cvd_slope_120_xrank,0,0.0
1b_live,micro,120,AVAXUSDT,signac_120,0,2.6047505485848887e-08
1b_live,micro,120,AVAXUSDT,signac_120_xrank,0,0.0
1b_live,micro,120,AVAXUSDT,sflow_120,0,0.0
1b_live,micro,120,AVAXUSDT,sflow_120_xrank,0,0.0
1b_live,micro,120,AVAXUSDT,rskew_480,0,1.572794339210759e-08
1b_live,micro,120,AVAXUSDT,rskew_480_xrank,0,0.0
1b_live,micro,120,AVAXUSDT,rkurt_480,0,7.423936665418296e-08
1b_live,micro,120,AVAXUSDT,rkurt_480_xrank,0,0.0
1b_live,micro,120,AVAXUSDT,roll_480,0,0.0
1b_live,micro,120,AVAXUSDT,roll_480_xrank,0,0.0
1b_live,micro,120,AVAXUSDT,amihud_480,0,0.0
1b_live,micro,120,AVAXUSDT,amihud_480_xrank,0,0.0
1b_live,micro,120,AVAXUSDT,kyle_480,0,0.0
1b_live,micro,120,AVAXUSDT,kyle_480_xrank,0,0.0
1b_live,micro,120,AVAXUSDT,vpin_480,0,0.0
1b_live,micro,120,AVAXUSDT,vpin_480_xrank,0,0.0
1b_live,micro,120,AVAXUSDT,jump_480,0,0.0
1b_live,micro,120,AVAXUSDT,jump_480_xrank,0,0.0
1b_live,micro,120,AVAXUSDT,vratio_480,0,0.0
1b_live,micro,120,AVAXUSDT,vratio_480_xrank,0,0.0
1b_live,micro,120,AVAXUSDT,cvd_slope_480,0,0.0
1b_live,micro,120,AVAXUSDT,cvd_slope_480_xrank,0,0.0
1b_live,micro,120,AVAXUSDT,signac_480,0,0.0
1b_live,micro,120,AVAXUSDT,signac_480_xrank,0,0.0
1b_live,micro,120,AVAXUSDT,sflow_480,0,0.0
1b_live,micro,120,AVAXUSDT,sflow_480_xrank,0,0.0
1b_live,cross,120,AVAXUSDT,own_ret_1,0,0.0
1b_live,cross,120,AVAXUSDT,btc_ret_1,0,0.0
1b_live,cross,120,AVAXUSDT,eth_ret_1,0,0.0
1b_live,cross,120,AVAXUSDT,mkt_ret_1,0,0.0
1b_live,cross,120,AVAXUSDT,breadth_1,0,0.0
1b_live,cross,120,AVAXUSDT,disp_1,0,0.0
1b_live,cross,120,AVAXUSDT,relstr_1,0,0.0
1b_live,cross,120,AVAXUSDT,rank_1,0,0.0
1b_live,cross,120,AVAXUSDT,btc_minus_own_1,0,0.0
1b_live,cross,120,AVAXUSDT,eth_minus_own_1,0,0.0
1b_live,cross,120,AVAXUSDT,own_ret_5,0,0.0
1b_live,cross,120,AVAXUSDT,btc_ret_5,0,0.0
1b_live,cross,120,AVAXUSDT,eth_ret_5,0,0.0
1b_live,cross,120,AVAXUSDT,mkt_ret_5,0,0.0
1b_live,cross,120,AVAXUSDT,breadth_5,0,0.0
1b_live,cross,120,AVAXUSDT,disp_5,0,0.0
1b_live,cross,120,AVAXUSDT,relstr_5,0,0.0
1b_live,cross,120,AVAXUSDT,rank_5,0,0.0
1b_live,cross,120,AVAXUSDT,btc_minus_own_5,0,0.0
1b_live,cross,120,AVAXUSDT,eth_minus_own_5,0,0.0
1b_live,cross,120,AVAXUSDT,own_ret_15,0,0.0
1b_live,cross,120,AVAXUSDT,btc_ret_15,0,0.0
1b_live,cross,120,AVAXUSDT,eth_ret_15,0,0.0
1b_live,cross,120,AVAXUSDT,mkt_ret_15,0,0.0
1b_live,cross,120,AVAXUSDT,breadth_15,0,0.0
1b_live,cross,120,AVAXUSDT,disp_15,0,0.0
1b_live,cross,120,AVAXUSDT,relstr_15,0,0.0
1b_live,cross,120,AVAXUSDT,rank_15,0,0.0
1b_live,cross,120,AVAXUSDT,btc_minus_own_15,0,0.0
1b_live,cross,120,AVAXUSDT,eth_minus_own_15,0,0.0
1b_live,cross,120,AVAXUSDT,own_ret_30,0,0.0
1b_live,cross,120,AVAXUSDT,btc_ret_30,0,0.0
1b_live,cross,120,AVAXUSDT,eth_ret_30,0,0.0
1b_live,cross,120,AVAXUSDT,mkt_ret_30,0,0.0
1b_live,cross,120,AVAXUSDT,breadth_30,0,0.0
1b_live,cross,120,AVAXUSDT,disp_30,0,0.0
1b_live,cross,120,AVAXUSDT,relstr_30,0,0.0
1b_live,cross,120,AVAXUSDT,rank_30,0,0.0
1b_live,cross,120,AVAXUSDT,btc_minus_own_30,0,0.0
1b_live,cross,120,AVAXUSDT,eth_minus_own_30,0,0.0
1b_live,cross,120,AVAXUSDT,own_ret_60,0,0.0
1b_live,cross,120,AVAXUSDT,btc_ret_60,0,0.0
1b_live,cross,120,AVAXUSDT,eth_ret_60,0,0.0
1b_live,cross,120,AVAXUSDT,mkt_ret_60,0,0.0
1b_live,cross,120,AVAXUSDT,breadth_60,0,0.0
1b_live,cross,120,AVAXUSDT,disp_60,0,0.0
1b_live,cross,120,AVAXUSDT,relstr_60,0,0.0
1b_live,cross,120,AVAXUSDT,rank_60,0,0.0
1b_live,cross,120,AVAXUSDT,btc_minus_own_60,0,0.0
1b_live,cross,120,AVAXUSDT,eth_minus_own_60,0,0.0
1b_live,cross,120,AVAXUSDT,own_ret_180,0,0.0
1b_live,cross,120,AVAXUSDT,btc_ret_180,0,0.0
1b_live,cross,120,AVAXUSDT,eth_ret_180,0,0.0
1b_live,cross,120,AVAXUSDT,mkt_ret_180,0,0.0
1b_live,cross,120,AVAXUSDT,breadth_180,0,0.0
1b_live,cross,120,AVAXUSDT,disp_180,0,0.0
1b_live,cross,120,AVAXUSDT,relstr_180,0,0.0
1b_live,cross,120,AVAXUSDT,rank_180,0,0.0
1b_live,cross,120,AVAXUSDT,btc_minus_own_180,0,0.0
1b_live,cross,120,AVAXUSDT,eth_minus_own_180,0,0.0
1b_live,cross,120,AVAXUSDT,own_ret_360,0,0.0
1b_live,cross,120,AVAXUSDT,btc_ret_360,0,0.0
1b_live,cross,120,AVAXUSDT,eth_ret_360,0,0.0
1b_live,cross,120,AVAXUSDT,mkt_ret_360,0,0.0
1b_live,cross,120,AVAXUSDT,breadth_360,0,0.0
1b_live,cross,120,AVAXUSDT,disp_360,0,0.0
1b_live,cross,120,AVAXUSDT,relstr_360,0,0.0
1b_live,cross,120,AVAXUSDT,rank_360,0,0.0
1b_live,cross,120,AVAXUSDT,btc_minus_own_360,0,0.0
1b_live,cross,120,AVAXUSDT,eth_minus_own_360,0,0.0
1b_live,cross,120,AVAXUSDT,own_ret_720,0,0.0
1b_live,cross,120,AVAXUSDT,btc_ret_720,0,0.0
1b_live,cross,120,AVAXUSDT,eth_ret_720,0,0.0
1b_live,cross,120,AVAXUSDT,mkt_ret_720,0,0.0
1b_live,cross,120,AVAXUSDT,breadth_720,0,0.0
1b_live,cross,120,AVAXUSDT,disp_720,0,0.0
1b_live,cross,120,AVAXUSDT,relstr_720,0,0.0
1b_live,cross,120,AVAXUSDT,rank_720,0,0.0
1b_live,cross,120,AVAXUSDT,btc_minus_own_720,0,0.0
1b_live,cross,120,AVAXUSDT,eth_minus_own_720,0,0.0
1b_live,cross,120,AVAXUSDT,own_ret_1440,0,0.0
1b_live,cross,120,AVAXUSDT,btc_ret_1440,0,0.0
1b_live,cross,120,AVAXUSDT,eth_ret_1440,0,0.0
1b_live,cross,120,AVAXUSDT,mkt_ret_1440,0,0.0
1b_live,cross,120,AVAXUSDT,breadth_1440,0,0.0
1b_live,cross,120,AVAXUSDT,disp_1440,0,0.0
1b_live,cross,120,AVAXUSDT,relstr_1440,0,0.0
1b_live,cross,120,AVAXUSDT,rank_1440,0,0.0
1b_live,cross,120,AVAXUSDT,btc_minus_own_1440,0,0.0
1b_live,cross,120,AVAXUSDT,eth_minus_own_1440,0,0.0
1b_live,micro,120,BNBUSDT,rskew_30,0,9.145680657240973e-09
1b_live,micro,120,BNBUSDT,rskew_30_xrank,0,0.0
1b_live,micro,120,BNBUSDT,rkurt_30,0,3.029580739166704e-06
1b_live,micro,120,BNBUSDT,rkurt_30_xrank,0,0.0
1b_live,micro,120,BNBUSDT,roll_30,0,0.0
1b_live,micro,120,BNBUSDT,roll_30_xrank,0,0.0
1b_live,micro,120,BNBUSDT,amihud_30,0,0.0
1b_live,micro,120,BNBUSDT,amihud_30_xrank,0,0.0
1b_live,micro,120,BNBUSDT,kyle_30,0,1.0967905694769797e-07
1b_live,micro,120,BNBUSDT,kyle_30_xrank,0,0.0
1b_live,micro,120,BNBUSDT,vpin_30,0,0.0
1b_live,micro,120,BNBUSDT,vpin_30_xrank,0,0.0
1b_live,micro,120,BNBUSDT,jump_30,0,1.4931111902427574e-09
1b_live,micro,120,BNBUSDT,jump_30_xrank,0,0.0
1b_live,micro,120,BNBUSDT,vratio_30,0,0.0
1b_live,micro,120,BNBUSDT,vratio_30_xrank,0,0.0
1b_live,micro,120,BNBUSDT,cvd_slope_30,0,0.0
1b_live,micro,120,BNBUSDT,cvd_slope_30_xrank,0,0.0
1b_live,micro,120,BNBUSDT,signac_30,0,0.0
1b_live,micro,120,BNBUSDT,signac_30_xrank,0,0.0
1b_live,micro,120,BNBUSDT,sflow_30,0,0.0
1b_live,micro,120,BNBUSDT,sflow_30_xrank,0,0.0
1b_live,micro,120,BNBUSDT,rskew_120,0,1.6558077131634263e-09
1b_live,micro,120,BNBUSDT,rskew_120_xrank,0,0.0
1b_live,micro,120,BNBUSDT,rkurt_120,0,8.28935213803561e-08
1b_live,micro,120,BNBUSDT,rkurt_120_xrank,0,0.0
1b_live,micro,120,BNBUSDT,roll_120,0,0.0
1b_live,micro,120,BNBUSDT,roll_120_xrank,0,0.0
1b_live,micro,120,BNBUSDT,amihud_120,0,0.0
1b_live,micro,120,BNBUSDT,amihud_120_xrank,0,0.0
1b_live,micro,120,BNBUSDT,kyle_120,0,0.0
1b_live,micro,120,BNBUSDT,kyle_120_xrank,0,0.0
1b_live,micro,120,BNBUSDT,vpin_120,0,0.0
1b_live,micro,120,BNBUSDT,vpin_120_xrank,0,0.0
1b_live,micro,120,BNBUSDT,jump_120,0,7.628832676687125e-09
1b_live,micro,120,BNBUSDT,jump_120_xrank,0,0.0
1b_live,micro,120,BNBUSDT,vratio_120,0,0.0
1b_live,micro,120,BNBUSDT,vratio_120_xrank,0,0.0
1b_live,micro,120,BNBUSDT,cvd_slope_120,0,0.0
1b_live,micro,120,BNBUSDT,cvd_slope_120_xrank,0,0.0
1b_live,micro,120,BNBUSDT,signac_120,0,0.0
1b_live,micro,120,BNBUSDT,signac_120_xrank,0,0.0
1b_live,micro,120,BNBUSDT,sflow_120,0,0.0
1b_live,micro,120,BNBUSDT,sflow_120_xrank,0,0.0
1b_live,micro,120,BNBUSDT,rskew_480,0,0.0
1b_live,micro,120,BNBUSDT,rskew_480_xrank,0,0.0
1b_live,micro,120,BNBUSDT,rkurt_480,0,3.69226675900336e-08
1b_live,micro,120,BNBUSDT,rkurt_480_xrank,0,0.0
1b_live,micro,120,BNBUSDT,roll_480,0,0.0
1b_live,micro,120,BNBUSDT,roll_480_xrank,0,0.0
1b_live,micro,120,BNBUSDT,amihud_480,0,0.0
1b_live,micro,120,BNBUSDT,amihud_480_xrank,0,0.0
1b_live,micro,120,BNBUSDT,kyle_480,0,0.0
1b_live,micro,120,BNBUSDT,kyle_480_xrank,0,0.0
1b_live,micro,120,BNBUSDT,vpin_480,0,0.0
1b_live,micro,120,BNBUSDT,vpin_480_xrank,0,0.0
1b_live,micro,120,BNBUSDT,jump_480,0,1.8577028804145357e-09
1b_live,micro,120,BNBUSDT,jump_480_xrank,0,0.0
1b_live,micro,120,BNBUSDT,vratio_480,0,0.0
1b_live,micro,120,BNBUSDT,vratio_480_xrank,0,0.0
1b_live,micro,120,BNBUSDT,cvd_slope_480,0,0.0
1b_live,micro,120,BNBUSDT,cvd_slope_480_xrank,0,0.0
1b_live,micro,120,BNBUSDT,signac_480,0,0.0
1b_live,micro,120,BNBUSDT,signac_480_xrank,0,0.0
1b_live,micro,120,BNBUSDT,sflow_480,0,0.0
1b_live,micro,120,BNBUSDT,sflow_480_xrank,0,0.0
1b_live,cross,120,BNBUSDT,own_ret_1,0,0.0
1b_live,cross,120,BNBUSDT,btc_ret_1,0,0.0
1b_live,cross,120,BNBUSDT,eth_ret_1,0,0.0
1b_live,cross,120,BNBUSDT,mkt_ret_1,0,0.0
1b_live,cross,120,BNBUSDT,breadth_1,0,0.0
1b_live,cross,120,BNBUSDT,disp_1,0,0.0
1b_live,cross,120,BNBUSDT,relstr_1,0,0.0
1b_live,cross,120,BNBUSDT,rank_1,0,0.0
1b_live,cross,120,BNBUSDT,btc_minus_own_1,0,0.0
1b_live,cross,120,BNBUSDT,eth_minus_own_1,0,0.0
1b_live,cross,120,BNBUSDT,own_ret_5,0,0.0
1b_live,cross,120,BNBUSDT,btc_ret_5,0,0.0
1b_live,cross,120,BNBUSDT,eth_ret_5,0,0.0
1b_live,cross,120,BNBUSDT,mkt_ret_5,0,0.0
1b_live,cross,120,BNBUSDT,breadth_5,0,0.0
1b_live,cross,120,BNBUSDT,disp_5,0,0.0
1b_live,cross,120,BNBUSDT,relstr_5,0,0.0
1b_live,cross,120,BNBUSDT,rank_5,0,0.0
1b_live,cross,120,BNBUSDT,btc_minus_own_5,0,0.0
1b_live,cross,120,BNBUSDT,eth_minus_own_5,0,0.0
1b_live,cross,120,BNBUSDT,own_ret_15,0,0.0
1b_live,cross,120,BNBUSDT,btc_ret_15,0,0.0
1b_live,cross,120,BNBUSDT,eth_ret_15,0,0.0
1b_live,cross,120,BNBUSDT,mkt_ret_15,0,0.0
1b_live,cross,120,BNBUSDT,breadth_15,0,0.0
1b_live,cross,120,BNBUSDT,disp_15,0,0.0
1b_live,cross,120,BNBUSDT,relstr_15,0,0.0
1b_live,cross,120,BNBUSDT,rank_15,0,0.0
1b_live,cross,120,BNBUSDT,btc_minus_own_15,0,0.0
1b_live,cross,120,BNBUSDT,eth_minus_own_15,0,0.0
1b_live,cross,120,BNBUSDT,own_ret_30,0,0.0
1b_live,cross,120,BNBUSDT,btc_ret_30,0,0.0
1b_live,cross,120,BNBUSDT,eth_ret_30,0,0.0
1b_live,cross,120,BNBUSDT,mkt_ret_30,0,0.0
1b_live,cross,120,BNBUSDT,breadth_30,0,0.0
1b_live,cross,120,BNBUSDT,disp_30,0,0.0
1b_live,cross,120,BNBUSDT,relstr_30,0,0.0
1b_live,cross,120,BNBUSDT,rank_30,0,0.0
1b_live,cross,120,BNBUSDT,btc_minus_own_30,0,0.0
1b_live,cross,120,BNBUSDT,eth_minus_own_30,0,0.0
1b_live,cross,120,BNBUSDT,own_ret_60,0,0.0
1b_live,cross,120,BNBUSDT,btc_ret_60,0,0.0
1b_live,cross,120,BNBUSDT,eth_ret_60,0,0.0
1b_live,cross,120,BNBUSDT,mkt_ret_60,0,0.0
1b_live,cross,120,BNBUSDT,breadth_60,0,0.0
1b_live,cross,120,BNBUSDT,disp_60,0,0.0
1b_live,cross,120,BNBUSDT,relstr_60,0,0.0
1b_live,cross,120,BNBUSDT,rank_60,0,0.0
1b_live,cross,120,BNBUSDT,btc_minus_own_60,0,0.0
1b_live,cross,120,BNBUSDT,eth_minus_own_60,0,0.0
1b_live,cross,120,BNBUSDT,own_ret_180,0,0.0
1b_live,cross,120,BNBUSDT,btc_ret_180,0,0.0
1b_live,cross,120,BNBUSDT,eth_ret_180,0,0.0
1b_live,cross,120,BNBUSDT,mkt_ret_180,0,0.0
1b_live,cross,120,BNBUSDT,breadth_180,0,0.0
1b_live,cross,120,BNBUSDT,disp_180,0,0.0
1b_live,cross,120,BNBUSDT,relstr_180,0,0.0
1b_live,cross,120,BNBUSDT,rank_180,0,0.0
1b_live,cross,120,BNBUSDT,btc_minus_own_180,0,0.0
1b_live,cross,120,BNBUSDT,eth_minus_own_180,0,0.0
1b_live,cross,120,BNBUSDT,own_ret_360,0,0.0
1b_live,cross,120,BNBUSDT,btc_ret_360,0,0.0
1b_live,cross,120,BNBUSDT,eth_ret_360,0,0.0
1b_live,cross,120,BNBUSDT,mkt_ret_360,0,0.0
1b_live,cross,120,BNBUSDT,breadth_360,0,0.0
1b_live,cross,120,BNBUSDT,disp_360,0,0.0
1b_live,cross,120,BNBUSDT,relstr_360,0,0.0
1b_live,cross,120,BNBUSDT,rank_360,0,0.0
1b_live,cross,120,BNBUSDT,btc_minus_own_360,0,0.0
1b_live,cross,120,BNBUSDT,eth_minus_own_360,0,0.0
1b_live,cross,120,BNBUSDT,own_ret_720,0,0.0
1b_live,cross,120,BNBUSDT,btc_ret_720,0,0.0
1b_live,cross,120,BNBUSDT,eth_ret_720,0,0.0
1b_live,cross,120,BNBUSDT,mkt_ret_720,0,0.0
1b_live,cross,120,BNBUSDT,breadth_720,0,0.0
1b_live,cross,120,BNBUSDT,disp_720,0,0.0
1b_live,cross,120,BNBUSDT,relstr_720,0,0.0
1b_live,cross,120,BNBUSDT,rank_720,0,0.0
1b_live,cross,120,BNBUSDT,btc_minus_own_720,0,0.0
1b_live,cross,120,BNBUSDT,eth_minus_own_720,0,0.0
1b_live,cross,120,BNBUSDT,own_ret_1440,0,0.0
1b_live,cross,120,BNBUSDT,btc_ret_1440,0,0.0
1b_live,cross,120,BNBUSDT,eth_ret_1440,0,0.0
1b_live,cross,120,BNBUSDT,mkt_ret_1440,0,0.0
1b_live,cross,120,BNBUSDT,breadth_1440,0,0.0
1b_live,cross,120,BNBUSDT,disp_1440,0,0.0
1b_live,cross,120,BNBUSDT,relstr_1440,0,0.0
1b_live,cross,120,BNBUSDT,rank_1440,0,0.0
1b_live,cross,120,BNBUSDT,btc_minus_own_1440,0,0.0
1b_live,cross,120,BNBUSDT,eth_minus_own_1440,0,0.0
1b_live,micro,120,BTCUSDT,rskew_30,0,6.09874789558873e-11
1b_live,micro,120,BTCUSDT,rskew_30_xrank,0,0.0
1b_live,micro,120,BTCUSDT,rkurt_30,0,7.755464253023092e-07
1b_live,micro,120,BTCUSDT,rkurt_30_xrank,0,0.0
1b_live,micro,120,BTCUSDT,roll_30,0,0.0
1b_live,micro,120,BTCUSDT,roll_30_xrank,0,0.0
1b_live,micro,120,BTCUSDT,amihud_30,0,0.0
1b_live,micro,120,BTCUSDT,amihud_30_xrank,0,0.0
1b_live,micro,120,BTCUSDT,kyle_30,0,0.0
1b_live,micro,120,BTCUSDT,kyle_30_xrank,0,0.0
1b_live,micro,120,BTCUSDT,vpin_30,0,0.0
1b_live,micro,120,BTCUSDT,vpin_30_xrank,0,0.0
1b_live,micro,120,BTCUSDT,jump_30,0,8.471840118318141e-09
1b_live,micro,120,BTCUSDT,jump_30_xrank,0,0.0
1b_live,micro,120,BTCUSDT,vratio_30,0,0.0
1b_live,micro,120,BTCUSDT,vratio_30_xrank,0,0.0
1b_live,micro,120,BTCUSDT,cvd_slope_30,0,0.0
1b_live,micro,120,BTCUSDT,cvd_slope_30_xrank,0,0.0
1b_live,micro,120,BTCUSDT,signac_30,0,0.0
1b_live,micro,120,BTCUSDT,signac_30_xrank,0,0.0
1b_live,micro,120,BTCUSDT,sflow_30,0,0.0
1b_live,micro,120,BTCUSDT,sflow_30_xrank,0,0.0
1b_live,micro,120,BTCUSDT,rskew_120,0,0.0
1b_live,micro,120,BTCUSDT,rskew_120_xrank,0,0.0
1b_live,micro,120,BTCUSDT,rkurt_120,0,4.34491642664625e-09
1b_live,micro,120,BTCUSDT,rkurt_120_xrank,0,0.0
1b_live,micro,120,BTCUSDT,roll_120,0,0.0
1b_live,micro,120,BTCUSDT,roll_120_xrank,0,0.0
1b_live,micro,120,BTCUSDT,amihud_120,0,5.386616308555858e-08
1b_live,micro,120,BTCUSDT,amihud_120_xrank,0,0.0
1b_live,micro,120,BTCUSDT,kyle_120,0,0.0
1b_live,micro,120,BTCUSDT,kyle_120_xrank,0,0.0
1b_live,micro,120,BTCUSDT,vpin_120,0,0.0
1b_live,micro,120,BTCUSDT,vpin_120_xrank,0,0.0
1b_live,micro,120,BTCUSDT,jump_120,0,7.26527449312897e-10
1b_live,micro,120,BTCUSDT,jump_120_xrank,0,0.0
1b_live,micro,120,BTCUSDT,vratio_120,0,0.0
1b_live,micro,120,BTCUSDT,vratio_120_xrank,0,0.0
1b_live,micro,120,BTCUSDT,cvd_slope_120,0,0.0
1b_live,micro,120,BTCUSDT,cvd_slope_120_xrank,0,0.0
1b_live,micro,120,BTCUSDT,signac_120,0,0.0
1b_live,micro,120,BTCUSDT,signac_120_xrank,0,0.0
1b_live,micro,120,BTCUSDT,sflow_120,0,0.0
1b_live,micro,120,BTCUSDT,sflow_120_xrank,0,0.0
1b_live,micro,120,BTCUSDT,rskew_480,0,0.0
1b_live,micro,120,BTCUSDT,rskew_480_xrank,0,0.0
1b_live,micro,120,BTCUSDT,rkurt_480,0,0.0
1b_live,micro,120,BTCUSDT,rkurt_480_xrank,0,0.0
1b_live,micro,120,BTCUSDT,roll_480,0,0.0
1b_live,micro,120,BTCUSDT,roll_480_xrank,0,0.0
1b_live,micro,120,BTCUSDT,amihud_480,0,0.0
1b_live,micro,120,BTCUSDT,amihud_480_xrank,0,0.0
1b_live,micro,120,BTCUSDT,kyle_480,0,0.0
1b_live,micro,120,BTCUSDT,kyle_480_xrank,0,0.0
1b_live,micro,120,BTCUSDT,vpin_480,0,0.0
1b_live,micro,120,BTCUSDT,vpin_480_xrank,0,0.0
1b_live,micro,120,BTCUSDT,jump_480,0,0.0
1b_live,micro,120,BTCUSDT,jump_480_xrank,0,0.0
1b_live,micro,120,BTCUSDT,vratio_480,0,0.0
1b_live,micro,120,BTCUSDT,vratio_480_xrank,0,0.0
1b_live,micro,120,BTCUSDT,cvd_slope_480,0,0.0
1b_live,micro,120,BTCUSDT,cvd_slope_480_xrank,0,0.0
1b_live,micro,120,BTCUSDT,signac_480,0,0.0
1b_live,micro,120,BTCUSDT,signac_480_xrank,0,0.0
1b_live,micro,120,BTCUSDT,sflow_480,0,0.0
1b_live,micro,120,BTCUSDT,sflow_480_xrank,0,0.0
1b_live,cross,120,BTCUSDT,own_ret_1,0,0.0
1b_live,cross,120,BTCUSDT,btc_ret_1,0,0.0
1b_live,cross,120,BTCUSDT,eth_ret_1,0,0.0
1b_live,cross,120,BTCUSDT,mkt_ret_1,0,0.0
1b_live,cross,120,BTCUSDT,breadth_1,0,0.0
1b_live,cross,120,BTCUSDT,disp_1,0,0.0
1b_live,cross,120,BTCUSDT,relstr_1,0,0.0
1b_live,cross,120,BTCUSDT,rank_1,0,0.0
1b_live,cross,120,BTCUSDT,btc_minus_own_1,0,0.0
1b_live,cross,120,BTCUSDT,eth_minus_own_1,0,0.0
1b_live,cross,120,BTCUSDT,own_ret_5,0,0.0
1b_live,cross,120,BTCUSDT,btc_ret_5,0,0.0
1b_live,cross,120,BTCUSDT,eth_ret_5,0,0.0
1b_live,cross,120,BTCUSDT,mkt_ret_5,0,0.0
1b_live,cross,120,BTCUSDT,breadth_5,0,0.0
1b_live,cross,120,BTCUSDT,disp_5,0,0.0
1b_live,cross,120,BTCUSDT,relstr_5,0,0.0
1b_live,cross,120,BTCUSDT,rank_5,0,0.0
1b_live,cross,120,BTCUSDT,btc_minus_own_5,0,0.0
1b_live,cross,120,BTCUSDT,eth_minus_own_5,0,0.0
1b_live,cross,120,BTCUSDT,own_ret_15,0,0.0
1b_live,cross,120,BTCUSDT,btc_ret_15,0,0.0
1b_live,cross,120,BTCUSDT,eth_ret_15,0,0.0
1b_live,cross,120,BTCUSDT,mkt_ret_15,0,0.0
1b_live,cross,120,BTCUSDT,breadth_15,0,0.0
1b_live,cross,120,BTCUSDT,disp_15,0,0.0
1b_live,cross,120,BTCUSDT,relstr_15,0,0.0
1b_live,cross,120,BTCUSDT,rank_15,0,0.0
1b_live,cross,120,BTCUSDT,btc_minus_own_15,0,0.0
1b_live,cross,120,BTCUSDT,eth_minus_own_15,0,0.0
1b_live,cross,120,BTCUSDT,own_ret_30,0,0.0
1b_live,cross,120,BTCUSDT,btc_ret_30,0,0.0
1b_live,cross,120,BTCUSDT,eth_ret_30,0,0.0
1b_live,cross,120,BTCUSDT,mkt_ret_30,0,0.0
1b_live,cross,120,BTCUSDT,breadth_30,0,0.0
1b_live,cross,120,BTCUSDT,disp_30,0,0.0
1b_live,cross,120,BTCUSDT,relstr_30,0,0.0
1b_live,cross,120,BTCUSDT,rank_30,0,0.0
1b_live,cross,120,BTCUSDT,btc_minus_own_30,0,0.0
1b_live,cross,120,BTCUSDT,eth_minus_own_30,0,0.0
1b_live,cross,120,BTCUSDT,own_ret_60,0,0.0
1b_live,cross,120,BTCUSDT,btc_ret_60,0,0.0
1b_live,cross,120,BTCUSDT,eth_ret_60,0,0.0
1b_live,cross,120,BTCUSDT,mkt_ret_60,0,0.0
1b_live,cross,120,BTCUSDT,breadth_60,0,0.0
1b_live,cross,120,BTCUSDT,disp_60,0,0.0
1b_live,cross,120,BTCUSDT,relstr_60,0,0.0
1b_live,cross,120,BTCUSDT,rank_60,0,0.0
1b_live,cross,120,BTCUSDT,btc_minus_own_60,0,0.0
1b_live,cross,120,BTCUSDT,eth_minus_own_60,0,0.0
1b_live,cross,120,BTCUSDT,own_ret_180,0,0.0
1b_live,cross,120,BTCUSDT,btc_ret_180,0,0.0
1b_live,cross,120,BTCUSDT,eth_ret_180,0,0.0
1b_live,cross,120,BTCUSDT,mkt_ret_180,0,0.0
1b_live,cross,120,BTCUSDT,breadth_180,0,0.0
1b_live,cross,120,BTCUSDT,disp_180,0,0.0
1b_live,cross,120,BTCUSDT,relstr_180,0,0.0
1b_live,cross,120,BTCUSDT,rank_180,0,0.0
1b_live,cross,120,BTCUSDT,btc_minus_own_180,0,0.0
1b_live,cross,120,BTCUSDT,eth_minus_own_180,0,0.0
1b_live,cross,120,BTCUSDT,own_ret_360,0,0.0
1b_live,cross,120,BTCUSDT,btc_ret_360,0,0.0
1b_live,cross,120,BTCUSDT,eth_ret_360,0,0.0
1b_live,cross,120,BTCUSDT,mkt_ret_360,0,0.0
1b_live,cross,120,BTCUSDT,breadth_360,0,0.0
1b_live,cross,120,BTCUSDT,disp_360,0,0.0
1b_live,cross,120,BTCUSDT,relstr_360,0,0.0
1b_live,cross,120,BTCUSDT,rank_360,0,0.0
1b_live,cross,120,BTCUSDT,btc_minus_own_360,0,0.0
1b_live,cross,120,BTCUSDT,eth_minus_own_360,0,0.0
1b_live,cross,120,BTCUSDT,own_ret_720,0,0.0
1b_live,cross,120,BTCUSDT,btc_ret_720,0,0.0
1b_live,cross,120,BTCUSDT,eth_ret_720,0,0.0
1b_live,cross,120,BTCUSDT,mkt_ret_720,0,0.0
1b_live,cross,120,BTCUSDT,breadth_720,0,0.0
1b_live,cross,120,BTCUSDT,disp_720,0,0.0
1b_live,cross,120,BTCUSDT,relstr_720,0,0.0
1b_live,cross,120,BTCUSDT,rank_720,0,0.0
1b_live,cross,120,BTCUSDT,btc_minus_own_720,0,0.0
1b_live,cross,120,BTCUSDT,eth_minus_own_720,0,0.0
1b_live,cross,120,BTCUSDT,own_ret_1440,0,0.0
1b_live,cross,120,BTCUSDT,btc_ret_1440,0,0.0
1b_live,cross,120,BTCUSDT,eth_ret_1440,0,0.0
1b_live,cross,120,BTCUSDT,mkt_ret_1440,0,0.0
1b_live,cross,120,BTCUSDT,breadth_1440,0,0.0
1b_live,cross,120,BTCUSDT,disp_1440,0,0.0
1b_live,cross,120,BTCUSDT,relstr_1440,0,0.0
1b_live,cross,120,BTCUSDT,rank_1440,0,0.0
1b_live,cross,120,BTCUSDT,btc_minus_own_1440,0,0.0
1b_live,cross,120,BTCUSDT,eth_minus_own_1440,0,0.0
1b_live,micro,120,DOGEUSDT,rskew_30,0,8.122739814098168e-09
1b_live,micro,120,DOGEUSDT,rskew_30_xrank,0,0.0
1b_live,micro,120,DOGEUSDT,rkurt_30,0,1.6043906043705647e-06
1b_live,micro,120,DOGEUSDT,rkurt_30_xrank,0,0.0
1b_live,micro,120,DOGEUSDT,roll_30,0,0.0
1b_live,micro,120,DOGEUSDT,roll_30_xrank,0,0.0
1b_live,micro,120,DOGEUSDT,amihud_30,0,0.0
1b_live,micro,120,DOGEUSDT,amihud_30_xrank,0,0.0
1b_live,micro,120,DOGEUSDT,kyle_30,0,1.9613523249972786e-08
1b_live,micro,120,DOGEUSDT,kyle_30_xrank,0,0.0
1b_live,micro,120,DOGEUSDT,vpin_30,0,5.069060549089954e-08
1b_live,micro,120,DOGEUSDT,vpin_30_xrank,0,0.0
1b_live,micro,120,DOGEUSDT,jump_30,0,7.73671704479284e-09
1b_live,micro,120,DOGEUSDT,jump_30_xrank,0,0.0
1b_live,micro,120,DOGEUSDT,vratio_30,0,6.692965826005093e-08
1b_live,micro,120,DOGEUSDT,vratio_30_xrank,0,0.0
1b_live,micro,120,DOGEUSDT,cvd_slope_30,0,0.0
1b_live,micro,120,DOGEUSDT,cvd_slope_30_xrank,0,0.0
1b_live,micro,120,DOGEUSDT,signac_30,0,0.0
1b_live,micro,120,DOGEUSDT,signac_30_xrank,0,0.0
1b_live,micro,120,DOGEUSDT,sflow_30,0,0.0
1b_live,micro,120,DOGEUSDT,sflow_30_xrank,0,0.0
1b_live,micro,120,DOGEUSDT,rskew_120,0,5.6442357454500325e-09
1b_live,micro,120,DOGEUSDT,rskew_120_xrank,0,0.0
1b_live,micro,120,DOGEUSDT,rkurt_120,0,8.440552790034417e-08
1b_live,micro,120,DOGEUSDT,rkurt_120_xrank,0,0.0
1b_live,micro,120,DOGEUSDT,roll_120,0,0.0
1b_live,micro,120,DOGEUSDT,roll_120_xrank,0,0.0
1b_live,micro,120,DOGEUSDT,amihud_120,0,0.0
1b_live,micro,120,DOGEUSDT,amihud_120_xrank,0,0.0
1b_live,micro,120,DOGEUSDT,kyle_120,0,0.0
1b_live,micro,120,DOGEUSDT,kyle_120_xrank,0,0.0
1b_live,micro,120,DOGEUSDT,vpin_120,0,0.0
1b_live,micro,120,DOGEUSDT,vpin_120_xrank,0,0.0
1b_live,micro,120,DOGEUSDT,jump_120,0,1.4853458463193192e-09
1b_live,micro,120,DOGEUSDT,jump_120_xrank,0,0.0
1b_live,micro,120,DOGEUSDT,vratio_120,0,0.0
1b_live,micro,120,DOGEUSDT,vratio_120_xrank,0,0.0
1b_live,micro,120,DOGEUSDT,cvd_slope_120,0,0.0
1b_live,micro,120,DOGEUSDT,cvd_slope_120_xrank,0,0.0
1b_live,micro,120,DOGEUSDT,signac_120,0,0.0
1b_live,micro,120,DOGEUSDT,signac_120_xrank,0,0.0
1b_live,micro,120,DOGEUSDT,sflow_120,0,0.0
1b_live,micro,120,DOGEUSDT,sflow_120_xrank,0,0.0
1b_live,micro,120,DOGEUSDT,rskew_480,0,0.0
1b_live,micro,120,DOGEUSDT,rskew_480_xrank,0,0.0
1b_live,micro,120,DOGEUSDT,rkurt_480,0,5.670656477718694e-08
1b_live,micro,120,DOGEUSDT,rkurt_480_xrank,0,0.0
1b_live,micro,120,DOGEUSDT,roll_480,0,0.0
1b_live,micro,120,DOGEUSDT,roll_480_xrank,0,0.0
1b_live,micro,120,DOGEUSDT,amihud_480,0,0.0
1b_live,micro,120,DOGEUSDT,amihud_480_xrank,0,0.0
1b_live,micro,120,DOGEUSDT,kyle_480,0,0.0
1b_live,micro,120,DOGEUSDT,kyle_480_xrank,0,0.0
1b_live,micro,120,DOGEUSDT,vpin_480,0,0.0
1b_live,micro,120,DOGEUSDT,vpin_480_xrank,0,0.0
1b_live,micro,120,DOGEUSDT,jump_480,0,2.0712819903678792e-08
1b_live,micro,120,DOGEUSDT,jump_480_xrank,0,0.0
1b_live,micro,120,DOGEUSDT,vratio_480,0,0.0
1b_live,micro,120,DOGEUSDT,vratio_480_xrank,0,0.0
1b_live,micro,120,DOGEUSDT,cvd_slope_480,0,0.0
1b_live,micro,120,DOGEUSDT,cvd_slope_480_xrank,0,0.0
1b_live,micro,120,DOGEUSDT,signac_480,0,0.0
1b_live,micro,120,DOGEUSDT,signac_480_xrank,0,0.0
1b_live,micro,120,DOGEUSDT,sflow_480,0,0.0
1b_live,micro,120,DOGEUSDT,sflow_480_xrank,0,0.0
1b_live,cross,120,DOGEUSDT,own_ret_1,0,0.0
1b_live,cross,120,DOGEUSDT,btc_ret_1,0,0.0
1b_live,cross,120,DOGEUSDT,eth_ret_1,0,0.0
1b_live,cross,120,DOGEUSDT,mkt_ret_1,0,0.0
1b_live,cross,120,DOGEUSDT,breadth_1,0,0.0
1b_live,cross,120,DOGEUSDT,disp_1,0,0.0
1b_live,cross,120,DOGEUSDT,relstr_1,0,0.0
1b_live,cross,120,DOGEUSDT,rank_1,0,0.0
1b_live,cross,120,DOGEUSDT,btc_minus_own_1,0,0.0
1b_live,cross,120,DOGEUSDT,eth_minus_own_1,0,0.0
1b_live,cross,120,DOGEUSDT,own_ret_5,0,0.0
1b_live,cross,120,DOGEUSDT,btc_ret_5,0,0.0
1b_live,cross,120,DOGEUSDT,eth_ret_5,0,0.0
1b_live,cross,120,DOGEUSDT,mkt_ret_5,0,0.0
1b_live,cross,120,DOGEUSDT,breadth_5,0,0.0
1b_live,cross,120,DOGEUSDT,disp_5,0,0.0
1b_live,cross,120,DOGEUSDT,relstr_5,0,0.0
1b_live,cross,120,DOGEUSDT,rank_5,0,0.0
1b_live,cross,120,DOGEUSDT,btc_minus_own_5,0,0.0
1b_live,cross,120,DOGEUSDT,eth_minus_own_5,0,0.0
1b_live,cross,120,DOGEUSDT,own_ret_15,0,0.0
1b_live,cross,120,DOGEUSDT,btc_ret_15,0,0.0
1b_live,cross,120,DOGEUSDT,eth_ret_15,0,0.0
1b_live,cross,120,DOGEUSDT,mkt_ret_15,0,0.0
1b_live,cross,120,DOGEUSDT,breadth_15,0,0.0
1b_live,cross,120,DOGEUSDT,disp_15,0,0.0
1b_live,cross,120,DOGEUSDT,relstr_15,0,0.0
1b_live,cross,120,DOGEUSDT,rank_15,0,0.0
1b_live,cross,120,DOGEUSDT,btc_minus_own_15,0,0.0
1b_live,cross,120,DOGEUSDT,eth_minus_own_15,0,0.0
1b_live,cross,120,DOGEUSDT,own_ret_30,0,0.0
1b_live,cross,120,DOGEUSDT,btc_ret_30,0,0.0
1b_live,cross,120,DOGEUSDT,eth_ret_30,0,0.0
1b_live,cross,120,DOGEUSDT,mkt_ret_30,0,0.0
1b_live,cross,120,DOGEUSDT,breadth_30,0,0.0
1b_live,cross,120,DOGEUSDT,disp_30,0,0.0
1b_live,cross,120,DOGEUSDT,relstr_30,0,0.0
1b_live,cross,120,DOGEUSDT,rank_30,0,0.0
1b_live,cross,120,DOGEUSDT,btc_minus_own_30,0,0.0
1b_live,cross,120,DOGEUSDT,eth_minus_own_30,0,0.0
1b_live,cross,120,DOGEUSDT,own_ret_60,0,0.0
1b_live,cross,120,DOGEUSDT,btc_ret_60,0,0.0
1b_live,cross,120,DOGEUSDT,eth_ret_60,0,0.0
1b_live,cross,120,DOGEUSDT,mkt_ret_60,0,0.0
1b_live,cross,120,DOGEUSDT,breadth_60,0,0.0
1b_live,cross,120,DOGEUSDT,disp_60,0,0.0
1b_live,cross,120,DOGEUSDT,relstr_60,0,0.0
1b_live,cross,120,DOGEUSDT,rank_60,0,0.0
1b_live,cross,120,DOGEUSDT,btc_minus_own_60,0,0.0
1b_live,cross,120,DOGEUSDT,eth_minus_own_60,0,0.0
1b_live,cross,120,DOGEUSDT,own_ret_180,0,0.0
1b_live,cross,120,DOGEUSDT,btc_ret_180,0,0.0
1b_live,cross,120,DOGEUSDT,eth_ret_180,0,0.0
1b_live,cross,120,DOGEUSDT,mkt_ret_180,0,0.0
1b_live,cross,120,DOGEUSDT,breadth_180,0,0.0
1b_live,cross,120,DOGEUSDT,disp_180,0,0.0
1b_live,cross,120,DOGEUSDT,relstr_180,0,0.0
1b_live,cross,120,DOGEUSDT,rank_180,0,0.0
1b_live,cross,120,DOGEUSDT,btc_minus_own_180,0,0.0
1b_live,cross,120,DOGEUSDT,eth_minus_own_180,0,0.0
1b_live,cross,120,DOGEUSDT,own_ret_360,0,0.0
1b_live,cross,120,DOGEUSDT,btc_ret_360,0,0.0
1b_live,cross,120,DOGEUSDT,eth_ret_360,0,0.0
1b_live,cross,120,DOGEUSDT,mkt_ret_360,0,0.0
1b_live,cross,120,DOGEUSDT,breadth_360,0,0.0
1b_live,cross,120,DOGEUSDT,disp_360,0,0.0
1b_live,cross,120,DOGEUSDT,relstr_360,0,0.0
1b_live,cross,120,DOGEUSDT,rank_360,0,0.0
1b_live,cross,120,DOGEUSDT,btc_minus_own_360,0,0.0
1b_live,cross,120,DOGEUSDT,eth_minus_own_360,0,0.0
1b_live,cross,120,DOGEUSDT,own_ret_720,0,0.0
1b_live,cross,120,DOGEUSDT,btc_ret_720,0,0.0
1b_live,cross,120,DOGEUSDT,eth_ret_720,0,0.0
1b_live,cross,120,DOGEUSDT,mkt_ret_720,0,0.0
1b_live,cross,120,DOGEUSDT,breadth_720,0,0.0
1b_live,cross,120,DOGEUSDT,disp_720,0,0.0
1b_live,cross,120,DOGEUSDT,relstr_720,0,0.0
1b_live,cross,120,DOGEUSDT,rank_720,0,0.0
1b_live,cross,120,DOGEUSDT,btc_minus_own_720,0,0.0
1b_live,cross,120,DOGEUSDT,eth_minus_own_720,0,0.0
1b_live,cross,120,DOGEUSDT,own_ret_1440,0,0.0
1b_live,cross,120,DOGEUSDT,btc_ret_1440,0,0.0
1b_live,cross,120,DOGEUSDT,eth_ret_1440,0,0.0
1b_live,cross,120,DOGEUSDT,mkt_ret_1440,0,0.0
1b_live,cross,120,DOGEUSDT,breadth_1440,0,0.0
1b_live,cross,120,DOGEUSDT,disp_1440,0,0.0
1b_live,cross,120,DOGEUSDT,relstr_1440,0,0.0
1b_live,cross,120,DOGEUSDT,rank_1440,0,0.0
1b_live,cross,120,DOGEUSDT,btc_minus_own_1440,0,0.0
1b_live,cross,120,DOGEUSDT,eth_minus_own_1440,0,0.0
1b_live,micro,120,DOTUSDT,rskew_30,0,9.831784275604605e-10
1b_live,micro,120,DOTUSDT,rskew_30_xrank,0,0.0
1b_live,micro,120,DOTUSDT,rkurt_30,0,1.7342703131362214e-06
1b_live,micro,120,DOTUSDT,rkurt_30_xrank,0,0.0
1b_live,micro,120,DOTUSDT,roll_30,0,0.0
1b_live,micro,120,DOTUSDT,roll_30_xrank,0,0.0
1b_live,micro,120,DOTUSDT,amihud_30,0,0.0
1b_live,micro,120,DOTUSDT,amihud_30_xrank,0,0.0
1b_live,micro,120,DOTUSDT,kyle_30,0,6.075189418197624e-08
1b_live,micro,120,DOTUSDT,kyle_30_xrank,0,0.0
1b_live,micro,120,DOTUSDT,vpin_30,0,0.0
1b_live,micro,120,DOTUSDT,vpin_30_xrank,0,0.0
1b_live,micro,120,DOTUSDT,jump_30,0,3.098433865034167e-08
1b_live,micro,120,DOTUSDT,jump_30_xrank,0,0.0
1b_live,micro,120,DOTUSDT,vratio_30,0,0.0
1b_live,micro,120,DOTUSDT,vratio_30_xrank,0,0.0
1b_live,micro,120,DOTUSDT,cvd_slope_30,0,0.0
1b_live,micro,120,DOTUSDT,cvd_slope_30_xrank,0,0.0
1b_live,micro,120,DOTUSDT,signac_30,0,0.0
1b_live,micro,120,DOTUSDT,signac_30_xrank,0,0.0
1b_live,micro,120,DOTUSDT,sflow_30,0,0.0
1b_live,micro,120,DOTUSDT,sflow_30_xrank,0,0.0
1b_live,micro,120,DOTUSDT,rskew_120,0,3.3002094390610637e-09
1b_live,micro,120,DOTUSDT,rskew_120_xrank,0,0.0
1b_live,micro,120,DOTUSDT,rkurt_120,0,8.279086216589349e-08
1b_live,micro,120,DOTUSDT,rkurt_120_xrank,0,0.0
1b_live,micro,120,DOTUSDT,roll_120,0,0.0
1b_live,micro,120,DOTUSDT,roll_120_xrank,0,0.0
1b_live,micro,120,DOTUSDT,amihud_120,0,0.0
1b_live,micro,120,DOTUSDT,amihud_120_xrank,0,0.0
1b_live,micro,120,DOTUSDT,kyle_120,0,9.171212411729357e-08
1b_live,micro,120,DOTUSDT,kyle_120_xrank,0,0.0
1b_live,micro,120,DOTUSDT,vpin_120,0,0.0
1b_live,micro,120,DOTUSDT,vpin_120_xrank,0,0.0
1b_live,micro,120,DOTUSDT,jump_120,0,2.6929273033715617e-08
1b_live,micro,120,DOTUSDT,jump_120_xrank,0,0.0
1b_live,micro,120,DOTUSDT,vratio_120,0,0.0
1b_live,micro,120,DOTUSDT,vratio_120_xrank,0,0.0
1b_live,micro,120,DOTUSDT,cvd_slope_120,0,0.0
1b_live,micro,120,DOTUSDT,cvd_slope_120_xrank,0,0.0
1b_live,micro,120,DOTUSDT,signac_120,0,0.0
1b_live,micro,120,DOTUSDT,signac_120_xrank,0,0.0
1b_live,micro,120,DOTUSDT,sflow_120,0,0.0
1b_live,micro,120,DOTUSDT,sflow_120_xrank,0,0.0
1b_live,micro,120,DOTUSDT,rskew_480,0,3.015425409369499e-10
1b_live,micro,120,DOTUSDT,rskew_480_xrank,0,0.0
1b_live,micro,120,DOTUSDT,rkurt_480,0,3.2512183167909825e-08
1b_live,micro,120,DOTUSDT,rkurt_480_xrank,0,0.0
1b_live,micro,120,DOTUSDT,roll_480,0,0.0
1b_live,micro,120,DOTUSDT,roll_480_xrank,0,0.0
1b_live,micro,120,DOTUSDT,amihud_480,0,0.0
1b_live,micro,120,DOTUSDT,amihud_480_xrank,0,0.0
1b_live,micro,120,DOTUSDT,kyle_480,0,6.958741494145215e-08
1b_live,micro,120,DOTUSDT,kyle_480_xrank,0,0.0
1b_live,micro,120,DOTUSDT,vpin_480,0,0.0
1b_live,micro,120,DOTUSDT,vpin_480_xrank,0,0.0
1b_live,micro,120,DOTUSDT,jump_480,0,1.987012332449467e-08
1b_live,micro,120,DOTUSDT,jump_480_xrank,0,0.0
1b_live,micro,120,DOTUSDT,vratio_480,0,0.0
1b_live,micro,120,DOTUSDT,vratio_480_xrank,0,0.0
1b_live,micro,120,DOTUSDT,cvd_slope_480,0,0.0
1b_live,micro,120,DOTUSDT,cvd_slope_480_xrank,0,0.0
1b_live,micro,120,DOTUSDT,signac_480,0,0.0
1b_live,micro,120,DOTUSDT,signac_480_xrank,0,0.0
1b_live,micro,120,DOTUSDT,sflow_480,0,0.0
1b_live,micro,120,DOTUSDT,sflow_480_xrank,0,0.0
1b_live,cross,120,DOTUSDT,own_ret_1,0,0.0
1b_live,cross,120,DOTUSDT,btc_ret_1,0,0.0
1b_live,cross,120,DOTUSDT,eth_ret_1,0,0.0
1b_live,cross,120,DOTUSDT,mkt_ret_1,0,0.0
1b_live,cross,120,DOTUSDT,breadth_1,0,0.0
1b_live,cross,120,DOTUSDT,disp_1,0,0.0
1b_live,cross,120,DOTUSDT,relstr_1,0,0.0
1b_live,cross,120,DOTUSDT,rank_1,0,0.0
1b_live,cross,120,DOTUSDT,btc_minus_own_1,0,0.0
1b_live,cross,120,DOTUSDT,eth_minus_own_1,0,0.0
1b_live,cross,120,DOTUSDT,own_ret_5,0,0.0
1b_live,cross,120,DOTUSDT,btc_ret_5,0,0.0
1b_live,cross,120,DOTUSDT,eth_ret_5,0,0.0
1b_live,cross,120,DOTUSDT,mkt_ret_5,0,0.0
1b_live,cross,120,DOTUSDT,breadth_5,0,0.0
1b_live,cross,120,DOTUSDT,disp_5,0,0.0
1b_live,cross,120,DOTUSDT,relstr_5,0,0.0
1b_live,cross,120,DOTUSDT,rank_5,0,0.0
1b_live,cross,120,DOTUSDT,btc_minus_own_5,0,0.0
1b_live,cross,120,DOTUSDT,eth_minus_own_5,0,0.0
1b_live,cross,120,DOTUSDT,own_ret_15,0,0.0
1b_live,cross,120,DOTUSDT,btc_ret_15,0,0.0
1b_live,cross,120,DOTUSDT,eth_ret_15,0,0.0
1b_live,cross,120,DOTUSDT,mkt_ret_15,0,0.0
1b_live,cross,120,DOTUSDT,breadth_15,0,0.0
1b_live,cross,120,DOTUSDT,disp_15,0,0.0
1b_live,cross,120,DOTUSDT,relstr_15,0,0.0
1b_live,cross,120,DOTUSDT,rank_15,0,0.0
1b_live,cross,120,DOTUSDT,btc_minus_own_15,0,0.0
1b_live,cross,120,DOTUSDT,eth_minus_own_15,0,0.0
1b_live,cross,120,DOTUSDT,own_ret_30,0,0.0
1b_live,cross,120,DOTUSDT,btc_ret_30,0,0.0
1b_live,cross,120,DOTUSDT,eth_ret_30,0,0.0
1b_live,cross,120,DOTUSDT,mkt_ret_30,0,0.0
1b_live,cross,120,DOTUSDT,breadth_30,0,0.0
1b_live,cross,120,DOTUSDT,disp_30,0,0.0
1b_live,cross,120,DOTUSDT,relstr_30,0,0.0
1b_live,cross,120,DOTUSDT,rank_30,0,0.0
1b_live,cross,120,DOTUSDT,btc_minus_own_30,0,0.0
1b_live,cross,120,DOTUSDT,eth_minus_own_30,0,0.0
1b_live,cross,120,DOTUSDT,own_ret_60,0,0.0
1b_live,cross,120,DOTUSDT,btc_ret_60,0,0.0
1b_live,cross,120,DOTUSDT,eth_ret_60,0,0.0
1b_live,cross,120,DOTUSDT,mkt_ret_60,0,0.0
1b_live,cross,120,DOTUSDT,breadth_60,0,0.0
1b_live,cross,120,DOTUSDT,disp_60,0,0.0
1b_live,cross,120,DOTUSDT,relstr_60,0,0.0
1b_live,cross,120,DOTUSDT,rank_60,0,0.0
1b_live,cross,120,DOTUSDT,btc_minus_own_60,0,0.0
1b_live,cross,120,DOTUSDT,eth_minus_own_60,0,0.0
1b_live,cross,120,DOTUSDT,own_ret_180,0,0.0
1b_live,cross,120,DOTUSDT,btc_ret_180,0,0.0
1b_live,cross,120,DOTUSDT,eth_ret_180,0,0.0
1b_live,cross,120,DOTUSDT,mkt_ret_180,0,0.0
1b_live,cross,120,DOTUSDT,breadth_180,0,0.0
1b_live,cross,120,DOTUSDT,disp_180,0,0.0
1b_live,cross,120,DOTUSDT,relstr_180,0,0.0
1b_live,cross,120,DOTUSDT,rank_180,0,0.0
1b_live,cross,120,DOTUSDT,btc_minus_own_180,0,0.0
1b_live,cross,120,DOTUSDT,eth_minus_own_180,0,0.0
1b_live,cross,120,DOTUSDT,own_ret_360,0,0.0
1b_live,cross,120,DOTUSDT,btc_ret_360,0,0.0
1b_live,cross,120,DOTUSDT,eth_ret_360,0,0.0
1b_live,cross,120,DOTUSDT,mkt_ret_360,0,0.0
1b_live,cross,120,DOTUSDT,breadth_360,0,0.0
1b_live,cross,120,DOTUSDT,disp_360,0,0.0
1b_live,cross,120,DOTUSDT,relstr_360,0,0.0
1b_live,cross,120,DOTUSDT,rank_360,0,0.0
1b_live,cross,120,DOTUSDT,btc_minus_own_360,0,0.0
1b_live,cross,120,DOTUSDT,eth_minus_own_360,0,0.0
1b_live,cross,120,DOTUSDT,own_ret_720,0,0.0
1b_live,cross,120,DOTUSDT,btc_ret_720,0,0.0
1b_live,cross,120,DOTUSDT,eth_ret_720,0,0.0
1b_live,cross,120,DOTUSDT,mkt_ret_720,0,0.0
1b_live,cross,120,DOTUSDT,breadth_720,0,0.0
1b_live,cross,120,DOTUSDT,disp_720,0,0.0
1b_live,cross,120,DOTUSDT,relstr_720,0,0.0
1b_live,cross,120,DOTUSDT,rank_720,0,0.0
1b_live,cross,120,DOTUSDT,btc_minus_own_720,0,0.0
1b_live,cross,120,DOTUSDT,eth_minus_own_720,0,0.0
1b_live,cross,120,DOTUSDT,own_ret_1440,0,0.0
1b_live,cross,120,DOTUSDT,btc_ret_1440,0,0.0
1b_live,cross,120,DOTUSDT,eth_ret_1440,0,0.0
1b_live,cross,120,DOTUSDT,mkt_ret_1440,0,0.0
1b_live,cross,120,DOTUSDT,breadth_1440,0,0.0
1b_live,cross,120,DOTUSDT,disp_1440,0,0.0
1b_live,cross,120,DOTUSDT,relstr_1440,0,0.0
1b_live,cross,120,DOTUSDT,rank_1440,0,0.0
1b_live,cross,120,DOTUSDT,btc_minus_own_1440,0,0.0
1b_live,cross,120,DOTUSDT,eth_minus_own_1440,0,0.0
1b_live,micro,120,ETHUSDT,rskew_30,0,1.9667128370315368e-08
1b_live,micro,120,ETHUSDT,rskew_30_xrank,0,0.0
1b_live,micro,120,ETHUSDT,rkurt_30,0,2.161338670703117e-06
1b_live,micro,120,ETHUSDT,rkurt_30_xrank,0,0.0
1b_live,micro,120,ETHUSDT,roll_30,0,0.0
1b_live,micro,120,ETHUSDT,roll_30_xrank,0,0.0
1b_live,micro,120,ETHUSDT,amihud_30,0,0.0
1b_live,micro,120,ETHUSDT,amihud_30_xrank,0,0.0
1b_live,micro,120,ETHUSDT,kyle_30,0,0.0
1b_live,micro,120,ETHUSDT,kyle_30_xrank,0,0.0
1b_live,micro,120,ETHUSDT,vpin_30,0,0.0
1b_live,micro,120,ETHUSDT,vpin_30_xrank,0,0.0
1b_live,micro,120,ETHUSDT,jump_30,0,0.0
1b_live,micro,120,ETHUSDT,jump_30_xrank,0,0.0
1b_live,micro,120,ETHUSDT,vratio_30,0,0.0
1b_live,micro,120,ETHUSDT,vratio_30_xrank,0,0.0
1b_live,micro,120,ETHUSDT,cvd_slope_30,0,0.0
1b_live,micro,120,ETHUSDT,cvd_slope_30_xrank,0,0.0
1b_live,micro,120,ETHUSDT,signac_30,0,0.0
1b_live,micro,120,ETHUSDT,signac_30_xrank,0,0.0
1b_live,micro,120,ETHUSDT,sflow_30,0,0.0
1b_live,micro,120,ETHUSDT,sflow_30_xrank,0,0.0
1b_live,micro,120,ETHUSDT,rskew_120,0,2.0102873532490406e-10
1b_live,micro,120,ETHUSDT,rskew_120_xrank,0,0.0
1b_live,micro,120,ETHUSDT,rkurt_120,0,1.065345927031558e-07
1b_live,micro,120,ETHUSDT,rkurt_120_xrank,0,0.0
1b_live,micro,120,ETHUSDT,roll_120,0,0.0
1b_live,micro,120,ETHUSDT,roll_120_xrank,0,0.0
1b_live,micro,120,ETHUSDT,amihud_120,0,0.0
1b_live,micro,120,ETHUSDT,amihud_120_xrank,0,0.0
1b_live,micro,120,ETHUSDT,kyle_120,0,0.0
1b_live,micro,120,ETHUSDT,kyle_120_xrank,0,0.0
1b_live,micro,120,ETHUSDT,vpin_120,0,0.0
1b_live,micro,120,ETHUSDT,vpin_120_xrank,0,0.0
1b_live,micro,120,ETHUSDT,jump_120,0,1.548838746145975e-08
1b_live,micro,120,ETHUSDT,jump_120_xrank,0,0.0
1b_live,micro,120,ETHUSDT,vratio_120,0,0.0
1b_live,micro,120,ETHUSDT,vratio_120_xrank,0,0.0
1b_live,micro,120,ETHUSDT,cvd_slope_120,0,0.0
1b_live,micro,120,ETHUSDT,cvd_slope_120_xrank,0,0.0
1b_live,micro,120,ETHUSDT,signac_120,0,0.0
1b_live,micro,120,ETHUSDT,signac_120_xrank,0,0.0
1b_live,micro,120,ETHUSDT,sflow_120,0,0.0
1b_live,micro,120,ETHUSDT,sflow_120_xrank,0,0.0
1b_live,micro,120,ETHUSDT,rskew_480,0,4.12061718080281e-09
1b_live,micro,120,ETHUSDT,rskew_480_xrank,0,0.0
1b_live,micro,120,ETHUSDT,rkurt_480,0,5.25919965355115e-08
1b_live,micro,120,ETHUSDT,rkurt_480_xrank,0,0.0
1b_live,micro,120,ETHUSDT,roll_480,0,0.0
1b_live,micro,120,ETHUSDT,roll_480_xrank,0,0.0
1b_live,micro,120,ETHUSDT,amihud_480,0,0.0
1b_live,micro,120,ETHUSDT,amihud_480_xrank,0,0.0
1b_live,micro,120,ETHUSDT,kyle_480,0,0.0
1b_live,micro,120,ETHUSDT,kyle_480_xrank,0,0.0
1b_live,micro,120,ETHUSDT,vpin_480,0,0.0
1b_live,micro,120,ETHUSDT,vpin_480_xrank,0,0.0
1b_live,micro,120,ETHUSDT,jump_480,0,3.627751710144622e-10
1b_live,micro,120,ETHUSDT,jump_480_xrank,0,0.0
1b_live,micro,120,ETHUSDT,vratio_480,0,0.0
1b_live,micro,120,ETHUSDT,vratio_480_xrank,0,0.0
1b_live,micro,120,ETHUSDT,cvd_slope_480,0,0.0
1b_live,micro,120,ETHUSDT,cvd_slope_480_xrank,0,0.0
1b_live,micro,120,ETHUSDT,signac_480,0,0.0
1b_live,micro,120,ETHUSDT,signac_480_xrank,0,0.0
1b_live,micro,120,ETHUSDT,sflow_480,0,0.0
1b_live,micro,120,ETHUSDT,sflow_480_xrank,0,0.0
1b_live,cross,120,ETHUSDT,own_ret_1,0,0.0
1b_live,cross,120,ETHUSDT,btc_ret_1,0,0.0
1b_live,cross,120,ETHUSDT,eth_ret_1,0,0.0
1b_live,cross,120,ETHUSDT,mkt_ret_1,0,0.0
1b_live,cross,120,ETHUSDT,breadth_1,0,0.0
1b_live,cross,120,ETHUSDT,disp_1,0,0.0
1b_live,cross,120,ETHUSDT,relstr_1,0,0.0
1b_live,cross,120,ETHUSDT,rank_1,0,0.0
1b_live,cross,120,ETHUSDT,btc_minus_own_1,0,0.0
1b_live,cross,120,ETHUSDT,eth_minus_own_1,0,0.0
1b_live,cross,120,ETHUSDT,own_ret_5,0,0.0
1b_live,cross,120,ETHUSDT,btc_ret_5,0,0.0
1b_live,cross,120,ETHUSDT,eth_ret_5,0,0.0
1b_live,cross,120,ETHUSDT,mkt_ret_5,0,0.0
1b_live,cross,120,ETHUSDT,breadth_5,0,0.0
1b_live,cross,120,ETHUSDT,disp_5,0,0.0
1b_live,cross,120,ETHUSDT,relstr_5,0,0.0
1b_live,cross,120,ETHUSDT,rank_5,0,0.0
1b_live,cross,120,ETHUSDT,btc_minus_own_5,0,0.0
1b_live,cross,120,ETHUSDT,eth_minus_own_5,0,0.0
1b_live,cross,120,ETHUSDT,own_ret_15,0,0.0
1b_live,cross,120,ETHUSDT,btc_ret_15,0,0.0
1b_live,cross,120,ETHUSDT,eth_ret_15,0,0.0
1b_live,cross,120,ETHUSDT,mkt_ret_15,0,0.0
1b_live,cross,120,ETHUSDT,breadth_15,0,0.0
1b_live,cross,120,ETHUSDT,disp_15,0,0.0
1b_live,cross,120,ETHUSDT,relstr_15,0,0.0
1b_live,cross,120,ETHUSDT,rank_15,0,0.0
1b_live,cross,120,ETHUSDT,btc_minus_own_15,0,0.0
1b_live,cross,120,ETHUSDT,eth_minus_own_15,0,0.0
1b_live,cross,120,ETHUSDT,own_ret_30,0,0.0
1b_live,cross,120,ETHUSDT,btc_ret_30,0,0.0
1b_live,cross,120,ETHUSDT,eth_ret_30,0,0.0
1b_live,cross,120,ETHUSDT,mkt_ret_30,0,0.0
1b_live,cross,120,ETHUSDT,breadth_30,0,0.0
1b_live,cross,120,ETHUSDT,disp_30,0,0.0
1b_live,cross,120,ETHUSDT,relstr_30,0,0.0
1b_live,cross,120,ETHUSDT,rank_30,0,0.0
1b_live,cross,120,ETHUSDT,btc_minus_own_30,0,0.0
1b_live,cross,120,ETHUSDT,eth_minus_own_30,0,0.0
1b_live,cross,120,ETHUSDT,own_ret_60,0,0.0
1b_live,cross,120,ETHUSDT,btc_ret_60,0,0.0
1b_live,cross,120,ETHUSDT,eth_ret_60,0,0.0
1b_live,cross,120,ETHUSDT,mkt_ret_60,0,0.0
1b_live,cross,120,ETHUSDT,breadth_60,0,0.0
1b_live,cross,120,ETHUSDT,disp_60,0,0.0
1b_live,cross,120,ETHUSDT,relstr_60,0,0.0
1b_live,cross,120,ETHUSDT,rank_60,0,0.0
1b_live,cross,120,ETHUSDT,btc_minus_own_60,0,0.0
1b_live,cross,120,ETHUSDT,eth_minus_own_60,0,0.0
1b_live,cross,120,ETHUSDT,own_ret_180,0,0.0
1b_live,cross,120,ETHUSDT,btc_ret_180,0,0.0
1b_live,cross,120,ETHUSDT,eth_ret_180,0,0.0
1b_live,cross,120,ETHUSDT,mkt_ret_180,0,0.0
1b_live,cross,120,ETHUSDT,breadth_180,0,0.0
1b_live,cross,120,ETHUSDT,disp_180,0,0.0
1b_live,cross,120,ETHUSDT,relstr_180,0,0.0
1b_live,cross,120,ETHUSDT,rank_180,0,0.0
1b_live,cross,120,ETHUSDT,btc_minus_own_180,0,0.0
1b_live,cross,120,ETHUSDT,eth_minus_own_180,0,0.0
1b_live,cross,120,ETHUSDT,own_ret_360,0,0.0
1b_live,cross,120,ETHUSDT,btc_ret_360,0,0.0
1b_live,cross,120,ETHUSDT,eth_ret_360,0,0.0
1b_live,cross,120,ETHUSDT,mkt_ret_360,0,0.0
1b_live,cross,120,ETHUSDT,breadth_360,0,0.0
1b_live,cross,120,ETHUSDT,disp_360,0,0.0
1b_live,cross,120,ETHUSDT,relstr_360,0,0.0
1b_live,cross,120,ETHUSDT,rank_360,0,0.0
1b_live,cross,120,ETHUSDT,btc_minus_own_360,0,0.0
1b_live,cross,120,ETHUSDT,eth_minus_own_360,0,0.0
1b_live,cross,120,ETHUSDT,own_ret_720,0,0.0
1b_live,cross,120,ETHUSDT,btc_ret_720,0,0.0
1b_live,cross,120,ETHUSDT,eth_ret_720,0,0.0
1b_live,cross,120,ETHUSDT,mkt_ret_720,0,0.0
1b_live,cross,120,ETHUSDT,breadth_720,0,0.0
1b_live,cross,120,ETHUSDT,disp_720,0,0.0
1b_live,cross,120,ETHUSDT,relstr_720,0,0.0
1b_live,cross,120,ETHUSDT,rank_720,0,0.0
1b_live,cross,120,ETHUSDT,btc_minus_own_720,0,0.0
1b_live,cross,120,ETHUSDT,eth_minus_own_720,0,0.0
1b_live,cross,120,ETHUSDT,own_ret_1440,0,0.0
1b_live,cross,120,ETHUSDT,btc_ret_1440,0,0.0
1b_live,cross,120,ETHUSDT,eth_ret_1440,0,0.0
1b_live,cross,120,ETHUSDT,mkt_ret_1440,0,0.0
1b_live,cross,120,ETHUSDT,breadth_1440,0,0.0
1b_live,cross,120,ETHUSDT,disp_1440,0,0.0
1b_live,cross,120,ETHUSDT,relstr_1440,0,0.0
1b_live,cross,120,ETHUSDT,rank_1440,0,0.0
1b_live,cross,120,ETHUSDT,btc_minus_own_1440,0,0.0
1b_live,cross,120,ETHUSDT,eth_minus_own_1440,0,0.0
1b_live,micro,120,LINKUSDT,rskew_30,0,0.0
1b_live,micro,120,LINKUSDT,rskew_30_xrank,0,0.0
1b_live,micro,120,LINKUSDT,rkurt_30,0,6.187548819980293e-07
1b_live,micro,120,LINKUSDT,rkurt_30_xrank,0,0.0
1b_live,micro,120,LINKUSDT,roll_30,0,0.0
1b_live,micro,120,LINKUSDT,roll_30_xrank,0,0.0
1b_live,micro,120,LINKUSDT,amihud_30,0,0.0
1b_live,micro,120,LINKUSDT,amihud_30_xrank,0,0.0
1b_live,micro,120,LINKUSDT,kyle_30,0,4.2054910665001444e-08
1b_live,micro,120,LINKUSDT,kyle_30_xrank,0,0.0
1b_live,micro,120,LINKUSDT,vpin_30,0,0.0
1b_live,micro,120,LINKUSDT,vpin_30_xrank,0,0.0
1b_live,micro,120,LINKUSDT,jump_30,0,0.0
1b_live,micro,120,LINKUSDT,jump_30_xrank,0,0.0
1b_live,micro,120,LINKUSDT,vratio_30,0,0.0
1b_live,micro,120,LINKUSDT,vratio_30_xrank,0,0.0
1b_live,micro,120,LINKUSDT,cvd_slope_30,0,0.0
1b_live,micro,120,LINKUSDT,cvd_slope_30_xrank,0,0.0
1b_live,micro,120,LINKUSDT,signac_30,0,0.0
1b_live,micro,120,LINKUSDT,signac_30_xrank,0,0.0
1b_live,micro,120,LINKUSDT,sflow_30,0,0.0
1b_live,micro,120,LINKUSDT,sflow_30_xrank,0,0.0
1b_live,micro,120,LINKUSDT,rskew_120,0,1.2374057507813507e-11
1b_live,micro,120,LINKUSDT,rskew_120_xrank,0,0.0
1b_live,micro,120,LINKUSDT,rkurt_120,0,2.3148770011971465e-08
1b_live,micro,120,LINKUSDT,rkurt_120_xrank,0,0.0
1b_live,micro,120,LINKUSDT,roll_120,0,0.0
1b_live,micro,120,LINKUSDT,roll_120_xrank,0,0.0
1b_live,micro,120,LINKUSDT,amihud_120,0,0.0
1b_live,micro,120,LINKUSDT,amihud_120_xrank,0,0.0
1b_live,micro,120,LINKUSDT,kyle_120,0,0.0
1b_live,micro,120,LINKUSDT,kyle_120_xrank,0,0.0
1b_live,micro,120,LINKUSDT,vpin_120,0,0.0
1b_live,micro,120,LINKUSDT,vpin_120_xrank,0,0.0
1b_live,micro,120,LINKUSDT,jump_120,0,3.811639359696528e-08
1b_live,micro,120,LINKUSDT,jump_120_xrank,0,0.0
1b_live,micro,120,LINKUSDT,vratio_120,0,0.0
1b_live,micro,120,LINKUSDT,vratio_120_xrank,0,0.0
1b_live,micro,120,LINKUSDT,cvd_slope_120,0,8.909871240803113e-08
1b_live,micro,120,LINKUSDT,cvd_slope_120_xrank,0,0.0
1b_live,micro,120,LINKUSDT,signac_120,0,0.0
1b_live,micro,120,LINKUSDT,signac_120_xrank,0,0.0
1b_live,micro,120,LINKUSDT,sflow_120,0,1.3839164481055377e-08
1b_live,micro,120,LINKUSDT,sflow_120_xrank,0,0.0
1b_live,micro,120,LINKUSDT,rskew_480,0,0.0
1b_live,micro,120,LINKUSDT,rskew_480_xrank,0,0.0
1b_live,micro,120,LINKUSDT,rkurt_480,0,2.8048200206853835e-08
1b_live,micro,120,LINKUSDT,rkurt_480_xrank,0,0.0
1b_live,micro,120,LINKUSDT,roll_480,0,0.0
1b_live,micro,120,LINKUSDT,roll_480_xrank,0,0.0
1b_live,micro,120,LINKUSDT,amihud_480,0,0.0
1b_live,micro,120,LINKUSDT,amihud_480_xrank,0,0.0
1b_live,micro,120,LINKUSDT,kyle_480,0,0.0
1b_live,micro,120,LINKUSDT,kyle_480_xrank,0,0.0
1b_live,micro,120,LINKUSDT,vpin_480,0,0.0
1b_live,micro,120,LINKUSDT,vpin_480_xrank,0,0.0
1b_live,micro,120,LINKUSDT,jump_480,0,1.7065547197603337e-08
1b_live,micro,120,LINKUSDT,jump_480_xrank,0,0.0
1b_live,micro,120,LINKUSDT,vratio_480,0,0.0
1b_live,micro,120,LINKUSDT,vratio_480_xrank,0,0.0
1b_live,micro,120,LINKUSDT,cvd_slope_480,0,9.613481921633138e-08
1b_live,micro,120,LINKUSDT,cvd_slope_480_xrank,0,0.0
1b_live,micro,120,LINKUSDT,signac_480,0,0.0
1b_live,micro,120,LINKUSDT,signac_480_xrank,0,0.0
1b_live,micro,120,LINKUSDT,sflow_480,0,0.0
1b_live,micro,120,LINKUSDT,sflow_480_xrank,0,0.0
1b_live,cross,120,LINKUSDT,own_ret_1,0,0.0
1b_live,cross,120,LINKUSDT,btc_ret_1,0,0.0
1b_live,cross,120,LINKUSDT,eth_ret_1,0,0.0
1b_live,cross,120,LINKUSDT,mkt_ret_1,0,0.0
1b_live,cross,120,LINKUSDT,breadth_1,0,0.0
1b_live,cross,120,LINKUSDT,disp_1,0,0.0
1b_live,cross,120,LINKUSDT,relstr_1,0,0.0
1b_live,cross,120,LINKUSDT,rank_1,0,0.0
1b_live,cross,120,LINKUSDT,btc_minus_own_1,0,0.0
1b_live,cross,120,LINKUSDT,eth_minus_own_1,0,0.0
1b_live,cross,120,LINKUSDT,own_ret_5,0,0.0
1b_live,cross,120,LINKUSDT,btc_ret_5,0,0.0
1b_live,cross,120,LINKUSDT,eth_ret_5,0,0.0
1b_live,cross,120,LINKUSDT,mkt_ret_5,0,0.0
1b_live,cross,120,LINKUSDT,breadth_5,0,0.0
1b_live,cross,120,LINKUSDT,disp_5,0,0.0
1b_live,cross,120,LINKUSDT,relstr_5,0,0.0
1b_live,cross,120,LINKUSDT,rank_5,0,0.0
1b_live,cross,120,LINKUSDT,btc_minus_own_5,0,0.0
1b_live,cross,120,LINKUSDT,eth_minus_own_5,0,0.0
1b_live,cross,120,LINKUSDT,own_ret_15,0,0.0
1b_live,cross,120,LINKUSDT,btc_ret_15,0,0.0
1b_live,cross,120,LINKUSDT,eth_ret_15,0,0.0
1b_live,cross,120,LINKUSDT,mkt_ret_15,0,0.0
1b_live,cross,120,LINKUSDT,breadth_15,0,0.0
1b_live,cross,120,LINKUSDT,disp_15,0,0.0
1b_live,cross,120,LINKUSDT,relstr_15,0,0.0
1b_live,cross,120,LINKUSDT,rank_15,0,0.0
1b_live,cross,120,LINKUSDT,btc_minus_own_15,0,0.0
1b_live,cross,120,LINKUSDT,eth_minus_own_15,0,0.0
1b_live,cross,120,LINKUSDT,own_ret_30,0,0.0
1b_live,cross,120,LINKUSDT,btc_ret_30,0,0.0
1b_live,cross,120,LINKUSDT,eth_ret_30,0,0.0
1b_live,cross,120,LINKUSDT,mkt_ret_30,0,0.0
1b_live,cross,120,LINKUSDT,breadth_30,0,0.0
1b_live,cross,120,LINKUSDT,disp_30,0,0.0
1b_live,cross,120,LINKUSDT,relstr_30,0,0.0
1b_live,cross,120,LINKUSDT,rank_30,0,0.0
1b_live,cross,120,LINKUSDT,btc_minus_own_30,0,0.0
1b_live,cross,120,LINKUSDT,eth_minus_own_30,0,0.0
1b_live,cross,120,LINKUSDT,own_ret_60,0,0.0
1b_live,cross,120,LINKUSDT,btc_ret_60,0,0.0
1b_live,cross,120,LINKUSDT,eth_ret_60,0,0.0
1b_live,cross,120,LINKUSDT,mkt_ret_60,0,0.0
1b_live,cross,120,LINKUSDT,breadth_60,0,0.0
1b_live,cross,120,LINKUSDT,disp_60,0,0.0
1b_live,cross,120,LINKUSDT,relstr_60,0,0.0
1b_live,cross,120,LINKUSDT,rank_60,0,0.0
1b_live,cross,120,LINKUSDT,btc_minus_own_60,0,0.0
1b_live,cross,120,LINKUSDT,eth_minus_own_60,0,0.0
1b_live,cross,120,LINKUSDT,own_ret_180,0,0.0
1b_live,cross,120,LINKUSDT,btc_ret_180,0,0.0
1b_live,cross,120,LINKUSDT,eth_ret_180,0,0.0
1b_live,cross,120,LINKUSDT,mkt_ret_180,0,0.0
1b_live,cross,120,LINKUSDT,breadth_180,0,0.0
1b_live,cross,120,LINKUSDT,disp_180,0,0.0
1b_live,cross,120,LINKUSDT,relstr_180,0,0.0
1b_live,cross,120,LINKUSDT,rank_180,0,0.0
1b_live,cross,120,LINKUSDT,btc_minus_own_180,0,0.0
1b_live,cross,120,LINKUSDT,eth_minus_own_180,0,0.0
1b_live,cross,120,LINKUSDT,own_ret_360,0,0.0
1b_live,cross,120,LINKUSDT,btc_ret_360,0,0.0
1b_live,cross,120,LINKUSDT,eth_ret_360,0,0.0
1b_live,cross,120,LINKUSDT,mkt_ret_360,0,0.0
1b_live,cross,120,LINKUSDT,breadth_360,0,0.0
1b_live,cross,120,LINKUSDT,disp_360,0,0.0
1b_live,cross,120,LINKUSDT,relstr_360,0,0.0
1b_live,cross,120,LINKUSDT,rank_360,0,0.0
1b_live,cross,120,LINKUSDT,btc_minus_own_360,0,0.0
1b_live,cross,120,LINKUSDT,eth_minus_own_360,0,0.0
1b_live,cross,120,LINKUSDT,own_ret_720,0,0.0
1b_live,cross,120,LINKUSDT,btc_ret_720,0,0.0
1b_live,cross,120,LINKUSDT,eth_ret_720,0,0.0
1b_live,cross,120,LINKUSDT,mkt_ret_720,0,0.0
1b_live,cross,120,LINKUSDT,breadth_720,0,0.0
1b_live,cross,120,LINKUSDT,disp_720,0,0.0
1b_live,cross,120,LINKUSDT,relstr_720,0,0.0
1b_live,cross,120,LINKUSDT,rank_720,0,0.0
1b_live,cross,120,LINKUSDT,btc_minus_own_720,0,0.0
1b_live,cross,120,LINKUSDT,eth_minus_own_720,0,0.0
1b_live,cross,120,LINKUSDT,own_ret_1440,0,0.0
1b_live,cross,120,LINKUSDT,btc_ret_1440,0,0.0
1b_live,cross,120,LINKUSDT,eth_ret_1440,0,0.0
1b_live,cross,120,LINKUSDT,mkt_ret_1440,0,0.0
1b_live,cross,120,LINKUSDT,breadth_1440,0,0.0
1b_live,cross,120,LINKUSDT,disp_1440,0,0.0
1b_live,cross,120,LINKUSDT,relstr_1440,0,0.0
1b_live,cross,120,LINKUSDT,rank_1440,0,0.0
1b_live,cross,120,LINKUSDT,btc_minus_own_1440,0,0.0
1b_live,cross,120,LINKUSDT,eth_minus_own_1440,0,0.0
1b_live,micro,120,SOLUSDT,rskew_30,0,6.627159376826341e-10
1b_live,micro,120,SOLUSDT,rskew_30_xrank,0,0.0
1b_live,micro,120,SOLUSDT,rkurt_30,0,2.3973004203980963e-07
1b_live,micro,120,SOLUSDT,rkurt_30_xrank,0,0.0
1b_live,micro,120,SOLUSDT,roll_30,0,0.0
1b_live,micro,120,SOLUSDT,roll_30_xrank,0,0.0
1b_live,micro,120,SOLUSDT,amihud_30,0,0.0
1b_live,micro,120,SOLUSDT,amihud_30_xrank,0,0.0
1b_live,micro,120,SOLUSDT,kyle_30,0,0.0
1b_live,micro,120,SOLUSDT,kyle_30_xrank,0,0.0
1b_live,micro,120,SOLUSDT,vpin_30,0,0.0
1b_live,micro,120,SOLUSDT,vpin_30_xrank,0,0.0
1b_live,micro,120,SOLUSDT,jump_30,0,0.0
1b_live,micro,120,SOLUSDT,jump_30_xrank,0,0.0
1b_live,micro,120,SOLUSDT,vratio_30,0,3.100131351629898e-08
1b_live,micro,120,SOLUSDT,vratio_30_xrank,0,0.0
1b_live,micro,120,SOLUSDT,cvd_slope_30,0,0.0
1b_live,micro,120,SOLUSDT,cvd_slope_30_xrank,0,0.0
1b_live,micro,120,SOLUSDT,signac_30,0,0.0
1b_live,micro,120,SOLUSDT,signac_30_xrank,0,0.0
1b_live,micro,120,SOLUSDT,sflow_30,0,0.0
1b_live,micro,120,SOLUSDT,sflow_30_xrank,0,0.0
1b_live,micro,120,SOLUSDT,rskew_120,0,0.0
1b_live,micro,120,SOLUSDT,rskew_120_xrank,0,0.0
1b_live,micro,120,SOLUSDT,rkurt_120,0,1.3361952433399438e-08
1b_live,micro,120,SOLUSDT,rkurt_120_xrank,0,0.0
1b_live,micro,120,SOLUSDT,roll_120,0,0.0
1b_live,micro,120,SOLUSDT,roll_120_xrank,0,0.0
1b_live,micro,120,SOLUSDT,amihud_120,0,0.0
1b_live,micro,120,SOLUSDT,amihud_120_xrank,0,0.0
1b_live,micro,120,SOLUSDT,kyle_120,0,0.0
1b_live,micro,120,SOLUSDT,kyle_120_xrank,0,0.0
1b_live,micro,120,SOLUSDT,vpin_120,0,0.0
1b_live,micro,120,SOLUSDT,vpin_120_xrank,0,0.0
1b_live,micro,120,SOLUSDT,jump_120,0,0.0
1b_live,micro,120,SOLUSDT,jump_120_xrank,0,0.0
1b_live,micro,120,SOLUSDT,vratio_120,0,0.0
1b_live,micro,120,SOLUSDT,vratio_120_xrank,0,0.0
1b_live,micro,120,SOLUSDT,cvd_slope_120,0,0.0
1b_live,micro,120,SOLUSDT,cvd_slope_120_xrank,0,0.0
1b_live,micro,120,SOLUSDT,signac_120,0,0.0
1b_live,micro,120,SOLUSDT,signac_120_xrank,0,0.0
1b_live,micro,120,SOLUSDT,sflow_120,0,0.0
1b_live,micro,120,SOLUSDT,sflow_120_xrank,0,0.0
1b_live,micro,120,SOLUSDT,rskew_480,0,0.0
1b_live,micro,120,SOLUSDT,rskew_480_xrank,0,0.0
1b_live,micro,120,SOLUSDT,rkurt_480,0,1.5029316458026187e-08
1b_live,micro,120,SOLUSDT,rkurt_480_xrank,0,0.0
1b_live,micro,120,SOLUSDT,roll_480,0,0.0
1b_live,micro,120,SOLUSDT,roll_480_xrank,0,0.0
1b_live,micro,120,SOLUSDT,amihud_480,0,0.0
1b_live,micro,120,SOLUSDT,amihud_480_xrank,0,0.0
1b_live,micro,120,SOLUSDT,kyle_480,0,0.0
1b_live,micro,120,SOLUSDT,kyle_480_xrank,0,0.0
1b_live,micro,120,SOLUSDT,vpin_480,0,0.0
1b_live,micro,120,SOLUSDT,vpin_480_xrank,0,0.0
1b_live,micro,120,SOLUSDT,jump_480,0,1.1437133906611052e-08
1b_live,micro,120,SOLUSDT,jump_480_xrank,0,0.0
1b_live,micro,120,SOLUSDT,vratio_480,0,0.0
1b_live,micro,120,SOLUSDT,vratio_480_xrank,0,0.0
1b_live,micro,120,SOLUSDT,cvd_slope_480,0,0.0
1b_live,micro,120,SOLUSDT,cvd_slope_480_xrank,0,0.0
1b_live,micro,120,SOLUSDT,signac_480,0,0.0
1b_live,micro,120,SOLUSDT,signac_480_xrank,0,0.0
1b_live,micro,120,SOLUSDT,sflow_480,0,0.0
1b_live,micro,120,SOLUSDT,sflow_480_xrank,0,0.0
1b_live,cross,120,SOLUSDT,own_ret_1,0,0.0
1b_live,cross,120,SOLUSDT,btc_ret_1,0,0.0
1b_live,cross,120,SOLUSDT,eth_ret_1,0,0.0
1b_live,cross,120,SOLUSDT,mkt_ret_1,0,0.0
1b_live,cross,120,SOLUSDT,breadth_1,0,0.0
1b_live,cross,120,SOLUSDT,disp_1,0,0.0
1b_live,cross,120,SOLUSDT,relstr_1,0,0.0
1b_live,cross,120,SOLUSDT,rank_1,0,0.0
1b_live,cross,120,SOLUSDT,btc_minus_own_1,0,0.0
1b_live,cross,120,SOLUSDT,eth_minus_own_1,0,0.0
1b_live,cross,120,SOLUSDT,own_ret_5,0,0.0
1b_live,cross,120,SOLUSDT,btc_ret_5,0,0.0
1b_live,cross,120,SOLUSDT,eth_ret_5,0,0.0
1b_live,cross,120,SOLUSDT,mkt_ret_5,0,0.0
1b_live,cross,120,SOLUSDT,breadth_5,0,0.0
1b_live,cross,120,SOLUSDT,disp_5,0,0.0
1b_live,cross,120,SOLUSDT,relstr_5,0,0.0
1b_live,cross,120,SOLUSDT,rank_5,0,0.0
1b_live,cross,120,SOLUSDT,btc_minus_own_5,0,0.0
1b_live,cross,120,SOLUSDT,eth_minus_own_5,0,0.0
1b_live,cross,120,SOLUSDT,own_ret_15,0,0.0
1b_live,cross,120,SOLUSDT,btc_ret_15,0,0.0
1b_live,cross,120,SOLUSDT,eth_ret_15,0,0.0
1b_live,cross,120,SOLUSDT,mkt_ret_15,0,0.0
1b_live,cross,120,SOLUSDT,breadth_15,0,0.0
1b_live,cross,120,SOLUSDT,disp_15,0,0.0
1b_live,cross,120,SOLUSDT,relstr_15,0,0.0
1b_live,cross,120,SOLUSDT,rank_15,0,0.0
1b_live,cross,120,SOLUSDT,btc_minus_own_15,0,0.0
1b_live,cross,120,SOLUSDT,eth_minus_own_15,0,0.0
1b_live,cross,120,SOLUSDT,own_ret_30,0,0.0
1b_live,cross,120,SOLUSDT,btc_ret_30,0,0.0
1b_live,cross,120,SOLUSDT,eth_ret_30,0,0.0
1b_live,cross,120,SOLUSDT,mkt_ret_30,0,0.0
1b_live,cross,120,SOLUSDT,breadth_30,0,0.0
1b_live,cross,120,SOLUSDT,disp_30,0,0.0
1b_live,cross,120,SOLUSDT,relstr_30,0,0.0
1b_live,cross,120,SOLUSDT,rank_30,0,0.0
1b_live,cross,120,SOLUSDT,btc_minus_own_30,0,0.0
1b_live,cross,120,SOLUSDT,eth_minus_own_30,0,0.0
1b_live,cross,120,SOLUSDT,own_ret_60,0,0.0
1b_live,cross,120,SOLUSDT,btc_ret_60,0,0.0
1b_live,cross,120,SOLUSDT,eth_ret_60,0,0.0
1b_live,cross,120,SOLUSDT,mkt_ret_60,0,0.0
1b_live,cross,120,SOLUSDT,breadth_60,0,0.0
1b_live,cross,120,SOLUSDT,disp_60,0,0.0
1b_live,cross,120,SOLUSDT,relstr_60,0,0.0
1b_live,cross,120,SOLUSDT,rank_60,0,0.0
1b_live,cross,120,SOLUSDT,btc_minus_own_60,0,0.0
1b_live,cross,120,SOLUSDT,eth_minus_own_60,0,0.0
1b_live,cross,120,SOLUSDT,own_ret_180,0,0.0
1b_live,cross,120,SOLUSDT,btc_ret_180,0,0.0
1b_live,cross,120,SOLUSDT,eth_ret_180,0,0.0
1b_live,cross,120,SOLUSDT,mkt_ret_180,0,0.0
1b_live,cross,120,SOLUSDT,breadth_180,0,0.0
1b_live,cross,120,SOLUSDT,disp_180,0,0.0
1b_live,cross,120,SOLUSDT,relstr_180,0,0.0
1b_live,cross,120,SOLUSDT,rank_180,0,0.0
1b_live,cross,120,SOLUSDT,btc_minus_own_180,0,0.0
1b_live,cross,120,SOLUSDT,eth_minus_own_180,0,0.0
1b_live,cross,120,SOLUSDT,own_ret_360,0,0.0
1b_live,cross,120,SOLUSDT,btc_ret_360,0,0.0
1b_live,cross,120,SOLUSDT,eth_ret_360,0,0.0
1b_live,cross,120,SOLUSDT,mkt_ret_360,0,0.0
1b_live,cross,120,SOLUSDT,breadth_360,0,0.0
1b_live,cross,120,SOLUSDT,disp_360,0,0.0
1b_live,cross,120,SOLUSDT,relstr_360,0,0.0
1b_live,cross,120,SOLUSDT,rank_360,0,0.0
1b_live,cross,120,SOLUSDT,btc_minus_own_360,0,0.0
1b_live,cross,120,SOLUSDT,eth_minus_own_360,0,0.0
1b_live,cross,120,SOLUSDT,own_ret_720,0,0.0
1b_live,cross,120,SOLUSDT,btc_ret_720,0,0.0
1b_live,cross,120,SOLUSDT,eth_ret_720,0,0.0
1b_live,cross,120,SOLUSDT,mkt_ret_720,0,0.0
1b_live,cross,120,SOLUSDT,breadth_720,0,0.0
1b_live,cross,120,SOLUSDT,disp_720,0,0.0
1b_live,cross,120,SOLUSDT,relstr_720,0,0.0
1b_live,cross,120,SOLUSDT,rank_720,0,0.0
1b_live,cross,120,SOLUSDT,btc_minus_own_720,0,0.0
1b_live,cross,120,SOLUSDT,eth_minus_own_720,0,0.0
1b_live,cross,120,SOLUSDT,own_ret_1440,0,0.0
1b_live,cross,120,SOLUSDT,btc_ret_1440,0,0.0
1b_live,cross,120,SOLUSDT,eth_ret_1440,0,0.0
1b_live,cross,120,SOLUSDT,mkt_ret_1440,0,0.0
1b_live,cross,120,SOLUSDT,breadth_1440,0,0.0
1b_live,cross,120,SOLUSDT,disp_1440,0,0.0
1b_live,cross,120,SOLUSDT,relstr_1440,0,0.0
1b_live,cross,120,SOLUSDT,rank_1440,0,0.0
1b_live,cross,120,SOLUSDT,btc_minus_own_1440,0,0.0
1b_live,cross,120,SOLUSDT,eth_minus_own_1440,0,0.0
1b_live,micro,120,XRPUSDT,rskew_30,0,6.5312772967729416e-09
1b_live,micro,120,XRPUSDT,rskew_30_xrank,0,0.0
1b_live,micro,120,XRPUSDT,rkurt_30,0,2.0671065215083217e-07
1b_live,micro,120,XRPUSDT,rkurt_30_xrank,0,0.0
1b_live,micro,120,XRPUSDT,roll_30,0,0.0
1b_live,micro,120,XRPUSDT,roll_30_xrank,0,0.0
1b_live,micro,120,XRPUSDT,amihud_30,0,0.0
1b_live,micro,120,XRPUSDT,amihud_30_xrank,0,0.0
1b_live,micro,120,XRPUSDT,kyle_30,0,0.0
1b_live,micro,120,XRPUSDT,kyle_30_xrank,0,0.0
1b_live,micro,120,XRPUSDT,vpin_30,0,0.0
1b_live,micro,120,XRPUSDT,vpin_30_xrank,0,0.0
1b_live,micro,120,XRPUSDT,jump_30,0,1.0086933066588699e-08
1b_live,micro,120,XRPUSDT,jump_30_xrank,0,0.0
1b_live,micro,120,XRPUSDT,vratio_30,0,0.0
1b_live,micro,120,XRPUSDT,vratio_30_xrank,0,0.0
1b_live,micro,120,XRPUSDT,cvd_slope_30,0,0.0
1b_live,micro,120,XRPUSDT,cvd_slope_30_xrank,0,0.0
1b_live,micro,120,XRPUSDT,signac_30,0,0.0
1b_live,micro,120,XRPUSDT,signac_30_xrank,0,0.0
1b_live,micro,120,XRPUSDT,sflow_30,0,0.0
1b_live,micro,120,XRPUSDT,sflow_30_xrank,0,0.0
1b_live,micro,120,XRPUSDT,rskew_120,0,0.0
1b_live,micro,120,XRPUSDT,rskew_120_xrank,0,0.0
1b_live,micro,120,XRPUSDT,rkurt_120,0,9.315538562759684e-09
1b_live,micro,120,XRPUSDT,rkurt_120_xrank,0,0.0
1b_live,micro,120,XRPUSDT,roll_120,0,0.0
1b_live,micro,120,XRPUSDT,roll_120_xrank,0,0.0
1b_live,micro,120,XRPUSDT,amihud_120,0,0.0
1b_live,micro,120,XRPUSDT,amihud_120_xrank,0,0.0
1b_live,micro,120,XRPUSDT,kyle_120,0,0.0
1b_live,micro,120,XRPUSDT,kyle_120_xrank,0,0.0
1b_live,micro,120,XRPUSDT,vpin_120,0,0.0
1b_live,micro,120,XRPUSDT,vpin_120_xrank,0,0.0
1b_live,micro,120,XRPUSDT,jump_120,0,4.806744446916866e-10
1b_live,micro,120,XRPUSDT,jump_120_xrank,0,0.0
1b_live,micro,120,XRPUSDT,vratio_120,0,0.0
1b_live,micro,120,XRPUSDT,vratio_120_xrank,0,0.0
1b_live,micro,120,XRPUSDT,cvd_slope_120,0,0.0
1b_live,micro,120,XRPUSDT,cvd_slope_120_xrank,0,0.0
1b_live,micro,120,XRPUSDT,signac_120,0,0.0
1b_live,micro,120,XRPUSDT,signac_120_xrank,0,0.0
1b_live,micro,120,XRPUSDT,sflow_120,0,0.0
1b_live,micro,120,XRPUSDT,sflow_120_xrank,0,0.0
1b_live,micro,120,XRPUSDT,rskew_480,0,0.0
1b_live,micro,120,XRPUSDT,rskew_480_xrank,0,0.0
1b_live,micro,120,XRPUSDT,rkurt_480,0,0.0
1b_live,micro,120,XRPUSDT,rkurt_480_xrank,0,0.0
1b_live,micro,120,XRPUSDT,roll_480,0,0.0
1b_live,micro,120,XRPUSDT,roll_480_xrank,0,0.0
1b_live,micro,120,XRPUSDT,amihud_480,0,0.0
1b_live,micro,120,XRPUSDT,amihud_480_xrank,0,0.0
1b_live,micro,120,XRPUSDT,kyle_480,0,0.0
1b_live,micro,120,XRPUSDT,kyle_480_xrank,0,0.0
1b_live,micro,120,XRPUSDT,vpin_480,0,0.0
1b_live,micro,120,XRPUSDT,vpin_480_xrank,0,0.0
1b_live,micro,120,XRPUSDT,jump_480,0,2.69441052802577e-10
1b_live,micro,120,XRPUSDT,jump_480_xrank,0,0.0
1b_live,micro,120,XRPUSDT,vratio_480,0,0.0
1b_live,micro,120,XRPUSDT,vratio_480_xrank,0,0.0
1b_live,micro,120,XRPUSDT,cvd_slope_480,0,0.0
1b_live,micro,120,XRPUSDT,cvd_slope_480_xrank,0,0.0
1b_live,micro,120,XRPUSDT,signac_480,0,0.0
1b_live,micro,120,XRPUSDT,signac_480_xrank,0,0.0
1b_live,micro,120,XRPUSDT,sflow_480,0,0.0
1b_live,micro,120,XRPUSDT,sflow_480_xrank,0,0.0
1b_live,cross,120,XRPUSDT,own_ret_1,0,0.0
1b_live,cross,120,XRPUSDT,btc_ret_1,0,0.0
1b_live,cross,120,XRPUSDT,eth_ret_1,0,0.0
1b_live,cross,120,XRPUSDT,mkt_ret_1,0,0.0
1b_live,cross,120,XRPUSDT,breadth_1,0,0.0
1b_live,cross,120,XRPUSDT,disp_1,0,0.0
1b_live,cross,120,XRPUSDT,relstr_1,0,0.0
1b_live,cross,120,XRPUSDT,rank_1,0,0.0
1b_live,cross,120,XRPUSDT,btc_minus_own_1,0,0.0
1b_live,cross,120,XRPUSDT,eth_minus_own_1,0,0.0
1b_live,cross,120,XRPUSDT,own_ret_5,0,0.0
1b_live,cross,120,XRPUSDT,btc_ret_5,0,0.0
1b_live,cross,120,XRPUSDT,eth_ret_5,0,0.0
1b_live,cross,120,XRPUSDT,mkt_ret_5,0,0.0
1b_live,cross,120,XRPUSDT,breadth_5,0,0.0
1b_live,cross,120,XRPUSDT,disp_5,0,0.0
1b_live,cross,120,XRPUSDT,relstr_5,0,0.0
1b_live,cross,120,XRPUSDT,rank_5,0,0.0
1b_live,cross,120,XRPUSDT,btc_minus_own_5,0,0.0
1b_live,cross,120,XRPUSDT,eth_minus_own_5,0,0.0
1b_live,cross,120,XRPUSDT,own_ret_15,0,0.0
1b_live,cross,120,XRPUSDT,btc_ret_15,0,0.0
1b_live,cross,120,XRPUSDT,eth_ret_15,0,0.0
1b_live,cross,120,XRPUSDT,mkt_ret_15,0,0.0
1b_live,cross,120,XRPUSDT,breadth_15,0,0.0
1b_live,cross,120,XRPUSDT,disp_15,0,0.0
1b_live,cross,120,XRPUSDT,relstr_15,0,0.0
1b_live,cross,120,XRPUSDT,rank_15,0,0.0
1b_live,cross,120,XRPUSDT,btc_minus_own_15,0,0.0
1b_live,cross,120,XRPUSDT,eth_minus_own_15,0,0.0
1b_live,cross,120,XRPUSDT,own_ret_30,0,0.0
1b_live,cross,120,XRPUSDT,btc_ret_30,0,0.0
1b_live,cross,120,XRPUSDT,eth_ret_30,0,0.0
1b_live,cross,120,XRPUSDT,mkt_ret_30,0,0.0
1b_live,cross,120,XRPUSDT,breadth_30,0,0.0
1b_live,cross,120,XRPUSDT,disp_30,0,0.0
1b_live,cross,120,XRPUSDT,relstr_30,0,0.0
1b_live,cross,120,XRPUSDT,rank_30,0,0.0
1b_live,cross,120,XRPUSDT,btc_minus_own_30,0,0.0
1b_live,cross,120,XRPUSDT,eth_minus_own_30,0,0.0
1b_live,cross,120,XRPUSDT,own_ret_60,0,0.0
1b_live,cross,120,XRPUSDT,btc_ret_60,0,0.0
1b_live,cross,120,XRPUSDT,eth_ret_60,0,0.0
1b_live,cross,120,XRPUSDT,mkt_ret_60,0,0.0
1b_live,cross,120,XRPUSDT,breadth_60,0,0.0
1b_live,cross,120,XRPUSDT,disp_60,0,0.0
1b_live,cross,120,XRPUSDT,relstr_60,0,0.0
1b_live,cross,120,XRPUSDT,rank_60,0,0.0
1b_live,cross,120,XRPUSDT,btc_minus_own_60,0,0.0
1b_live,cross,120,XRPUSDT,eth_minus_own_60,0,0.0
1b_live,cross,120,XRPUSDT,own_ret_180,0,0.0
1b_live,cross,120,XRPUSDT,btc_ret_180,0,0.0
1b_live,cross,120,XRPUSDT,eth_ret_180,0,0.0
1b_live,cross,120,XRPUSDT,mkt_ret_180,0,0.0
1b_live,cross,120,XRPUSDT,breadth_180,0,0.0
1b_live,cross,120,XRPUSDT,disp_180,0,0.0
1b_live,cross,120,XRPUSDT,relstr_180,0,0.0
1b_live,cross,120,XRPUSDT,rank_180,0,0.0
1b_live,cross,120,XRPUSDT,btc_minus_own_180,0,0.0
1b_live,cross,120,XRPUSDT,eth_minus_own_180,0,0.0
1b_live,cross,120,XRPUSDT,own_ret_360,0,0.0
1b_live,cross,120,XRPUSDT,btc_ret_360,0,0.0
1b_live,cross,120,XRPUSDT,eth_ret_360,0,0.0
1b_live,cross,120,XRPUSDT,mkt_ret_360,0,0.0
1b_live,cross,120,XRPUSDT,breadth_360,0,0.0
1b_live,cross,120,XRPUSDT,disp_360,0,0.0
1b_live,cross,120,XRPUSDT,relstr_360,0,0.0
1b_live,cross,120,XRPUSDT,rank_360,0,0.0
1b_live,cross,120,XRPUSDT,btc_minus_own_360,0,0.0
1b_live,cross,120,XRPUSDT,eth_minus_own_360,0,0.0
1b_live,cross,120,XRPUSDT,own_ret_720,0,0.0
1b_live,cross,120,XRPUSDT,btc_ret_720,0,0.0
1b_live,cross,120,XRPUSDT,eth_ret_720,0,0.0
1b_live,cross,120,XRPUSDT,mkt_ret_720,0,0.0
1b_live,cross,120,XRPUSDT,breadth_720,0,0.0
1b_live,cross,120,XRPUSDT,disp_720,0,0.0
1b_live,cross,120,XRPUSDT,relstr_720,0,0.0
1b_live,cross,120,XRPUSDT,rank_720,0,0.0
1b_live,cross,120,XRPUSDT,btc_minus_own_720,0,0.0
1b_live,cross,120,XRPUSDT,eth_minus_own_720,0,0.0
1b_live,cross,120,XRPUSDT,own_ret_1440,0,0.0
1b_live,cross,120,XRPUSDT,btc_ret_1440,0,0.0
1b_live,cross,120,XRPUSDT,eth_ret_1440,0,0.0
1b_live,cross,120,XRPUSDT,mkt_ret_1440,0,0.0
1b_live,cross,120,XRPUSDT,breadth_1440,0,0.0
1b_live,cross,120,XRPUSDT,disp_1440,0,0.0
1b_live,cross,120,XRPUSDT,relstr_1440,0,0.0
1b_live,cross,120,XRPUSDT,rank_1440,0,0.0
1b_live,cross,120,XRPUSDT,btc_minus_own_1440,0,0.0
1b_live,cross,120,XRPUSDT,eth_minus_own_1440,0,0.0
1b_live,micro,240,ADAUSDT,rskew_30,0,0.0
1b_live,micro,240,ADAUSDT,rskew_30_xrank,0,0.0
1b_live,micro,240,ADAUSDT,rkurt_30,0,1.1447409775655615e-07
1b_live,micro,240,ADAUSDT,rkurt_30_xrank,0,0.0
1b_live,micro,240,ADAUSDT,roll_30,0,0.0
1b_live,micro,240,ADAUSDT,roll_30_xrank,0,0.0
1b_live,micro,240,ADAUSDT,amihud_30,0,0.0
1b_live,micro,240,ADAUSDT,amihud_30_xrank,0,0.0
1b_live,micro,240,ADAUSDT,kyle_30,0,4.780965845441187e-09
1b_live,micro,240,ADAUSDT,kyle_30_xrank,0,0.0
1b_live,micro,240,ADAUSDT,vpin_30,0,4.627789707001284e-08
1b_live,micro,240,ADAUSDT,vpin_30_xrank,0,0.0
1b_live,micro,240,ADAUSDT,jump_30,0,6.493354742787005e-10
1b_live,micro,240,ADAUSDT,jump_30_xrank,0,0.0
1b_live,micro,240,ADAUSDT,vratio_30,0,0.0
1b_live,micro,240,ADAUSDT,vratio_30_xrank,0,0.0
1b_live,micro,240,ADAUSDT,cvd_slope_30,0,0.0
1b_live,micro,240,ADAUSDT,cvd_slope_30_xrank,0,0.0
1b_live,micro,240,ADAUSDT,signac_30,0,0.0
1b_live,micro,240,ADAUSDT,signac_30_xrank,0,0.0
1b_live,micro,240,ADAUSDT,sflow_30,0,2.8133997354018447e-09
1b_live,micro,240,ADAUSDT,sflow_30_xrank,0,0.0
1b_live,micro,240,ADAUSDT,rskew_120,0,1.4795961789104695e-08
1b_live,micro,240,ADAUSDT,rskew_120_xrank,0,0.0
1b_live,micro,240,ADAUSDT,rkurt_120,0,1.540771421559839e-08
1b_live,micro,240,ADAUSDT,rkurt_120_xrank,0,0.0
1b_live,micro,240,ADAUSDT,roll_120,0,0.0
1b_live,micro,240,ADAUSDT,roll_120_xrank,0,0.0
1b_live,micro,240,ADAUSDT,amihud_120,0,0.0
1b_live,micro,240,ADAUSDT,amihud_120_xrank,0,0.0
1b_live,micro,240,ADAUSDT,kyle_120,0,0.0
1b_live,micro,240,ADAUSDT,kyle_120_xrank,0,0.0
1b_live,micro,240,ADAUSDT,vpin_120,0,0.0
1b_live,micro,240,ADAUSDT,vpin_120_xrank,0,0.0
1b_live,micro,240,ADAUSDT,jump_120,0,1.6634859045794315e-09
1b_live,micro,240,ADAUSDT,jump_120_xrank,0,0.0
1b_live,micro,240,ADAUSDT,vratio_120,0,0.0
1b_live,micro,240,ADAUSDT,vratio_120_xrank,0,0.0
1b_live,micro,240,ADAUSDT,cvd_slope_120,0,0.0
1b_live,micro,240,ADAUSDT,cvd_slope_120_xrank,0,0.0
1b_live,micro,240,ADAUSDT,signac_120,0,0.0
1b_live,micro,240,ADAUSDT,signac_120_xrank,0,0.0
1b_live,micro,240,ADAUSDT,sflow_120,0,0.0
1b_live,micro,240,ADAUSDT,sflow_120_xrank,0,0.0
1b_live,micro,240,ADAUSDT,rskew_480,0,0.0
1b_live,micro,240,ADAUSDT,rskew_480_xrank,0,0.0
1b_live,micro,240,ADAUSDT,rkurt_480,0,4.886517146474034e-08
1b_live,micro,240,ADAUSDT,rkurt_480_xrank,0,0.0
1b_live,micro,240,ADAUSDT,roll_480,0,0.0
1b_live,micro,240,ADAUSDT,roll_480_xrank,0,0.0
1b_live,micro,240,ADAUSDT,amihud_480,0,0.0
1b_live,micro,240,ADAUSDT,amihud_480_xrank,0,0.0
1b_live,micro,240,ADAUSDT,kyle_480,0,0.0
1b_live,micro,240,ADAUSDT,kyle_480_xrank,0,0.0
1b_live,micro,240,ADAUSDT,vpin_480,0,0.0
1b_live,micro,240,ADAUSDT,vpin_480_xrank,0,0.0
1b_live,micro,240,ADAUSDT,jump_480,0,0.0
1b_live,micro,240,ADAUSDT,jump_480_xrank,0,0.0
1b_live,micro,240,ADAUSDT,vratio_480,0,0.0
1b_live,micro,240,ADAUSDT,vratio_480_xrank,0,0.0
1b_live,micro,240,ADAUSDT,cvd_slope_480,0,0.0
1b_live,micro,240,ADAUSDT,cvd_slope_480_xrank,0,0.0
1b_live,micro,240,ADAUSDT,signac_480,0,0.0
1b_live,micro,240,ADAUSDT,signac_480_xrank,0,0.0
1b_live,micro,240,ADAUSDT,sflow_480,0,0.0
1b_live,micro,240,ADAUSDT,sflow_480_xrank,0,0.0
1b_live,cross,240,ADAUSDT,own_ret_1,0,0.0
1b_live,cross,240,ADAUSDT,btc_ret_1,0,0.0
1b_live,cross,240,ADAUSDT,eth_ret_1,0,0.0
1b_live,cross,240,ADAUSDT,mkt_ret_1,0,0.0
1b_live,cross,240,ADAUSDT,breadth_1,0,0.0
1b_live,cross,240,ADAUSDT,disp_1,0,0.0
1b_live,cross,240,ADAUSDT,relstr_1,0,0.0
1b_live,cross,240,ADAUSDT,rank_1,0,0.0
1b_live,cross,240,ADAUSDT,btc_minus_own_1,0,0.0
1b_live,cross,240,ADAUSDT,eth_minus_own_1,0,0.0
1b_live,cross,240,ADAUSDT,own_ret_5,0,0.0
1b_live,cross,240,ADAUSDT,btc_ret_5,0,0.0
1b_live,cross,240,ADAUSDT,eth_ret_5,0,0.0
1b_live,cross,240,ADAUSDT,mkt_ret_5,0,0.0
1b_live,cross,240,ADAUSDT,breadth_5,0,0.0
1b_live,cross,240,ADAUSDT,disp_5,0,0.0
1b_live,cross,240,ADAUSDT,relstr_5,0,0.0
1b_live,cross,240,ADAUSDT,rank_5,0,0.0
1b_live,cross,240,ADAUSDT,btc_minus_own_5,0,0.0
1b_live,cross,240,ADAUSDT,eth_minus_own_5,0,0.0
1b_live,cross,240,ADAUSDT,own_ret_15,0,0.0
1b_live,cross,240,ADAUSDT,btc_ret_15,0,0.0
1b_live,cross,240,ADAUSDT,eth_ret_15,0,0.0
1b_live,cross,240,ADAUSDT,mkt_ret_15,0,0.0
1b_live,cross,240,ADAUSDT,breadth_15,0,0.0
1b_live,cross,240,ADAUSDT,disp_15,0,0.0
1b_live,cross,240,ADAUSDT,relstr_15,0,0.0
1b_live,cross,240,ADAUSDT,rank_15,0,0.0
1b_live,cross,240,ADAUSDT,btc_minus_own_15,0,0.0
1b_live,cross,240,ADAUSDT,eth_minus_own_15,0,0.0
1b_live,cross,240,ADAUSDT,own_ret_30,0,0.0
1b_live,cross,240,ADAUSDT,btc_ret_30,0,0.0
1b_live,cross,240,ADAUSDT,eth_ret_30,0,0.0
1b_live,cross,240,ADAUSDT,mkt_ret_30,0,0.0
1b_live,cross,240,ADAUSDT,breadth_30,0,0.0
1b_live,cross,240,ADAUSDT,disp_30,0,0.0
1b_live,cross,240,ADAUSDT,relstr_30,0,0.0
1b_live,cross,240,ADAUSDT,rank_30,0,0.0
1b_live,cross,240,ADAUSDT,btc_minus_own_30,0,0.0
1b_live,cross,240,ADAUSDT,eth_minus_own_30,0,0.0
1b_live,cross,240,ADAUSDT,own_ret_60,0,0.0
1b_live,cross,240,ADAUSDT,btc_ret_60,0,0.0
1b_live,cross,240,ADAUSDT,eth_ret_60,0,0.0
1b_live,cross,240,ADAUSDT,mkt_ret_60,0,0.0
1b_live,cross,240,ADAUSDT,breadth_60,0,0.0
1b_live,cross,240,ADAUSDT,disp_60,0,0.0
1b_live,cross,240,ADAUSDT,relstr_60,0,0.0
1b_live,cross,240,ADAUSDT,rank_60,0,0.0
1b_live,cross,240,ADAUSDT,btc_minus_own_60,0,0.0
1b_live,cross,240,ADAUSDT,eth_minus_own_60,0,0.0
1b_live,cross,240,ADAUSDT,own_ret_180,0,0.0
1b_live,cross,240,ADAUSDT,btc_ret_180,0,0.0
1b_live,cross,240,ADAUSDT,eth_ret_180,0,0.0
1b_live,cross,240,ADAUSDT,mkt_ret_180,0,0.0
1b_live,cross,240,ADAUSDT,breadth_180,0,0.0
1b_live,cross,240,ADAUSDT,disp_180,0,0.0
1b_live,cross,240,ADAUSDT,relstr_180,0,0.0
1b_live,cross,240,ADAUSDT,rank_180,0,0.0
1b_live,cross,240,ADAUSDT,btc_minus_own_180,0,0.0
1b_live,cross,240,ADAUSDT,eth_minus_own_180,0,0.0
1b_live,cross,240,ADAUSDT,own_ret_360,0,0.0
1b_live,cross,240,ADAUSDT,btc_ret_360,0,0.0
1b_live,cross,240,ADAUSDT,eth_ret_360,0,0.0
1b_live,cross,240,ADAUSDT,mkt_ret_360,0,0.0
1b_live,cross,240,ADAUSDT,breadth_360,0,0.0
1b_live,cross,240,ADAUSDT,disp_360,0,0.0
1b_live,cross,240,ADAUSDT,relstr_360,0,0.0
1b_live,cross,240,ADAUSDT,rank_360,0,0.0
1b_live,cross,240,ADAUSDT,btc_minus_own_360,0,0.0
1b_live,cross,240,ADAUSDT,eth_minus_own_360,0,0.0
1b_live,cross,240,ADAUSDT,own_ret_720,0,0.0
1b_live,cross,240,ADAUSDT,btc_ret_720,0,0.0
1b_live,cross,240,ADAUSDT,eth_ret_720,0,0.0
1b_live,cross,240,ADAUSDT,mkt_ret_720,0,0.0
1b_live,cross,240,ADAUSDT,breadth_720,0,0.0
1b_live,cross,240,ADAUSDT,disp_720,0,0.0
1b_live,cross,240,ADAUSDT,relstr_720,0,0.0
1b_live,cross,240,ADAUSDT,rank_720,0,0.0
1b_live,cross,240,ADAUSDT,btc_minus_own_720,0,0.0
1b_live,cross,240,ADAUSDT,eth_minus_own_720,0,0.0
1b_live,cross,240,ADAUSDT,own_ret_1440,0,0.0
1b_live,cross,240,ADAUSDT,btc_ret_1440,0,0.0
1b_live,cross,240,ADAUSDT,eth_ret_1440,0,0.0
1b_live,cross,240,ADAUSDT,mkt_ret_1440,0,0.0
1b_live,cross,240,ADAUSDT,breadth_1440,0,0.0
1b_live,cross,240,ADAUSDT,disp_1440,0,0.0
1b_live,cross,240,ADAUSDT,relstr_1440,0,0.0
1b_live,cross,240,ADAUSDT,rank_1440,0,0.0
1b_live,cross,240,ADAUSDT,btc_minus_own_1440,0,0.0
1b_live,cross,240,ADAUSDT,eth_minus_own_1440,0,0.0
1b_live,micro,240,AVAXUSDT,rskew_30,0,4.332222403036212e-08
1b_live,micro,240,AVAXUSDT,rskew_30_xrank,0,0.0
1b_live,micro,240,AVAXUSDT,rkurt_30,0,1.0234914952889085e-05
1b_live,micro,240,AVAXUSDT,rkurt_30_xrank,0,0.0
1b_live,micro,240,AVAXUSDT,roll_30,0,0.0
1b_live,micro,240,AVAXUSDT,roll_30_xrank,0,0.0
1b_live,micro,240,AVAXUSDT,amihud_30,0,0.0
1b_live,micro,240,AVAXUSDT,amihud_30_xrank,0,0.0
1b_live,micro,240,AVAXUSDT,kyle_30,0,4.69148009329956e-09
1b_live,micro,240,AVAXUSDT,kyle_30_xrank,0,0.0
1b_live,micro,240,AVAXUSDT,vpin_30,0,0.0
1b_live,micro,240,AVAXUSDT,vpin_30_xrank,0,0.0
1b_live,micro,240,AVAXUSDT,jump_30,0,1.0897232005646629e-09
1b_live,micro,240,AVAXUSDT,jump_30_xrank,0,0.0
1b_live,micro,240,AVAXUSDT,vratio_30,0,0.0
1b_live,micro,240,AVAXUSDT,vratio_30_xrank,0,0.0
1b_live,micro,240,AVAXUSDT,cvd_slope_30,0,0.0
1b_live,micro,240,AVAXUSDT,cvd_slope_30_xrank,0,0.0
1b_live,micro,240,AVAXUSDT,signac_30,0,0.0
1b_live,micro,240,AVAXUSDT,signac_30_xrank,0,0.0
1b_live,micro,240,AVAXUSDT,sflow_30,0,0.0
1b_live,micro,240,AVAXUSDT,sflow_30_xrank,0,0.0
1b_live,micro,240,AVAXUSDT,rskew_120,0,1.0541858053159103e-08
1b_live,micro,240,AVAXUSDT,rskew_120_xrank,0,0.0
1b_live,micro,240,AVAXUSDT,rkurt_120,0,2.9184886329858273e-07
1b_live,micro,240,AVAXUSDT,rkurt_120_xrank,0,0.0
1b_live,micro,240,AVAXUSDT,roll_120,0,0.0
1b_live,micro,240,AVAXUSDT,roll_120_xrank,0,0.0
1b_live,micro,240,AVAXUSDT,amihud_120,0,0.0
1b_live,micro,240,AVAXUSDT,amihud_120_xrank,0,0.0
1b_live,micro,240,AVAXUSDT,kyle_120,0,0.0
1b_live,micro,240,AVAXUSDT,kyle_120_xrank,0,0.0
1b_live,micro,240,AVAXUSDT,vpin_120,0,0.0
1b_live,micro,240,AVAXUSDT,vpin_120_xrank,0,0.0
1b_live,micro,240,AVAXUSDT,jump_120,0,7.965868853432312e-09
1b_live,micro,240,AVAXUSDT,jump_120_xrank,0,0.0
1b_live,micro,240,AVAXUSDT,vratio_120,0,0.0
1b_live,micro,240,AVAXUSDT,vratio_120_xrank,0,0.0
1b_live,micro,240,AVAXUSDT,cvd_slope_120,0,0.0
1b_live,micro,240,AVAXUSDT,cvd_slope_120_xrank,0,0.0
1b_live,micro,240,AVAXUSDT,signac_120,0,2.6047505485848887e-08
1b_live,micro,240,AVAXUSDT,signac_120_xrank,0,0.0
1b_live,micro,240,AVAXUSDT,sflow_120,0,0.0
1b_live,micro,240,AVAXUSDT,sflow_120_xrank,0,0.0
1b_live,micro,240,AVAXUSDT,rskew_480,0,1.572794339210759e-08
1b_live,micro,240,AVAXUSDT,rskew_480_xrank,0,0.0
1b_live,micro,240,AVAXUSDT,rkurt_480,0,7.423936665418296e-08
1b_live,micro,240,AVAXUSDT,rkurt_480_xrank,0,0.0
1b_live,micro,240,AVAXUSDT,roll_480,0,0.0
1b_live,micro,240,AVAXUSDT,roll_480_xrank,0,0.0
1b_live,micro,240,AVAXUSDT,amihud_480,0,0.0
1b_live,micro,240,AVAXUSDT,amihud_480_xrank,0,0.0
1b_live,micro,240,AVAXUSDT,kyle_480,0,0.0
1b_live,micro,240,AVAXUSDT,kyle_480_xrank,0,0.0
1b_live,micro,240,AVAXUSDT,vpin_480,0,0.0
1b_live,micro,240,AVAXUSDT,vpin_480_xrank,0,0.0
1b_live,micro,240,AVAXUSDT,jump_480,0,0.0
1b_live,micro,240,AVAXUSDT,jump_480_xrank,0,0.0
1b_live,micro,240,AVAXUSDT,vratio_480,0,0.0
1b_live,micro,240,AVAXUSDT,vratio_480_xrank,0,0.0
1b_live,micro,240,AVAXUSDT,cvd_slope_480,0,0.0
1b_live,micro,240,AVAXUSDT,cvd_slope_480_xrank,0,0.0
1b_live,micro,240,AVAXUSDT,signac_480,0,0.0
1b_live,micro,240,AVAXUSDT,signac_480_xrank,0,0.0
1b_live,micro,240,AVAXUSDT,sflow_480,0,0.0
1b_live,micro,240,AVAXUSDT,sflow_480_xrank,0,0.0
1b_live,cross,240,AVAXUSDT,own_ret_1,0,0.0
1b_live,cross,240,AVAXUSDT,btc_ret_1,0,0.0
1b_live,cross,240,AVAXUSDT,eth_ret_1,0,0.0
1b_live,cross,240,AVAXUSDT,mkt_ret_1,0,0.0
1b_live,cross,240,AVAXUSDT,breadth_1,0,0.0
1b_live,cross,240,AVAXUSDT,disp_1,0,0.0
1b_live,cross,240,AVAXUSDT,relstr_1,0,0.0
1b_live,cross,240,AVAXUSDT,rank_1,0,0.0
1b_live,cross,240,AVAXUSDT,btc_minus_own_1,0,0.0
1b_live,cross,240,AVAXUSDT,eth_minus_own_1,0,0.0
1b_live,cross,240,AVAXUSDT,own_ret_5,0,0.0
1b_live,cross,240,AVAXUSDT,btc_ret_5,0,0.0
1b_live,cross,240,AVAXUSDT,eth_ret_5,0,0.0
1b_live,cross,240,AVAXUSDT,mkt_ret_5,0,0.0
1b_live,cross,240,AVAXUSDT,breadth_5,0,0.0
1b_live,cross,240,AVAXUSDT,disp_5,0,0.0
1b_live,cross,240,AVAXUSDT,relstr_5,0,0.0
1b_live,cross,240,AVAXUSDT,rank_5,0,0.0
1b_live,cross,240,AVAXUSDT,btc_minus_own_5,0,0.0
1b_live,cross,240,AVAXUSDT,eth_minus_own_5,0,0.0
1b_live,cross,240,AVAXUSDT,own_ret_15,0,0.0
1b_live,cross,240,AVAXUSDT,btc_ret_15,0,0.0
1b_live,cross,240,AVAXUSDT,eth_ret_15,0,0.0
1b_live,cross,240,AVAXUSDT,mkt_ret_15,0,0.0
1b_live,cross,240,AVAXUSDT,breadth_15,0,0.0
1b_live,cross,240,AVAXUSDT,disp_15,0,0.0
1b_live,cross,240,AVAXUSDT,relstr_15,0,0.0
1b_live,cross,240,AVAXUSDT,rank_15,0,0.0
1b_live,cross,240,AVAXUSDT,btc_minus_own_15,0,0.0
1b_live,cross,240,AVAXUSDT,eth_minus_own_15,0,0.0
1b_live,cross,240,AVAXUSDT,own_ret_30,0,0.0
1b_live,cross,240,AVAXUSDT,btc_ret_30,0,0.0
1b_live,cross,240,AVAXUSDT,eth_ret_30,0,0.0
1b_live,cross,240,AVAXUSDT,mkt_ret_30,0,0.0
1b_live,cross,240,AVAXUSDT,breadth_30,0,0.0
1b_live,cross,240,AVAXUSDT,disp_30,0,0.0
1b_live,cross,240,AVAXUSDT,relstr_30,0,0.0
1b_live,cross,240,AVAXUSDT,rank_30,0,0.0
1b_live,cross,240,AVAXUSDT,btc_minus_own_30,0,0.0
1b_live,cross,240,AVAXUSDT,eth_minus_own_30,0,0.0
1b_live,cross,240,AVAXUSDT,own_ret_60,0,0.0
1b_live,cross,240,AVAXUSDT,btc_ret_60,0,0.0
1b_live,cross,240,AVAXUSDT,eth_ret_60,0,0.0
1b_live,cross,240,AVAXUSDT,mkt_ret_60,0,0.0
1b_live,cross,240,AVAXUSDT,breadth_60,0,0.0
1b_live,cross,240,AVAXUSDT,disp_60,0,0.0
1b_live,cross,240,AVAXUSDT,relstr_60,0,0.0
1b_live,cross,240,AVAXUSDT,rank_60,0,0.0
1b_live,cross,240,AVAXUSDT,btc_minus_own_60,0,0.0
1b_live,cross,240,AVAXUSDT,eth_minus_own_60,0,0.0
1b_live,cross,240,AVAXUSDT,own_ret_180,0,0.0
1b_live,cross,240,AVAXUSDT,btc_ret_180,0,0.0
1b_live,cross,240,AVAXUSDT,eth_ret_180,0,0.0
1b_live,cross,240,AVAXUSDT,mkt_ret_180,0,0.0
1b_live,cross,240,AVAXUSDT,breadth_180,0,0.0
1b_live,cross,240,AVAXUSDT,disp_180,0,0.0
1b_live,cross,240,AVAXUSDT,relstr_180,0,0.0
1b_live,cross,240,AVAXUSDT,rank_180,0,0.0
1b_live,cross,240,AVAXUSDT,btc_minus_own_180,0,0.0
1b_live,cross,240,AVAXUSDT,eth_minus_own_180,0,0.0
1b_live,cross,240,AVAXUSDT,own_ret_360,0,0.0
1b_live,cross,240,AVAXUSDT,btc_ret_360,0,0.0
1b_live,cross,240,AVAXUSDT,eth_ret_360,0,0.0
1b_live,cross,240,AVAXUSDT,mkt_ret_360,0,0.0
1b_live,cross,240,AVAXUSDT,breadth_360,0,0.0
1b_live,cross,240,AVAXUSDT,disp_360,0,0.0
1b_live,cross,240,AVAXUSDT,relstr_360,0,0.0
1b_live,cross,240,AVAXUSDT,rank_360,0,0.0
1b_live,cross,240,AVAXUSDT,btc_minus_own_360,0,0.0
1b_live,cross,240,AVAXUSDT,eth_minus_own_360,0,0.0
1b_live,cross,240,AVAXUSDT,own_ret_720,0,0.0
1b_live,cross,240,AVAXUSDT,btc_ret_720,0,0.0
1b_live,cross,240,AVAXUSDT,eth_ret_720,0,0.0
1b_live,cross,240,AVAXUSDT,mkt_ret_720,0,0.0
1b_live,cross,240,AVAXUSDT,breadth_720,0,0.0
1b_live,cross,240,AVAXUSDT,disp_720,0,0.0
1b_live,cross,240,AVAXUSDT,relstr_720,0,0.0
1b_live,cross,240,AVAXUSDT,rank_720,0,0.0
1b_live,cross,240,AVAXUSDT,btc_minus_own_720,0,0.0
1b_live,cross,240,AVAXUSDT,eth_minus_own_720,0,0.0
1b_live,cross,240,AVAXUSDT,own_ret_1440,0,0.0
1b_live,cross,240,AVAXUSDT,btc_ret_1440,0,0.0
1b_live,cross,240,AVAXUSDT,eth_ret_1440,0,0.0
1b_live,cross,240,AVAXUSDT,mkt_ret_1440,0,0.0
1b_live,cross,240,AVAXUSDT,breadth_1440,0,0.0
1b_live,cross,240,AVAXUSDT,disp_1440,0,0.0
1b_live,cross,240,AVAXUSDT,relstr_1440,0,0.0
1b_live,cross,240,AVAXUSDT,rank_1440,0,0.0
1b_live,cross,240,AVAXUSDT,btc_minus_own_1440,0,0.0
1b_live,cross,240,AVAXUSDT,eth_minus_own_1440,0,0.0
1b_live,micro,240,BNBUSDT,rskew_30,0,9.145680657240973e-09
1b_live,micro,240,BNBUSDT,rskew_30_xrank,0,0.0
1b_live,micro,240,BNBUSDT,rkurt_30,0,3.029580739166704e-06
1b_live,micro,240,BNBUSDT,rkurt_30_xrank,0,0.0
1b_live,micro,240,BNBUSDT,roll_30,0,0.0
1b_live,micro,240,BNBUSDT,roll_30_xrank,0,0.0
1b_live,micro,240,BNBUSDT,amihud_30,0,0.0
1b_live,micro,240,BNBUSDT,amihud_30_xrank,0,0.0
1b_live,micro,240,BNBUSDT,kyle_30,0,1.0967905694769797e-07
1b_live,micro,240,BNBUSDT,kyle_30_xrank,0,0.0
1b_live,micro,240,BNBUSDT,vpin_30,0,0.0
1b_live,micro,240,BNBUSDT,vpin_30_xrank,0,0.0
1b_live,micro,240,BNBUSDT,jump_30,0,1.4931111902427574e-09
1b_live,micro,240,BNBUSDT,jump_30_xrank,0,0.0
1b_live,micro,240,BNBUSDT,vratio_30,0,0.0
1b_live,micro,240,BNBUSDT,vratio_30_xrank,0,0.0
1b_live,micro,240,BNBUSDT,cvd_slope_30,0,0.0
1b_live,micro,240,BNBUSDT,cvd_slope_30_xrank,0,0.0
1b_live,micro,240,BNBUSDT,signac_30,0,0.0
1b_live,micro,240,BNBUSDT,signac_30_xrank,0,0.0
1b_live,micro,240,BNBUSDT,sflow_30,0,0.0
1b_live,micro,240,BNBUSDT,sflow_30_xrank,0,0.0
1b_live,micro,240,BNBUSDT,rskew_120,0,1.6558077131634263e-09
1b_live,micro,240,BNBUSDT,rskew_120_xrank,0,0.0
1b_live,micro,240,BNBUSDT,rkurt_120,0,8.28935213803561e-08
1b_live,micro,240,BNBUSDT,rkurt_120_xrank,0,0.0
1b_live,micro,240,BNBUSDT,roll_120,0,0.0
1b_live,micro,240,BNBUSDT,roll_120_xrank,0,0.0
1b_live,micro,240,BNBUSDT,amihud_120,0,0.0
1b_live,micro,240,BNBUSDT,amihud_120_xrank,0,0.0
1b_live,micro,240,BNBUSDT,kyle_120,0,0.0
1b_live,micro,240,BNBUSDT,kyle_120_xrank,0,0.0
1b_live,micro,240,BNBUSDT,vpin_120,0,0.0
1b_live,micro,240,BNBUSDT,vpin_120_xrank,0,0.0
1b_live,micro,240,BNBUSDT,jump_120,0,7.628832676687125e-09
1b_live,micro,240,BNBUSDT,jump_120_xrank,0,0.0
1b_live,micro,240,BNBUSDT,vratio_120,0,0.0
1b_live,micro,240,BNBUSDT,vratio_120_xrank,0,0.0
1b_live,micro,240,BNBUSDT,cvd_slope_120,0,0.0
1b_live,micro,240,BNBUSDT,cvd_slope_120_xrank,0,0.0
1b_live,micro,240,BNBUSDT,signac_120,0,0.0
1b_live,micro,240,BNBUSDT,signac_120_xrank,0,0.0
1b_live,micro,240,BNBUSDT,sflow_120,0,0.0
1b_live,micro,240,BNBUSDT,sflow_120_xrank,0,0.0
1b_live,micro,240,BNBUSDT,rskew_480,0,0.0
1b_live,micro,240,BNBUSDT,rskew_480_xrank,0,0.0
1b_live,micro,240,BNBUSDT,rkurt_480,0,3.69226675900336e-08
1b_live,micro,240,BNBUSDT,rkurt_480_xrank,0,0.0
1b_live,micro,240,BNBUSDT,roll_480,0,0.0
1b_live,micro,240,BNBUSDT,roll_480_xrank,0,0.0
1b_live,micro,240,BNBUSDT,amihud_480,0,0.0
1b_live,micro,240,BNBUSDT,amihud_480_xrank,0,0.0
1b_live,micro,240,BNBUSDT,kyle_480,0,0.0
1b_live,micro,240,BNBUSDT,kyle_480_xrank,0,0.0
1b_live,micro,240,BNBUSDT,vpin_480,0,0.0
1b_live,micro,240,BNBUSDT,vpin_480_xrank,0,0.0
1b_live,micro,240,BNBUSDT,jump_480,0,1.8577028804145357e-09
1b_live,micro,240,BNBUSDT,jump_480_xrank,0,0.0
1b_live,micro,240,BNBUSDT,vratio_480,0,0.0
1b_live,micro,240,BNBUSDT,vratio_480_xrank,0,0.0
1b_live,micro,240,BNBUSDT,cvd_slope_480,0,0.0
1b_live,micro,240,BNBUSDT,cvd_slope_480_xrank,0,0.0
1b_live,micro,240,BNBUSDT,signac_480,0,0.0
1b_live,micro,240,BNBUSDT,signac_480_xrank,0,0.0
1b_live,micro,240,BNBUSDT,sflow_480,0,0.0
1b_live,micro,240,BNBUSDT,sflow_480_xrank,0,0.0
1b_live,cross,240,BNBUSDT,own_ret_1,0,0.0
1b_live,cross,240,BNBUSDT,btc_ret_1,0,0.0
1b_live,cross,240,BNBUSDT,eth_ret_1,0,0.0
1b_live,cross,240,BNBUSDT,mkt_ret_1,0,0.0
1b_live,cross,240,BNBUSDT,breadth_1,0,0.0
1b_live,cross,240,BNBUSDT,disp_1,0,0.0
1b_live,cross,240,BNBUSDT,relstr_1,0,0.0
1b_live,cross,240,BNBUSDT,rank_1,0,0.0
1b_live,cross,240,BNBUSDT,btc_minus_own_1,0,0.0
1b_live,cross,240,BNBUSDT,eth_minus_own_1,0,0.0
1b_live,cross,240,BNBUSDT,own_ret_5,0,0.0
1b_live,cross,240,BNBUSDT,btc_ret_5,0,0.0
1b_live,cross,240,BNBUSDT,eth_ret_5,0,0.0
1b_live,cross,240,BNBUSDT,mkt_ret_5,0,0.0
1b_live,cross,240,BNBUSDT,breadth_5,0,0.0
1b_live,cross,240,BNBUSDT,disp_5,0,0.0
1b_live,cross,240,BNBUSDT,relstr_5,0,0.0
1b_live,cross,240,BNBUSDT,rank_5,0,0.0
1b_live,cross,240,BNBUSDT,btc_minus_own_5,0,0.0
1b_live,cross,240,BNBUSDT,eth_minus_own_5,0,0.0
1b_live,cross,240,BNBUSDT,own_ret_15,0,0.0
1b_live,cross,240,BNBUSDT,btc_ret_15,0,0.0
1b_live,cross,240,BNBUSDT,eth_ret_15,0,0.0
1b_live,cross,240,BNBUSDT,mkt_ret_15,0,0.0
1b_live,cross,240,BNBUSDT,breadth_15,0,0.0
1b_live,cross,240,BNBUSDT,disp_15,0,0.0
1b_live,cross,240,BNBUSDT,relstr_15,0,0.0
1b_live,cross,240,BNBUSDT,rank_15,0,0.0
1b_live,cross,240,BNBUSDT,btc_minus_own_15,0,0.0
1b_live,cross,240,BNBUSDT,eth_minus_own_15,0,0.0
1b_live,cross,240,BNBUSDT,own_ret_30,0,0.0
1b_live,cross,240,BNBUSDT,btc_ret_30,0,0.0
1b_live,cross,240,BNBUSDT,eth_ret_30,0,0.0
1b_live,cross,240,BNBUSDT,mkt_ret_30,0,0.0
1b_live,cross,240,BNBUSDT,breadth_30,0,0.0
1b_live,cross,240,BNBUSDT,disp_30,0,0.0
1b_live,cross,240,BNBUSDT,relstr_30,0,0.0
1b_live,cross,240,BNBUSDT,rank_30,0,0.0
1b_live,cross,240,BNBUSDT,btc_minus_own_30,0,0.0
1b_live,cross,240,BNBUSDT,eth_minus_own_30,0,0.0
1b_live,cross,240,BNBUSDT,own_ret_60,0,0.0
1b_live,cross,240,BNBUSDT,btc_ret_60,0,0.0
1b_live,cross,240,BNBUSDT,eth_ret_60,0,0.0
1b_live,cross,240,BNBUSDT,mkt_ret_60,0,0.0
1b_live,cross,240,BNBUSDT,breadth_60,0,0.0
1b_live,cross,240,BNBUSDT,disp_60,0,0.0
1b_live,cross,240,BNBUSDT,relstr_60,0,0.0
1b_live,cross,240,BNBUSDT,rank_60,0,0.0
1b_live,cross,240,BNBUSDT,btc_minus_own_60,0,0.0
1b_live,cross,240,BNBUSDT,eth_minus_own_60,0,0.0
1b_live,cross,240,BNBUSDT,own_ret_180,0,0.0
1b_live,cross,240,BNBUSDT,btc_ret_180,0,0.0
1b_live,cross,240,BNBUSDT,eth_ret_180,0,0.0
1b_live,cross,240,BNBUSDT,mkt_ret_180,0,0.0
1b_live,cross,240,BNBUSDT,breadth_180,0,0.0
1b_live,cross,240,BNBUSDT,disp_180,0,0.0
1b_live,cross,240,BNBUSDT,relstr_180,0,0.0
1b_live,cross,240,BNBUSDT,rank_180,0,0.0
1b_live,cross,240,BNBUSDT,btc_minus_own_180,0,0.0
1b_live,cross,240,BNBUSDT,eth_minus_own_180,0,0.0
1b_live,cross,240,BNBUSDT,own_ret_360,0,0.0
1b_live,cross,240,BNBUSDT,btc_ret_360,0,0.0
1b_live,cross,240,BNBUSDT,eth_ret_360,0,0.0
1b_live,cross,240,BNBUSDT,mkt_ret_360,0,0.0
1b_live,cross,240,BNBUSDT,breadth_360,0,0.0
1b_live,cross,240,BNBUSDT,disp_360,0,0.0
1b_live,cross,240,BNBUSDT,relstr_360,0,0.0
1b_live,cross,240,BNBUSDT,rank_360,0,0.0
1b_live,cross,240,BNBUSDT,btc_minus_own_360,0,0.0
1b_live,cross,240,BNBUSDT,eth_minus_own_360,0,0.0
1b_live,cross,240,BNBUSDT,own_ret_720,0,0.0
1b_live,cross,240,BNBUSDT,btc_ret_720,0,0.0
1b_live,cross,240,BNBUSDT,eth_ret_720,0,0.0
1b_live,cross,240,BNBUSDT,mkt_ret_720,0,0.0
1b_live,cross,240,BNBUSDT,breadth_720,0,0.0
1b_live,cross,240,BNBUSDT,disp_720,0,0.0
1b_live,cross,240,BNBUSDT,relstr_720,0,0.0
1b_live,cross,240,BNBUSDT,rank_720,0,0.0
1b_live,cross,240,BNBUSDT,btc_minus_own_720,0,0.0
1b_live,cross,240,BNBUSDT,eth_minus_own_720,0,0.0
1b_live,cross,240,BNBUSDT,own_ret_1440,0,0.0
1b_live,cross,240,BNBUSDT,btc_ret_1440,0,0.0
1b_live,cross,240,BNBUSDT,eth_ret_1440,0,0.0
1b_live,cross,240,BNBUSDT,mkt_ret_1440,0,0.0
1b_live,cross,240,BNBUSDT,breadth_1440,0,0.0
1b_live,cross,240,BNBUSDT,disp_1440,0,0.0
1b_live,cross,240,BNBUSDT,relstr_1440,0,0.0
1b_live,cross,240,BNBUSDT,rank_1440,0,0.0
1b_live,cross,240,BNBUSDT,btc_minus_own_1440,0,0.0
1b_live,cross,240,BNBUSDT,eth_minus_own_1440,0,0.0
1b_live,micro,240,BTCUSDT,rskew_30,0,6.09874789558873e-11
1b_live,micro,240,BTCUSDT,rskew_30_xrank,0,0.0
1b_live,micro,240,BTCUSDT,rkurt_30,0,7.755464253023092e-07
1b_live,micro,240,BTCUSDT,rkurt_30_xrank,0,0.0
1b_live,micro,240,BTCUSDT,roll_30,0,0.0
1b_live,micro,240,BTCUSDT,roll_30_xrank,0,0.0
1b_live,micro,240,BTCUSDT,amihud_30,0,0.0
1b_live,micro,240,BTCUSDT,amihud_30_xrank,0,0.0
1b_live,micro,240,BTCUSDT,kyle_30,0,0.0
1b_live,micro,240,BTCUSDT,kyle_30_xrank,0,0.0
1b_live,micro,240,BTCUSDT,vpin_30,0,0.0
1b_live,micro,240,BTCUSDT,vpin_30_xrank,0,0.0
1b_live,micro,240,BTCUSDT,jump_30,0,8.471840118318141e-09
1b_live,micro,240,BTCUSDT,jump_30_xrank,0,0.0
1b_live,micro,240,BTCUSDT,vratio_30,0,0.0
1b_live,micro,240,BTCUSDT,vratio_30_xrank,0,0.0
1b_live,micro,240,BTCUSDT,cvd_slope_30,0,0.0
1b_live,micro,240,BTCUSDT,cvd_slope_30_xrank,0,0.0
1b_live,micro,240,BTCUSDT,signac_30,0,0.0
1b_live,micro,240,BTCUSDT,signac_30_xrank,0,0.0
1b_live,micro,240,BTCUSDT,sflow_30,0,0.0
1b_live,micro,240,BTCUSDT,sflow_30_xrank,0,0.0
1b_live,micro,240,BTCUSDT,rskew_120,0,0.0
1b_live,micro,240,BTCUSDT,rskew_120_xrank,0,0.0
1b_live,micro,240,BTCUSDT,rkurt_120,0,4.34491642664625e-09
1b_live,micro,240,BTCUSDT,rkurt_120_xrank,0,0.0
1b_live,micro,240,BTCUSDT,roll_120,0,0.0
1b_live,micro,240,BTCUSDT,roll_120_xrank,0,0.0
1b_live,micro,240,BTCUSDT,amihud_120,0,5.386616308555858e-08
1b_live,micro,240,BTCUSDT,amihud_120_xrank,0,0.0
1b_live,micro,240,BTCUSDT,kyle_120,0,0.0
1b_live,micro,240,BTCUSDT,kyle_120_xrank,0,0.0
1b_live,micro,240,BTCUSDT,vpin_120,0,0.0
1b_live,micro,240,BTCUSDT,vpin_120_xrank,0,0.0
1b_live,micro,240,BTCUSDT,jump_120,0,7.26527449312897e-10
1b_live,micro,240,BTCUSDT,jump_120_xrank,0,0.0
1b_live,micro,240,BTCUSDT,vratio_120,0,0.0
1b_live,micro,240,BTCUSDT,vratio_120_xrank,0,0.0
1b_live,micro,240,BTCUSDT,cvd_slope_120,0,0.0
1b_live,micro,240,BTCUSDT,cvd_slope_120_xrank,0,0.0
1b_live,micro,240,BTCUSDT,signac_120,0,0.0
1b_live,micro,240,BTCUSDT,signac_120_xrank,0,0.0
1b_live,micro,240,BTCUSDT,sflow_120,0,0.0
1b_live,micro,240,BTCUSDT,sflow_120_xrank,0,0.0
1b_live,micro,240,BTCUSDT,rskew_480,0,0.0
1b_live,micro,240,BTCUSDT,rskew_480_xrank,0,0.0
1b_live,micro,240,BTCUSDT,rkurt_480,0,0.0
1b_live,micro,240,BTCUSDT,rkurt_480_xrank,0,0.0
1b_live,micro,240,BTCUSDT,roll_480,0,0.0
1b_live,micro,240,BTCUSDT,roll_480_xrank,0,0.0
1b_live,micro,240,BTCUSDT,amihud_480,0,0.0
1b_live,micro,240,BTCUSDT,amihud_480_xrank,0,0.0
1b_live,micro,240,BTCUSDT,kyle_480,0,0.0
1b_live,micro,240,BTCUSDT,kyle_480_xrank,0,0.0
1b_live,micro,240,BTCUSDT,vpin_480,0,0.0
1b_live,micro,240,BTCUSDT,vpin_480_xrank,0,0.0
1b_live,micro,240,BTCUSDT,jump_480,0,0.0
1b_live,micro,240,BTCUSDT,jump_480_xrank,0,0.0
1b_live,micro,240,BTCUSDT,vratio_480,0,0.0
1b_live,micro,240,BTCUSDT,vratio_480_xrank,0,0.0
1b_live,micro,240,BTCUSDT,cvd_slope_480,0,0.0
1b_live,micro,240,BTCUSDT,cvd_slope_480_xrank,0,0.0
1b_live,micro,240,BTCUSDT,signac_480,0,0.0
1b_live,micro,240,BTCUSDT,signac_480_xrank,0,0.0
1b_live,micro,240,BTCUSDT,sflow_480,0,0.0
1b_live,micro,240,BTCUSDT,sflow_480_xrank,0,0.0
1b_live,cross,240,BTCUSDT,own_ret_1,0,0.0
1b_live,cross,240,BTCUSDT,btc_ret_1,0,0.0
1b_live,cross,240,BTCUSDT,eth_ret_1,0,0.0
1b_live,cross,240,BTCUSDT,mkt_ret_1,0,0.0
1b_live,cross,240,BTCUSDT,breadth_1,0,0.0
1b_live,cross,240,BTCUSDT,disp_1,0,0.0
1b_live,cross,240,BTCUSDT,relstr_1,0,0.0
1b_live,cross,240,BTCUSDT,rank_1,0,0.0
1b_live,cross,240,BTCUSDT,btc_minus_own_1,0,0.0
1b_live,cross,240,BTCUSDT,eth_minus_own_1,0,0.0
1b_live,cross,240,BTCUSDT,own_ret_5,0,0.0
1b_live,cross,240,BTCUSDT,btc_ret_5,0,0.0
1b_live,cross,240,BTCUSDT,eth_ret_5,0,0.0
1b_live,cross,240,BTCUSDT,mkt_ret_5,0,0.0
1b_live,cross,240,BTCUSDT,breadth_5,0,0.0
1b_live,cross,240,BTCUSDT,disp_5,0,0.0
1b_live,cross,240,BTCUSDT,relstr_5,0,0.0
1b_live,cross,240,BTCUSDT,rank_5,0,0.0
1b_live,cross,240,BTCUSDT,btc_minus_own_5,0,0.0
1b_live,cross,240,BTCUSDT,eth_minus_own_5,0,0.0
1b_live,cross,240,BTCUSDT,own_ret_15,0,0.0
1b_live,cross,240,BTCUSDT,btc_ret_15,0,0.0
1b_live,cross,240,BTCUSDT,eth_ret_15,0,0.0
1b_live,cross,240,BTCUSDT,mkt_ret_15,0,0.0
1b_live,cross,240,BTCUSDT,breadth_15,0,0.0
1b_live,cross,240,BTCUSDT,disp_15,0,0.0
1b_live,cross,240,BTCUSDT,relstr_15,0,0.0
1b_live,cross,240,BTCUSDT,rank_15,0,0.0
1b_live,cross,240,BTCUSDT,btc_minus_own_15,0,0.0
1b_live,cross,240,BTCUSDT,eth_minus_own_15,0,0.0
1b_live,cross,240,BTCUSDT,own_ret_30,0,0.0
1b_live,cross,240,BTCUSDT,btc_ret_30,0,0.0
1b_live,cross,240,BTCUSDT,eth_ret_30,0,0.0
1b_live,cross,240,BTCUSDT,mkt_ret_30,0,0.0
1b_live,cross,240,BTCUSDT,breadth_30,0,0.0
1b_live,cross,240,BTCUSDT,disp_30,0,0.0
1b_live,cross,240,BTCUSDT,relstr_30,0,0.0
1b_live,cross,240,BTCUSDT,rank_30,0,0.0
1b_live,cross,240,BTCUSDT,btc_minus_own_30,0,0.0
1b_live,cross,240,BTCUSDT,eth_minus_own_30,0,0.0
1b_live,cross,240,BTCUSDT,own_ret_60,0,0.0
1b_live,cross,240,BTCUSDT,btc_ret_60,0,0.0
1b_live,cross,240,BTCUSDT,eth_ret_60,0,0.0
1b_live,cross,240,BTCUSDT,mkt_ret_60,0,0.0
1b_live,cross,240,BTCUSDT,breadth_60,0,0.0
1b_live,cross,240,BTCUSDT,disp_60,0,0.0
1b_live,cross,240,BTCUSDT,relstr_60,0,0.0
1b_live,cross,240,BTCUSDT,rank_60,0,0.0
1b_live,cross,240,BTCUSDT,btc_minus_own_60,0,0.0
1b_live,cross,240,BTCUSDT,eth_minus_own_60,0,0.0
1b_live,cross,240,BTCUSDT,own_ret_180,0,0.0
1b_live,cross,240,BTCUSDT,btc_ret_180,0,0.0
1b_live,cross,240,BTCUSDT,eth_ret_180,0,0.0
1b_live,cross,240,BTCUSDT,mkt_ret_180,0,0.0
1b_live,cross,240,BTCUSDT,breadth_180,0,0.0
1b_live,cross,240,BTCUSDT,disp_180,0,0.0
1b_live,cross,240,BTCUSDT,relstr_180,0,0.0
1b_live,cross,240,BTCUSDT,rank_180,0,0.0
1b_live,cross,240,BTCUSDT,btc_minus_own_180,0,0.0
1b_live,cross,240,BTCUSDT,eth_minus_own_180,0,0.0
1b_live,cross,240,BTCUSDT,own_ret_360,0,0.0
1b_live,cross,240,BTCUSDT,btc_ret_360,0,0.0
1b_live,cross,240,BTCUSDT,eth_ret_360,0,0.0
1b_live,cross,240,BTCUSDT,mkt_ret_360,0,0.0
1b_live,cross,240,BTCUSDT,breadth_360,0,0.0
1b_live,cross,240,BTCUSDT,disp_360,0,0.0
1b_live,cross,240,BTCUSDT,relstr_360,0,0.0
1b_live,cross,240,BTCUSDT,rank_360,0,0.0
1b_live,cross,240,BTCUSDT,btc_minus_own_360,0,0.0
1b_live,cross,240,BTCUSDT,eth_minus_own_360,0,0.0
1b_live,cross,240,BTCUSDT,own_ret_720,0,0.0
1b_live,cross,240,BTCUSDT,btc_ret_720,0,0.0
1b_live,cross,240,BTCUSDT,eth_ret_720,0,0.0
1b_live,cross,240,BTCUSDT,mkt_ret_720,0,0.0
1b_live,cross,240,BTCUSDT,breadth_720,0,0.0
1b_live,cross,240,BTCUSDT,disp_720,0,0.0
1b_live,cross,240,BTCUSDT,relstr_720,0,0.0
1b_live,cross,240,BTCUSDT,rank_720,0,0.0
1b_live,cross,240,BTCUSDT,btc_minus_own_720,0,0.0
1b_live,cross,240,BTCUSDT,eth_minus_own_720,0,0.0
1b_live,cross,240,BTCUSDT,own_ret_1440,0,0.0
1b_live,cross,240,BTCUSDT,btc_ret_1440,0,0.0
1b_live,cross,240,BTCUSDT,eth_ret_1440,0,0.0
1b_live,cross,240,BTCUSDT,mkt_ret_1440,0,0.0
1b_live,cross,240,BTCUSDT,breadth_1440,0,0.0
1b_live,cross,240,BTCUSDT,disp_1440,0,0.0
1b_live,cross,240,BTCUSDT,relstr_1440,0,0.0
1b_live,cross,240,BTCUSDT,rank_1440,0,0.0
1b_live,cross,240,BTCUSDT,btc_minus_own_1440,0,0.0
1b_live,cross,240,BTCUSDT,eth_minus_own_1440,0,0.0
1b_live,micro,240,DOGEUSDT,rskew_30,0,8.122739814098168e-09
1b_live,micro,240,DOGEUSDT,rskew_30_xrank,0,0.0
1b_live,micro,240,DOGEUSDT,rkurt_30,0,1.6043906043705647e-06
1b_live,micro,240,DOGEUSDT,rkurt_30_xrank,0,0.0
1b_live,micro,240,DOGEUSDT,roll_30,0,0.0
1b_live,micro,240,DOGEUSDT,roll_30_xrank,0,0.0
1b_live,micro,240,DOGEUSDT,amihud_30,0,0.0
1b_live,micro,240,DOGEUSDT,amihud_30_xrank,0,0.0
1b_live,micro,240,DOGEUSDT,kyle_30,0,1.9613523249972786e-08
1b_live,micro,240,DOGEUSDT,kyle_30_xrank,0,0.0
1b_live,micro,240,DOGEUSDT,vpin_30,0,5.069060549089954e-08
1b_live,micro,240,DOGEUSDT,vpin_30_xrank,0,0.0
1b_live,micro,240,DOGEUSDT,jump_30,0,7.73671704479284e-09
1b_live,micro,240,DOGEUSDT,jump_30_xrank,0,0.0
1b_live,micro,240,DOGEUSDT,vratio_30,0,6.692965826005093e-08
1b_live,micro,240,DOGEUSDT,vratio_30_xrank,0,0.0
1b_live,micro,240,DOGEUSDT,cvd_slope_30,0,0.0
1b_live,micro,240,DOGEUSDT,cvd_slope_30_xrank,0,0.0
1b_live,micro,240,DOGEUSDT,signac_30,0,0.0
1b_live,micro,240,DOGEUSDT,signac_30_xrank,0,0.0
1b_live,micro,240,DOGEUSDT,sflow_30,0,0.0
1b_live,micro,240,DOGEUSDT,sflow_30_xrank,0,0.0
1b_live,micro,240,DOGEUSDT,rskew_120,0,5.6442357454500325e-09
1b_live,micro,240,DOGEUSDT,rskew_120_xrank,0,0.0
1b_live,micro,240,DOGEUSDT,rkurt_120,0,8.440552790034417e-08
1b_live,micro,240,DOGEUSDT,rkurt_120_xrank,0,0.0
1b_live,micro,240,DOGEUSDT,roll_120,0,0.0
1b_live,micro,240,DOGEUSDT,roll_120_xrank,0,0.0
1b_live,micro,240,DOGEUSDT,amihud_120,0,0.0
1b_live,micro,240,DOGEUSDT,amihud_120_xrank,0,0.0
1b_live,micro,240,DOGEUSDT,kyle_120,0,0.0
1b_live,micro,240,DOGEUSDT,kyle_120_xrank,0,0.0
1b_live,micro,240,DOGEUSDT,vpin_120,0,0.0
1b_live,micro,240,DOGEUSDT,vpin_120_xrank,0,0.0
1b_live,micro,240,DOGEUSDT,jump_120,0,1.4853458463193192e-09
1b_live,micro,240,DOGEUSDT,jump_120_xrank,0,0.0
1b_live,micro,240,DOGEUSDT,vratio_120,0,0.0
1b_live,micro,240,DOGEUSDT,vratio_120_xrank,0,0.0
1b_live,micro,240,DOGEUSDT,cvd_slope_120,0,0.0
1b_live,micro,240,DOGEUSDT,cvd_slope_120_xrank,0,0.0
1b_live,micro,240,DOGEUSDT,signac_120,0,0.0
1b_live,micro,240,DOGEUSDT,signac_120_xrank,0,0.0
1b_live,micro,240,DOGEUSDT,sflow_120,0,0.0
1b_live,micro,240,DOGEUSDT,sflow_120_xrank,0,0.0
1b_live,micro,240,DOGEUSDT,rskew_480,0,0.0
1b_live,micro,240,DOGEUSDT,rskew_480_xrank,0,0.0
1b_live,micro,240,DOGEUSDT,rkurt_480,0,5.670656477718694e-08
1b_live,micro,240,DOGEUSDT,rkurt_480_xrank,0,0.0
1b_live,micro,240,DOGEUSDT,roll_480,0,0.0
1b_live,micro,240,DOGEUSDT,roll_480_xrank,0,0.0
1b_live,micro,240,DOGEUSDT,amihud_480,0,0.0
1b_live,micro,240,DOGEUSDT,amihud_480_xrank,0,0.0
1b_live,micro,240,DOGEUSDT,kyle_480,0,0.0
1b_live,micro,240,DOGEUSDT,kyle_480_xrank,0,0.0
1b_live,micro,240,DOGEUSDT,vpin_480,0,0.0
1b_live,micro,240,DOGEUSDT,vpin_480_xrank,0,0.0
1b_live,micro,240,DOGEUSDT,jump_480,0,2.0712819903678792e-08
1b_live,micro,240,DOGEUSDT,jump_480_xrank,0,0.0
1b_live,micro,240,DOGEUSDT,vratio_480,0,0.0
1b_live,micro,240,DOGEUSDT,vratio_480_xrank,0,0.0
1b_live,micro,240,DOGEUSDT,cvd_slope_480,0,0.0
1b_live,micro,240,DOGEUSDT,cvd_slope_480_xrank,0,0.0
1b_live,micro,240,DOGEUSDT,signac_480,0,0.0
1b_live,micro,240,DOGEUSDT,signac_480_xrank,0,0.0
1b_live,micro,240,DOGEUSDT,sflow_480,0,0.0
1b_live,micro,240,DOGEUSDT,sflow_480_xrank,0,0.0
1b_live,cross,240,DOGEUSDT,own_ret_1,0,0.0
1b_live,cross,240,DOGEUSDT,btc_ret_1,0,0.0
1b_live,cross,240,DOGEUSDT,eth_ret_1,0,0.0
1b_live,cross,240,DOGEUSDT,mkt_ret_1,0,0.0
1b_live,cross,240,DOGEUSDT,breadth_1,0,0.0
1b_live,cross,240,DOGEUSDT,disp_1,0,0.0
1b_live,cross,240,DOGEUSDT,relstr_1,0,0.0
1b_live,cross,240,DOGEUSDT,rank_1,0,0.0
1b_live,cross,240,DOGEUSDT,btc_minus_own_1,0,0.0
1b_live,cross,240,DOGEUSDT,eth_minus_own_1,0,0.0
1b_live,cross,240,DOGEUSDT,own_ret_5,0,0.0
1b_live,cross,240,DOGEUSDT,btc_ret_5,0,0.0
1b_live,cross,240,DOGEUSDT,eth_ret_5,0,0.0
1b_live,cross,240,DOGEUSDT,mkt_ret_5,0,0.0
1b_live,cross,240,DOGEUSDT,breadth_5,0,0.0
1b_live,cross,240,DOGEUSDT,disp_5,0,0.0
1b_live,cross,240,DOGEUSDT,relstr_5,0,0.0
1b_live,cross,240,DOGEUSDT,rank_5,0,0.0
1b_live,cross,240,DOGEUSDT,btc_minus_own_5,0,0.0
1b_live,cross,240,DOGEUSDT,eth_minus_own_5,0,0.0
1b_live,cross,240,DOGEUSDT,own_ret_15,0,0.0
1b_live,cross,240,DOGEUSDT,btc_ret_15,0,0.0
1b_live,cross,240,DOGEUSDT,eth_ret_15,0,0.0
1b_live,cross,240,DOGEUSDT,mkt_ret_15,0,0.0
1b_live,cross,240,DOGEUSDT,breadth_15,0,0.0
1b_live,cross,240,DOGEUSDT,disp_15,0,0.0
1b_live,cross,240,DOGEUSDT,relstr_15,0,0.0
1b_live,cross,240,DOGEUSDT,rank_15,0,0.0
1b_live,cross,240,DOGEUSDT,btc_minus_own_15,0,0.0
1b_live,cross,240,DOGEUSDT,eth_minus_own_15,0,0.0
1b_live,cross,240,DOGEUSDT,own_ret_30,0,0.0
1b_live,cross,240,DOGEUSDT,btc_ret_30,0,0.0
1b_live,cross,240,DOGEUSDT,eth_ret_30,0,0.0
1b_live,cross,240,DOGEUSDT,mkt_ret_30,0,0.0
1b_live,cross,240,DOGEUSDT,breadth_30,0,0.0
1b_live,cross,240,DOGEUSDT,disp_30,0,0.0
1b_live,cross,240,DOGEUSDT,relstr_30,0,0.0
1b_live,cross,240,DOGEUSDT,rank_30,0,0.0
1b_live,cross,240,DOGEUSDT,btc_minus_own_30,0,0.0
1b_live,cross,240,DOGEUSDT,eth_minus_own_30,0,0.0
1b_live,cross,240,DOGEUSDT,own_ret_60,0,0.0
1b_live,cross,240,DOGEUSDT,btc_ret_60,0,0.0
1b_live,cross,240,DOGEUSDT,eth_ret_60,0,0.0
1b_live,cross,240,DOGEUSDT,mkt_ret_60,0,0.0
1b_live,cross,240,DOGEUSDT,breadth_60,0,0.0
1b_live,cross,240,DOGEUSDT,disp_60,0,0.0
1b_live,cross,240,DOGEUSDT,relstr_60,0,0.0
1b_live,cross,240,DOGEUSDT,rank_60,0,0.0
1b_live,cross,240,DOGEUSDT,btc_minus_own_60,0,0.0
1b_live,cross,240,DOGEUSDT,eth_minus_own_60,0,0.0
1b_live,cross,240,DOGEUSDT,own_ret_180,0,0.0
1b_live,cross,240,DOGEUSDT,btc_ret_180,0,0.0
1b_live,cross,240,DOGEUSDT,eth_ret_180,0,0.0
1b_live,cross,240,DOGEUSDT,mkt_ret_180,0,0.0
1b_live,cross,240,DOGEUSDT,breadth_180,0,0.0
1b_live,cross,240,DOGEUSDT,disp_180,0,0.0
1b_live,cross,240,DOGEUSDT,relstr_180,0,0.0
1b_live,cross,240,DOGEUSDT,rank_180,0,0.0
1b_live,cross,240,DOGEUSDT,btc_minus_own_180,0,0.0
1b_live,cross,240,DOGEUSDT,eth_minus_own_180,0,0.0
1b_live,cross,240,DOGEUSDT,own_ret_360,0,0.0
1b_live,cross,240,DOGEUSDT,btc_ret_360,0,0.0
1b_live,cross,240,DOGEUSDT,eth_ret_360,0,0.0
1b_live,cross,240,DOGEUSDT,mkt_ret_360,0,0.0
1b_live,cross,240,DOGEUSDT,breadth_360,0,0.0
1b_live,cross,240,DOGEUSDT,disp_360,0,0.0
1b_live,cross,240,DOGEUSDT,relstr_360,0,0.0
1b_live,cross,240,DOGEUSDT,rank_360,0,0.0
1b_live,cross,240,DOGEUSDT,btc_minus_own_360,0,0.0
1b_live,cross,240,DOGEUSDT,eth_minus_own_360,0,0.0
1b_live,cross,240,DOGEUSDT,own_ret_720,0,0.0
1b_live,cross,240,DOGEUSDT,btc_ret_720,0,0.0
1b_live,cross,240,DOGEUSDT,eth_ret_720,0,0.0
1b_live,cross,240,DOGEUSDT,mkt_ret_720,0,0.0
1b_live,cross,240,DOGEUSDT,breadth_720,0,0.0
1b_live,cross,240,DOGEUSDT,disp_720,0,0.0
1b_live,cross,240,DOGEUSDT,relstr_720,0,0.0
1b_live,cross,240,DOGEUSDT,rank_720,0,0.0
1b_live,cross,240,DOGEUSDT,btc_minus_own_720,0,0.0
1b_live,cross,240,DOGEUSDT,eth_minus_own_720,0,0.0
1b_live,cross,240,DOGEUSDT,own_ret_1440,0,0.0
1b_live,cross,240,DOGEUSDT,btc_ret_1440,0,0.0
1b_live,cross,240,DOGEUSDT,eth_ret_1440,0,0.0
1b_live,cross,240,DOGEUSDT,mkt_ret_1440,0,0.0
1b_live,cross,240,DOGEUSDT,breadth_1440,0,0.0
1b_live,cross,240,DOGEUSDT,disp_1440,0,0.0
1b_live,cross,240,DOGEUSDT,relstr_1440,0,0.0
1b_live,cross,240,DOGEUSDT,rank_1440,0,0.0
1b_live,cross,240,DOGEUSDT,btc_minus_own_1440,0,0.0
1b_live,cross,240,DOGEUSDT,eth_minus_own_1440,0,0.0
1b_live,micro,240,DOTUSDT,rskew_30,0,9.831784275604605e-10
1b_live,micro,240,DOTUSDT,rskew_30_xrank,0,0.0
1b_live,micro,240,DOTUSDT,rkurt_30,0,1.7342703131362214e-06
1b_live,micro,240,DOTUSDT,rkurt_30_xrank,0,0.0
1b_live,micro,240,DOTUSDT,roll_30,0,0.0
1b_live,micro,240,DOTUSDT,roll_30_xrank,0,0.0
1b_live,micro,240,DOTUSDT,amihud_30,0,0.0
1b_live,micro,240,DOTUSDT,amihud_30_xrank,0,0.0
1b_live,micro,240,DOTUSDT,kyle_30,0,6.075189418197624e-08
1b_live,micro,240,DOTUSDT,kyle_30_xrank,0,0.0
1b_live,micro,240,DOTUSDT,vpin_30,0,0.0
1b_live,micro,240,DOTUSDT,vpin_30_xrank,0,0.0
1b_live,micro,240,DOTUSDT,jump_30,0,3.098433865034167e-08
1b_live,micro,240,DOTUSDT,jump_30_xrank,0,0.0
1b_live,micro,240,DOTUSDT,vratio_30,0,0.0
1b_live,micro,240,DOTUSDT,vratio_30_xrank,0,0.0
1b_live,micro,240,DOTUSDT,cvd_slope_30,0,0.0
1b_live,micro,240,DOTUSDT,cvd_slope_30_xrank,0,0.0
1b_live,micro,240,DOTUSDT,signac_30,0,0.0
1b_live,micro,240,DOTUSDT,signac_30_xrank,0,0.0
1b_live,micro,240,DOTUSDT,sflow_30,0,0.0
1b_live,micro,240,DOTUSDT,sflow_30_xrank,0,0.0
1b_live,micro,240,DOTUSDT,rskew_120,0,3.3002094390610637e-09
1b_live,micro,240,DOTUSDT,rskew_120_xrank,0,0.0
1b_live,micro,240,DOTUSDT,rkurt_120,0,8.279086216589349e-08
1b_live,micro,240,DOTUSDT,rkurt_120_xrank,0,0.0
1b_live,micro,240,DOTUSDT,roll_120,0,0.0
1b_live,micro,240,DOTUSDT,roll_120_xrank,0,0.0
1b_live,micro,240,DOTUSDT,amihud_120,0,0.0
1b_live,micro,240,DOTUSDT,amihud_120_xrank,0,0.0
1b_live,micro,240,DOTUSDT,kyle_120,0,9.171212411729357e-08
1b_live,micro,240,DOTUSDT,kyle_120_xrank,0,0.0
1b_live,micro,240,DOTUSDT,vpin_120,0,0.0
1b_live,micro,240,DOTUSDT,vpin_120_xrank,0,0.0
1b_live,micro,240,DOTUSDT,jump_120,0,2.6929273033715617e-08
1b_live,micro,240,DOTUSDT,jump_120_xrank,0,0.0
1b_live,micro,240,DOTUSDT,vratio_120,0,0.0
1b_live,micro,240,DOTUSDT,vratio_120_xrank,0,0.0
1b_live,micro,240,DOTUSDT,cvd_slope_120,0,3.6284903970340565e-09
1b_live,micro,240,DOTUSDT,cvd_slope_120_xrank,0,0.0
1b_live,micro,240,DOTUSDT,signac_120,0,0.0
1b_live,micro,240,DOTUSDT,signac_120_xrank,0,0.0
1b_live,micro,240,DOTUSDT,sflow_120,0,0.0
1b_live,micro,240,DOTUSDT,sflow_120_xrank,0,0.0
1b_live,micro,240,DOTUSDT,rskew_480,0,3.015425409369499e-10
1b_live,micro,240,DOTUSDT,rskew_480_xrank,0,0.0
1b_live,micro,240,DOTUSDT,rkurt_480,0,3.2512183167909825e-08
1b_live,micro,240,DOTUSDT,rkurt_480_xrank,0,0.0
1b_live,micro,240,DOTUSDT,roll_480,0,0.0
1b_live,micro,240,DOTUSDT,roll_480_xrank,0,0.0
1b_live,micro,240,DOTUSDT,amihud_480,0,0.0
1b_live,micro,240,DOTUSDT,amihud_480_xrank,0,0.0
1b_live,micro,240,DOTUSDT,kyle_480,0,6.958741494145215e-08
1b_live,micro,240,DOTUSDT,kyle_480_xrank,0,0.0
1b_live,micro,240,DOTUSDT,vpin_480,0,0.0
1b_live,micro,240,DOTUSDT,vpin_480_xrank,0,0.0
1b_live,micro,240,DOTUSDT,jump_480,0,1.987012332449467e-08
1b_live,micro,240,DOTUSDT,jump_480_xrank,0,0.0
1b_live,micro,240,DOTUSDT,vratio_480,0,0.0
1b_live,micro,240,DOTUSDT,vratio_480_xrank,0,0.0
1b_live,micro,240,DOTUSDT,cvd_slope_480,0,0.0
1b_live,micro,240,DOTUSDT,cvd_slope_480_xrank,0,0.0
1b_live,micro,240,DOTUSDT,signac_480,0,0.0
1b_live,micro,240,DOTUSDT,signac_480_xrank,0,0.0
1b_live,micro,240,DOTUSDT,sflow_480,0,0.0
1b_live,micro,240,DOTUSDT,sflow_480_xrank,0,0.0
1b_live,cross,240,DOTUSDT,own_ret_1,0,0.0
1b_live,cross,240,DOTUSDT,btc_ret_1,0,0.0
1b_live,cross,240,DOTUSDT,eth_ret_1,0,0.0
1b_live,cross,240,DOTUSDT,mkt_ret_1,0,0.0
1b_live,cross,240,DOTUSDT,breadth_1,0,0.0
1b_live,cross,240,DOTUSDT,disp_1,0,0.0
1b_live,cross,240,DOTUSDT,relstr_1,0,0.0
1b_live,cross,240,DOTUSDT,rank_1,0,0.0
1b_live,cross,240,DOTUSDT,btc_minus_own_1,0,0.0
1b_live,cross,240,DOTUSDT,eth_minus_own_1,0,0.0
1b_live,cross,240,DOTUSDT,own_ret_5,0,0.0
1b_live,cross,240,DOTUSDT,btc_ret_5,0,0.0
1b_live,cross,240,DOTUSDT,eth_ret_5,0,0.0
1b_live,cross,240,DOTUSDT,mkt_ret_5,0,0.0
1b_live,cross,240,DOTUSDT,breadth_5,0,0.0
1b_live,cross,240,DOTUSDT,disp_5,0,0.0
1b_live,cross,240,DOTUSDT,relstr_5,0,0.0
1b_live,cross,240,DOTUSDT,rank_5,0,0.0
1b_live,cross,240,DOTUSDT,btc_minus_own_5,0,0.0
1b_live,cross,240,DOTUSDT,eth_minus_own_5,0,0.0
1b_live,cross,240,DOTUSDT,own_ret_15,0,0.0
1b_live,cross,240,DOTUSDT,btc_ret_15,0,0.0
1b_live,cross,240,DOTUSDT,eth_ret_15,0,0.0
1b_live,cross,240,DOTUSDT,mkt_ret_15,0,0.0
1b_live,cross,240,DOTUSDT,breadth_15,0,0.0
1b_live,cross,240,DOTUSDT,disp_15,0,0.0
1b_live,cross,240,DOTUSDT,relstr_15,0,0.0
1b_live,cross,240,DOTUSDT,rank_15,0,0.0
1b_live,cross,240,DOTUSDT,btc_minus_own_15,0,0.0
1b_live,cross,240,DOTUSDT,eth_minus_own_15,0,0.0
1b_live,cross,240,DOTUSDT,own_ret_30,0,0.0
1b_live,cross,240,DOTUSDT,btc_ret_30,0,0.0
1b_live,cross,240,DOTUSDT,eth_ret_30,0,0.0
1b_live,cross,240,DOTUSDT,mkt_ret_30,0,0.0
1b_live,cross,240,DOTUSDT,breadth_30,0,0.0
1b_live,cross,240,DOTUSDT,disp_30,0,0.0
1b_live,cross,240,DOTUSDT,relstr_30,0,0.0
1b_live,cross,240,DOTUSDT,rank_30,0,0.0
1b_live,cross,240,DOTUSDT,btc_minus_own_30,0,0.0
1b_live,cross,240,DOTUSDT,eth_minus_own_30,0,0.0
1b_live,cross,240,DOTUSDT,own_ret_60,0,0.0
1b_live,cross,240,DOTUSDT,btc_ret_60,0,0.0
1b_live,cross,240,DOTUSDT,eth_ret_60,0,0.0
1b_live,cross,240,DOTUSDT,mkt_ret_60,0,0.0
1b_live,cross,240,DOTUSDT,breadth_60,0,0.0
1b_live,cross,240,DOTUSDT,disp_60,0,0.0
1b_live,cross,240,DOTUSDT,relstr_60,0,0.0
1b_live,cross,240,DOTUSDT,rank_60,0,0.0
1b_live,cross,240,DOTUSDT,btc_minus_own_60,0,0.0
1b_live,cross,240,DOTUSDT,eth_minus_own_60,0,0.0
1b_live,cross,240,DOTUSDT,own_ret_180,0,0.0
1b_live,cross,240,DOTUSDT,btc_ret_180,0,0.0
1b_live,cross,240,DOTUSDT,eth_ret_180,0,0.0
1b_live,cross,240,DOTUSDT,mkt_ret_180,0,0.0
1b_live,cross,240,DOTUSDT,breadth_180,0,0.0
1b_live,cross,240,DOTUSDT,disp_180,0,0.0
1b_live,cross,240,DOTUSDT,relstr_180,0,0.0
1b_live,cross,240,DOTUSDT,rank_180,0,0.0
1b_live,cross,240,DOTUSDT,btc_minus_own_180,0,0.0
1b_live,cross,240,DOTUSDT,eth_minus_own_180,0,0.0
1b_live,cross,240,DOTUSDT,own_ret_360,0,0.0
1b_live,cross,240,DOTUSDT,btc_ret_360,0,0.0
1b_live,cross,240,DOTUSDT,eth_ret_360,0,0.0
1b_live,cross,240,DOTUSDT,mkt_ret_360,0,0.0
1b_live,cross,240,DOTUSDT,breadth_360,0,0.0
1b_live,cross,240,DOTUSDT,disp_360,0,0.0
1b_live,cross,240,DOTUSDT,relstr_360,0,0.0
1b_live,cross,240,DOTUSDT,rank_360,0,0.0
1b_live,cross,240,DOTUSDT,btc_minus_own_360,0,0.0
1b_live,cross,240,DOTUSDT,eth_minus_own_360,0,0.0
1b_live,cross,240,DOTUSDT,own_ret_720,0,0.0
1b_live,cross,240,DOTUSDT,btc_ret_720,0,0.0
1b_live,cross,240,DOTUSDT,eth_ret_720,0,0.0
1b_live,cross,240,DOTUSDT,mkt_ret_720,0,0.0
1b_live,cross,240,DOTUSDT,breadth_720,0,0.0
1b_live,cross,240,DOTUSDT,disp_720,0,0.0
1b_live,cross,240,DOTUSDT,relstr_720,0,0.0
1b_live,cross,240,DOTUSDT,rank_720,0,0.0
1b_live,cross,240,DOTUSDT,btc_minus_own_720,0,0.0
1b_live,cross,240,DOTUSDT,eth_minus_own_720,0,0.0
1b_live,cross,240,DOTUSDT,own_ret_1440,0,0.0
1b_live,cross,240,DOTUSDT,btc_ret_1440,0,0.0
1b_live,cross,240,DOTUSDT,eth_ret_1440,0,0.0
1b_live,cross,240,DOTUSDT,mkt_ret_1440,0,0.0
1b_live,cross,240,DOTUSDT,breadth_1440,0,0.0
1b_live,cross,240,DOTUSDT,disp_1440,0,0.0
1b_live,cross,240,DOTUSDT,relstr_1440,0,0.0
1b_live,cross,240,DOTUSDT,rank_1440,0,0.0
1b_live,cross,240,DOTUSDT,btc_minus_own_1440,0,0.0
1b_live,cross,240,DOTUSDT,eth_minus_own_1440,0,0.0
1b_live,micro,240,ETHUSDT,rskew_30,0,3.9334256740630735e-08
1b_live,micro,240,ETHUSDT,rskew_30_xrank,0,0.0
1b_live,micro,240,ETHUSDT,rkurt_30,0,2.161338670703117e-06
1b_live,micro,240,ETHUSDT,rkurt_30_xrank,0,0.0
1b_live,micro,240,ETHUSDT,roll_30,0,0.0
1b_live,micro,240,ETHUSDT,roll_30_xrank,0,0.0
1b_live,micro,240,ETHUSDT,amihud_30,0,0.0
1b_live,micro,240,ETHUSDT,amihud_30_xrank,0,0.0
1b_live,micro,240,ETHUSDT,kyle_30,0,0.0
1b_live,micro,240,ETHUSDT,kyle_30_xrank,0,0.0
1b_live,micro,240,ETHUSDT,vpin_30,0,0.0
1b_live,micro,240,ETHUSDT,vpin_30_xrank,0,0.0
1b_live,micro,240,ETHUSDT,jump_30,0,0.0
1b_live,micro,240,ETHUSDT,jump_30_xrank,0,0.0
1b_live,micro,240,ETHUSDT,vratio_30,0,0.0
1b_live,micro,240,ETHUSDT,vratio_30_xrank,0,0.0
1b_live,micro,240,ETHUSDT,cvd_slope_30,0,0.0
1b_live,micro,240,ETHUSDT,cvd_slope_30_xrank,0,0.0
1b_live,micro,240,ETHUSDT,signac_30,0,0.0
1b_live,micro,240,ETHUSDT,signac_30_xrank,0,0.0
1b_live,micro,240,ETHUSDT,sflow_30,0,0.0
1b_live,micro,240,ETHUSDT,sflow_30_xrank,0,0.0
1b_live,micro,240,ETHUSDT,rskew_120,0,2.0102873532490406e-10
1b_live,micro,240,ETHUSDT,rskew_120_xrank,0,0.0
1b_live,micro,240,ETHUSDT,rkurt_120,0,1.065345927031558e-07
1b_live,micro,240,ETHUSDT,rkurt_120_xrank,0,0.0
1b_live,micro,240,ETHUSDT,roll_120,0,0.0
1b_live,micro,240,ETHUSDT,roll_120_xrank,0,0.0
1b_live,micro,240,ETHUSDT,amihud_120,0,0.0
1b_live,micro,240,ETHUSDT,amihud_120_xrank,0,0.0
1b_live,micro,240,ETHUSDT,kyle_120,0,0.0
1b_live,micro,240,ETHUSDT,kyle_120_xrank,0,0.0
1b_live,micro,240,ETHUSDT,vpin_120,0,0.0
1b_live,micro,240,ETHUSDT,vpin_120_xrank,0,0.0
1b_live,micro,240,ETHUSDT,jump_120,0,1.548838746145975e-08
1b_live,micro,240,ETHUSDT,jump_120_xrank,0,0.0
1b_live,micro,240,ETHUSDT,vratio_120,0,0.0
1b_live,micro,240,ETHUSDT,vratio_120_xrank,0,0.0
1b_live,micro,240,ETHUSDT,cvd_slope_120,0,0.0
1b_live,micro,240,ETHUSDT,cvd_slope_120_xrank,0,0.0
1b_live,micro,240,ETHUSDT,signac_120,0,0.0
1b_live,micro,240,ETHUSDT,signac_120_xrank,0,0.0
1b_live,micro,240,ETHUSDT,sflow_120,0,0.0
1b_live,micro,240,ETHUSDT,sflow_120_xrank,0,0.0
1b_live,micro,240,ETHUSDT,rskew_480,0,4.12061718080281e-09
1b_live,micro,240,ETHUSDT,rskew_480_xrank,0,0.0
1b_live,micro,240,ETHUSDT,rkurt_480,0,5.25919965355115e-08
1b_live,micro,240,ETHUSDT,rkurt_480_xrank,0,0.0
1b_live,micro,240,ETHUSDT,roll_480,0,0.0
1b_live,micro,240,ETHUSDT,roll_480_xrank,0,0.0
1b_live,micro,240,ETHUSDT,amihud_480,0,0.0
1b_live,micro,240,ETHUSDT,amihud_480_xrank,0,0.0
1b_live,micro,240,ETHUSDT,kyle_480,0,0.0
1b_live,micro,240,ETHUSDT,kyle_480_xrank,0,0.0
1b_live,micro,240,ETHUSDT,vpin_480,0,0.0
1b_live,micro,240,ETHUSDT,vpin_480_xrank,0,0.0
1b_live,micro,240,ETHUSDT,jump_480,0,3.627751710144622e-10
1b_live,micro,240,ETHUSDT,jump_480_xrank,0,0.0
1b_live,micro,240,ETHUSDT,vratio_480,0,0.0
1b_live,micro,240,ETHUSDT,vratio_480_xrank,0,0.0
1b_live,micro,240,ETHUSDT,cvd_slope_480,0,0.0
1b_live,micro,240,ETHUSDT,cvd_slope_480_xrank,0,0.0
1b_live,micro,240,ETHUSDT,signac_480,0,0.0
1b_live,micro,240,ETHUSDT,signac_480_xrank,0,0.0
1b_live,micro,240,ETHUSDT,sflow_480,0,0.0
1b_live,micro,240,ETHUSDT,sflow_480_xrank,0,0.0
1b_live,cross,240,ETHUSDT,own_ret_1,0,0.0
1b_live,cross,240,ETHUSDT,btc_ret_1,0,0.0
1b_live,cross,240,ETHUSDT,eth_ret_1,0,0.0
1b_live,cross,240,ETHUSDT,mkt_ret_1,0,0.0
1b_live,cross,240,ETHUSDT,breadth_1,0,0.0
1b_live,cross,240,ETHUSDT,disp_1,0,0.0
1b_live,cross,240,ETHUSDT,relstr_1,0,0.0
1b_live,cross,240,ETHUSDT,rank_1,0,0.0
1b_live,cross,240,ETHUSDT,btc_minus_own_1,0,0.0
1b_live,cross,240,ETHUSDT,eth_minus_own_1,0,0.0
1b_live,cross,240,ETHUSDT,own_ret_5,0,0.0
1b_live,cross,240,ETHUSDT,btc_ret_5,0,0.0
1b_live,cross,240,ETHUSDT,eth_ret_5,0,0.0
1b_live,cross,240,ETHUSDT,mkt_ret_5,0,0.0
1b_live,cross,240,ETHUSDT,breadth_5,0,0.0
1b_live,cross,240,ETHUSDT,disp_5,0,0.0
1b_live,cross,240,ETHUSDT,relstr_5,0,0.0
1b_live,cross,240,ETHUSDT,rank_5,0,0.0
1b_live,cross,240,ETHUSDT,btc_minus_own_5,0,0.0
1b_live,cross,240,ETHUSDT,eth_minus_own_5,0,0.0
1b_live,cross,240,ETHUSDT,own_ret_15,0,0.0
1b_live,cross,240,ETHUSDT,btc_ret_15,0,0.0
1b_live,cross,240,ETHUSDT,eth_ret_15,0,0.0
1b_live,cross,240,ETHUSDT,mkt_ret_15,0,0.0
1b_live,cross,240,ETHUSDT,breadth_15,0,0.0
1b_live,cross,240,ETHUSDT,disp_15,0,0.0
1b_live,cross,240,ETHUSDT,relstr_15,0,0.0
1b_live,cross,240,ETHUSDT,rank_15,0,0.0
1b_live,cross,240,ETHUSDT,btc_minus_own_15,0,0.0
1b_live,cross,240,ETHUSDT,eth_minus_own_15,0,0.0
1b_live,cross,240,ETHUSDT,own_ret_30,0,0.0
1b_live,cross,240,ETHUSDT,btc_ret_30,0,0.0
1b_live,cross,240,ETHUSDT,eth_ret_30,0,0.0
1b_live,cross,240,ETHUSDT,mkt_ret_30,0,0.0
1b_live,cross,240,ETHUSDT,breadth_30,0,0.0
1b_live,cross,240,ETHUSDT,disp_30,0,0.0
1b_live,cross,240,ETHUSDT,relstr_30,0,0.0
1b_live,cross,240,ETHUSDT,rank_30,0,0.0
1b_live,cross,240,ETHUSDT,btc_minus_own_30,0,0.0
1b_live,cross,240,ETHUSDT,eth_minus_own_30,0,0.0
1b_live,cross,240,ETHUSDT,own_ret_60,0,0.0
1b_live,cross,240,ETHUSDT,btc_ret_60,0,0.0
1b_live,cross,240,ETHUSDT,eth_ret_60,0,0.0
1b_live,cross,240,ETHUSDT,mkt_ret_60,0,0.0
1b_live,cross,240,ETHUSDT,breadth_60,0,0.0
1b_live,cross,240,ETHUSDT,disp_60,0,0.0
1b_live,cross,240,ETHUSDT,relstr_60,0,0.0
1b_live,cross,240,ETHUSDT,rank_60,0,0.0
1b_live,cross,240,ETHUSDT,btc_minus_own_60,0,0.0
1b_live,cross,240,ETHUSDT,eth_minus_own_60,0,0.0
1b_live,cross,240,ETHUSDT,own_ret_180,0,0.0
1b_live,cross,240,ETHUSDT,btc_ret_180,0,0.0
1b_live,cross,240,ETHUSDT,eth_ret_180,0,0.0
1b_live,cross,240,ETHUSDT,mkt_ret_180,0,0.0
1b_live,cross,240,ETHUSDT,breadth_180,0,0.0
1b_live,cross,240,ETHUSDT,disp_180,0,0.0
1b_live,cross,240,ETHUSDT,relstr_180,0,0.0
1b_live,cross,240,ETHUSDT,rank_180,0,0.0
1b_live,cross,240,ETHUSDT,btc_minus_own_180,0,0.0
1b_live,cross,240,ETHUSDT,eth_minus_own_180,0,0.0
1b_live,cross,240,ETHUSDT,own_ret_360,0,0.0
1b_live,cross,240,ETHUSDT,btc_ret_360,0,0.0
1b_live,cross,240,ETHUSDT,eth_ret_360,0,0.0
1b_live,cross,240,ETHUSDT,mkt_ret_360,0,0.0
1b_live,cross,240,ETHUSDT,breadth_360,0,0.0
1b_live,cross,240,ETHUSDT,disp_360,0,0.0
1b_live,cross,240,ETHUSDT,relstr_360,0,0.0
1b_live,cross,240,ETHUSDT,rank_360,0,0.0
1b_live,cross,240,ETHUSDT,btc_minus_own_360,0,0.0
1b_live,cross,240,ETHUSDT,eth_minus_own_360,0,0.0
1b_live,cross,240,ETHUSDT,own_ret_720,0,0.0
1b_live,cross,240,ETHUSDT,btc_ret_720,0,0.0
1b_live,cross,240,ETHUSDT,eth_ret_720,0,0.0
1b_live,cross,240,ETHUSDT,mkt_ret_720,0,0.0
1b_live,cross,240,ETHUSDT,breadth_720,0,0.0
1b_live,cross,240,ETHUSDT,disp_720,0,0.0
1b_live,cross,240,ETHUSDT,relstr_720,0,0.0
1b_live,cross,240,ETHUSDT,rank_720,0,0.0
1b_live,cross,240,ETHUSDT,btc_minus_own_720,0,0.0
1b_live,cross,240,ETHUSDT,eth_minus_own_720,0,0.0
1b_live,cross,240,ETHUSDT,own_ret_1440,0,0.0
1b_live,cross,240,ETHUSDT,btc_ret_1440,0,0.0
1b_live,cross,240,ETHUSDT,eth_ret_1440,0,0.0
1b_live,cross,240,ETHUSDT,mkt_ret_1440,0,0.0
1b_live,cross,240,ETHUSDT,breadth_1440,0,0.0
1b_live,cross,240,ETHUSDT,disp_1440,0,0.0
1b_live,cross,240,ETHUSDT,relstr_1440,0,0.0
1b_live,cross,240,ETHUSDT,rank_1440,0,0.0
1b_live,cross,240,ETHUSDT,btc_minus_own_1440,0,0.0
1b_live,cross,240,ETHUSDT,eth_minus_own_1440,0,0.0
1b_live,micro,240,LINKUSDT,rskew_30,0,0.0
1b_live,micro,240,LINKUSDT,rskew_30_xrank,0,0.0
1b_live,micro,240,LINKUSDT,rkurt_30,0,6.187548819980293e-07
1b_live,micro,240,LINKUSDT,rkurt_30_xrank,0,0.0
1b_live,micro,240,LINKUSDT,roll_30,0,0.0
1b_live,micro,240,LINKUSDT,roll_30_xrank,0,0.0
1b_live,micro,240,LINKUSDT,amihud_30,0,0.0
1b_live,micro,240,LINKUSDT,amihud_30_xrank,0,0.0
1b_live,micro,240,LINKUSDT,kyle_30,0,4.2054910665001444e-08
1b_live,micro,240,LINKUSDT,kyle_30_xrank,0,0.0
1b_live,micro,240,LINKUSDT,vpin_30,0,0.0
1b_live,micro,240,LINKUSDT,vpin_30_xrank,0,0.0
1b_live,micro,240,LINKUSDT,jump_30,0,0.0
1b_live,micro,240,LINKUSDT,jump_30_xrank,0,0.0
1b_live,micro,240,LINKUSDT,vratio_30,0,0.0
1b_live,micro,240,LINKUSDT,vratio_30_xrank,0,0.0
1b_live,micro,240,LINKUSDT,cvd_slope_30,0,0.0
1b_live,micro,240,LINKUSDT,cvd_slope_30_xrank,0,0.0
1b_live,micro,240,LINKUSDT,signac_30,0,0.0
1b_live,micro,240,LINKUSDT,signac_30_xrank,0,0.0
1b_live,micro,240,LINKUSDT,sflow_30,0,0.0
1b_live,micro,240,LINKUSDT,sflow_30_xrank,0,0.0
1b_live,micro,240,LINKUSDT,rskew_120,0,1.2374057507813507e-11
1b_live,micro,240,LINKUSDT,rskew_120_xrank,0,0.0
1b_live,micro,240,LINKUSDT,rkurt_120,0,2.3148770011971465e-08
1b_live,micro,240,LINKUSDT,rkurt_120_xrank,0,0.0
1b_live,micro,240,LINKUSDT,roll_120,0,0.0
1b_live,micro,240,LINKUSDT,roll_120_xrank,0,0.0
1b_live,micro,240,LINKUSDT,amihud_120,0,0.0
1b_live,micro,240,LINKUSDT,amihud_120_xrank,0,0.0
1b_live,micro,240,LINKUSDT,kyle_120,0,0.0
1b_live,micro,240,LINKUSDT,kyle_120_xrank,0,0.0
1b_live,micro,240,LINKUSDT,vpin_120,0,0.0
1b_live,micro,240,LINKUSDT,vpin_120_xrank,0,0.0
1b_live,micro,240,LINKUSDT,jump_120,0,3.811639359696528e-08
1b_live,micro,240,LINKUSDT,jump_120_xrank,0,0.0
1b_live,micro,240,LINKUSDT,vratio_120,0,0.0
1b_live,micro,240,LINKUSDT,vratio_120_xrank,0,0.0
1b_live,micro,240,LINKUSDT,cvd_slope_120,0,8.909871240803113e-08
1b_live,micro,240,LINKUSDT,cvd_slope_120_xrank,0,0.0
1b_live,micro,240,LINKUSDT,signac_120,0,0.0
1b_live,micro,240,LINKUSDT,signac_120_xrank,0,0.0
1b_live,micro,240,LINKUSDT,sflow_120,0,1.3839164481055377e-08
1b_live,micro,240,LINKUSDT,sflow_120_xrank,0,0.0
1b_live,micro,240,LINKUSDT,rskew_480,0,0.0
1b_live,micro,240,LINKUSDT,rskew_480_xrank,0,0.0
1b_live,micro,240,LINKUSDT,rkurt_480,0,2.8048200206853835e-08
1b_live,micro,240,LINKUSDT,rkurt_480_xrank,0,0.0
1b_live,micro,240,LINKUSDT,roll_480,0,0.0
1b_live,micro,240,LINKUSDT,roll_480_xrank,0,0.0
1b_live,micro,240,LINKUSDT,amihud_480,0,0.0
1b_live,micro,240,LINKUSDT,amihud_480_xrank,0,0.0
1b_live,micro,240,LINKUSDT,kyle_480,0,0.0
1b_live,micro,240,LINKUSDT,kyle_480_xrank,0,0.0
1b_live,micro,240,LINKUSDT,vpin_480,0,0.0
1b_live,micro,240,LINKUSDT,vpin_480_xrank,0,0.0
1b_live,micro,240,LINKUSDT,jump_480,0,1.7065547197603337e-08
1b_live,micro,240,LINKUSDT,jump_480_xrank,0,0.0
1b_live,micro,240,LINKUSDT,vratio_480,0,0.0
1b_live,micro,240,LINKUSDT,vratio_480_xrank,0,0.0
1b_live,micro,240,LINKUSDT,cvd_slope_480,0,9.613481921633138e-08
1b_live,micro,240,LINKUSDT,cvd_slope_480_xrank,0,0.0
1b_live,micro,240,LINKUSDT,signac_480,0,0.0
1b_live,micro,240,LINKUSDT,signac_480_xrank,0,0.0
1b_live,micro,240,LINKUSDT,sflow_480,0,0.0
1b_live,micro,240,LINKUSDT,sflow_480_xrank,0,0.0
1b_live,cross,240,LINKUSDT,own_ret_1,0,0.0
1b_live,cross,240,LINKUSDT,btc_ret_1,0,0.0
1b_live,cross,240,LINKUSDT,eth_ret_1,0,0.0
1b_live,cross,240,LINKUSDT,mkt_ret_1,0,0.0
1b_live,cross,240,LINKUSDT,breadth_1,0,0.0
1b_live,cross,240,LINKUSDT,disp_1,0,0.0
1b_live,cross,240,LINKUSDT,relstr_1,0,0.0
1b_live,cross,240,LINKUSDT,rank_1,0,0.0
1b_live,cross,240,LINKUSDT,btc_minus_own_1,0,0.0
1b_live,cross,240,LINKUSDT,eth_minus_own_1,0,0.0
1b_live,cross,240,LINKUSDT,own_ret_5,0,0.0
1b_live,cross,240,LINKUSDT,btc_ret_5,0,0.0
1b_live,cross,240,LINKUSDT,eth_ret_5,0,0.0
1b_live,cross,240,LINKUSDT,mkt_ret_5,0,0.0
1b_live,cross,240,LINKUSDT,breadth_5,0,0.0
1b_live,cross,240,LINKUSDT,disp_5,0,0.0
1b_live,cross,240,LINKUSDT,relstr_5,0,0.0
1b_live,cross,240,LINKUSDT,rank_5,0,0.0
1b_live,cross,240,LINKUSDT,btc_minus_own_5,0,0.0
1b_live,cross,240,LINKUSDT,eth_minus_own_5,0,0.0
1b_live,cross,240,LINKUSDT,own_ret_15,0,0.0
1b_live,cross,240,LINKUSDT,btc_ret_15,0,0.0
1b_live,cross,240,LINKUSDT,eth_ret_15,0,0.0
1b_live,cross,240,LINKUSDT,mkt_ret_15,0,0.0
1b_live,cross,240,LINKUSDT,breadth_15,0,0.0
1b_live,cross,240,LINKUSDT,disp_15,0,0.0
1b_live,cross,240,LINKUSDT,relstr_15,0,0.0
1b_live,cross,240,LINKUSDT,rank_15,0,0.0
1b_live,cross,240,LINKUSDT,btc_minus_own_15,0,0.0
1b_live,cross,240,LINKUSDT,eth_minus_own_15,0,0.0
1b_live,cross,240,LINKUSDT,own_ret_30,0,0.0
1b_live,cross,240,LINKUSDT,btc_ret_30,0,0.0
1b_live,cross,240,LINKUSDT,eth_ret_30,0,0.0
1b_live,cross,240,LINKUSDT,mkt_ret_30,0,0.0
1b_live,cross,240,LINKUSDT,breadth_30,0,0.0
1b_live,cross,240,LINKUSDT,disp_30,0,0.0
1b_live,cross,240,LINKUSDT,relstr_30,0,0.0
1b_live,cross,240,LINKUSDT,rank_30,0,0.0
1b_live,cross,240,LINKUSDT,btc_minus_own_30,0,0.0
1b_live,cross,240,LINKUSDT,eth_minus_own_30,0,0.0
1b_live,cross,240,LINKUSDT,own_ret_60,0,0.0
1b_live,cross,240,LINKUSDT,btc_ret_60,0,0.0
1b_live,cross,240,LINKUSDT,eth_ret_60,0,0.0
1b_live,cross,240,LINKUSDT,mkt_ret_60,0,0.0
1b_live,cross,240,LINKUSDT,breadth_60,0,0.0
1b_live,cross,240,LINKUSDT,disp_60,0,0.0
1b_live,cross,240,LINKUSDT,relstr_60,0,0.0
1b_live,cross,240,LINKUSDT,rank_60,0,0.0
1b_live,cross,240,LINKUSDT,btc_minus_own_60,0,0.0
1b_live,cross,240,LINKUSDT,eth_minus_own_60,0,0.0
1b_live,cross,240,LINKUSDT,own_ret_180,0,0.0
1b_live,cross,240,LINKUSDT,btc_ret_180,0,0.0
1b_live,cross,240,LINKUSDT,eth_ret_180,0,0.0
1b_live,cross,240,LINKUSDT,mkt_ret_180,0,0.0
1b_live,cross,240,LINKUSDT,breadth_180,0,0.0
1b_live,cross,240,LINKUSDT,disp_180,0,0.0
1b_live,cross,240,LINKUSDT,relstr_180,0,0.0
1b_live,cross,240,LINKUSDT,rank_180,0,0.0
1b_live,cross,240,LINKUSDT,btc_minus_own_180,0,0.0
1b_live,cross,240,LINKUSDT,eth_minus_own_180,0,0.0
1b_live,cross,240,LINKUSDT,own_ret_360,0,0.0
1b_live,cross,240,LINKUSDT,btc_ret_360,0,0.0
1b_live,cross,240,LINKUSDT,eth_ret_360,0,0.0
1b_live,cross,240,LINKUSDT,mkt_ret_360,0,0.0
1b_live,cross,240,LINKUSDT,breadth_360,0,0.0
1b_live,cross,240,LINKUSDT,disp_360,0,0.0
1b_live,cross,240,LINKUSDT,relstr_360,0,0.0
1b_live,cross,240,LINKUSDT,rank_360,0,0.0
1b_live,cross,240,LINKUSDT,btc_minus_own_360,0,0.0
1b_live,cross,240,LINKUSDT,eth_minus_own_360,0,0.0
1b_live,cross,240,LINKUSDT,own_ret_720,0,0.0
1b_live,cross,240,LINKUSDT,btc_ret_720,0,0.0
1b_live,cross,240,LINKUSDT,eth_ret_720,0,0.0
1b_live,cross,240,LINKUSDT,mkt_ret_720,0,0.0
1b_live,cross,240,LINKUSDT,breadth_720,0,0.0
1b_live,cross,240,LINKUSDT,disp_720,0,0.0
1b_live,cross,240,LINKUSDT,relstr_720,0,0.0
1b_live,cross,240,LINKUSDT,rank_720,0,0.0
1b_live,cross,240,LINKUSDT,btc_minus_own_720,0,0.0
1b_live,cross,240,LINKUSDT,eth_minus_own_720,0,0.0
1b_live,cross,240,LINKUSDT,own_ret_1440,0,0.0
1b_live,cross,240,LINKUSDT,btc_ret_1440,0,0.0
1b_live,cross,240,LINKUSDT,eth_ret_1440,0,0.0
1b_live,cross,240,LINKUSDT,mkt_ret_1440,0,0.0
1b_live,cross,240,LINKUSDT,breadth_1440,0,0.0
1b_live,cross,240,LINKUSDT,disp_1440,0,0.0
1b_live,cross,240,LINKUSDT,relstr_1440,0,0.0
1b_live,cross,240,LINKUSDT,rank_1440,0,0.0
1b_live,cross,240,LINKUSDT,btc_minus_own_1440,0,0.0
1b_live,cross,240,LINKUSDT,eth_minus_own_1440,0,0.0
1b_live,micro,240,SOLUSDT,rskew_30,0,6.627159376826341e-10
1b_live,micro,240,SOLUSDT,rskew_30_xrank,0,0.0
1b_live,micro,240,SOLUSDT,rkurt_30,0,2.3973004203980963e-07
1b_live,micro,240,SOLUSDT,rkurt_30_xrank,0,0.0
1b_live,micro,240,SOLUSDT,roll_30,0,0.0
1b_live,micro,240,SOLUSDT,roll_30_xrank,0,0.0
1b_live,micro,240,SOLUSDT,amihud_30,0,0.0
1b_live,micro,240,SOLUSDT,amihud_30_xrank,0,0.0
1b_live,micro,240,SOLUSDT,kyle_30,0,0.0
1b_live,micro,240,SOLUSDT,kyle_30_xrank,0,0.0
1b_live,micro,240,SOLUSDT,vpin_30,0,0.0
1b_live,micro,240,SOLUSDT,vpin_30_xrank,0,0.0
1b_live,micro,240,SOLUSDT,jump_30,0,3.1183747251084526e-10
1b_live,micro,240,SOLUSDT,jump_30_xrank,0,0.0
1b_live,micro,240,SOLUSDT,vratio_30,0,3.100131351629898e-08
1b_live,micro,240,SOLUSDT,vratio_30_xrank,0,0.0
1b_live,micro,240,SOLUSDT,cvd_slope_30,0,0.0
1b_live,micro,240,SOLUSDT,cvd_slope_30_xrank,0,0.0
1b_live,micro,240,SOLUSDT,signac_30,0,0.0
1b_live,micro,240,SOLUSDT,signac_30_xrank,0,0.0
1b_live,micro,240,SOLUSDT,sflow_30,0,0.0
1b_live,micro,240,SOLUSDT,sflow_30_xrank,0,0.0
1b_live,micro,240,SOLUSDT,rskew_120,0,0.0
1b_live,micro,240,SOLUSDT,rskew_120_xrank,0,0.0
1b_live,micro,240,SOLUSDT,rkurt_120,0,1.3361952433399438e-08
1b_live,micro,240,SOLUSDT,rkurt_120_xrank,0,0.0
1b_live,micro,240,SOLUSDT,roll_120,0,0.0
1b_live,micro,240,SOLUSDT,roll_120_xrank,0,0.0
1b_live,micro,240,SOLUSDT,amihud_120,0,0.0
1b_live,micro,240,SOLUSDT,amihud_120_xrank,0,0.0
1b_live,micro,240,SOLUSDT,kyle_120,0,0.0
1b_live,micro,240,SOLUSDT,kyle_120_xrank,0,0.0
1b_live,micro,240,SOLUSDT,vpin_120,0,0.0
1b_live,micro,240,SOLUSDT,vpin_120_xrank,0,0.0
1b_live,micro,240,SOLUSDT,jump_120,0,0.0
1b_live,micro,240,SOLUSDT,jump_120_xrank,0,0.0
1b_live,micro,240,SOLUSDT,vratio_120,0,0.0
1b_live,micro,240,SOLUSDT,vratio_120_xrank,0,0.0
1b_live,micro,240,SOLUSDT,cvd_slope_120,0,0.0
1b_live,micro,240,SOLUSDT,cvd_slope_120_xrank,0,0.0
1b_live,micro,240,SOLUSDT,signac_120,0,0.0
1b_live,micro,240,SOLUSDT,signac_120_xrank,0,0.0
1b_live,micro,240,SOLUSDT,sflow_120,0,0.0
1b_live,micro,240,SOLUSDT,sflow_120_xrank,0,0.0
1b_live,micro,240,SOLUSDT,rskew_480,0,0.0
1b_live,micro,240,SOLUSDT,rskew_480_xrank,0,0.0
1b_live,micro,240,SOLUSDT,rkurt_480,0,3.0058632916052375e-08
1b_live,micro,240,SOLUSDT,rkurt_480_xrank,0,0.0
1b_live,micro,240,SOLUSDT,roll_480,0,0.0
1b_live,micro,240,SOLUSDT,roll_480_xrank,0,0.0
1b_live,micro,240,SOLUSDT,amihud_480,0,0.0
1b_live,micro,240,SOLUSDT,amihud_480_xrank,0,0.0
1b_live,micro,240,SOLUSDT,kyle_480,0,0.0
1b_live,micro,240,SOLUSDT,kyle_480_xrank,0,0.0
1b_live,micro,240,SOLUSDT,vpin_480,0,0.0
1b_live,micro,240,SOLUSDT,vpin_480_xrank,0,0.0
1b_live,micro,240,SOLUSDT,jump_480,0,1.1437133906611052e-08
1b_live,micro,240,SOLUSDT,jump_480_xrank,0,0.0
1b_live,micro,240,SOLUSDT,vratio_480,0,0.0
1b_live,micro,240,SOLUSDT,vratio_480_xrank,0,0.0
1b_live,micro,240,SOLUSDT,cvd_slope_480,0,0.0
1b_live,micro,240,SOLUSDT,cvd_slope_480_xrank,0,0.0
1b_live,micro,240,SOLUSDT,signac_480,0,0.0
1b_live,micro,240,SOLUSDT,signac_480_xrank,0,0.0
1b_live,micro,240,SOLUSDT,sflow_480,0,0.0
1b_live,micro,240,SOLUSDT,sflow_480_xrank,0,0.0
1b_live,cross,240,SOLUSDT,own_ret_1,0,0.0
1b_live,cross,240,SOLUSDT,btc_ret_1,0,0.0
1b_live,cross,240,SOLUSDT,eth_ret_1,0,0.0
1b_live,cross,240,SOLUSDT,mkt_ret_1,0,0.0
1b_live,cross,240,SOLUSDT,breadth_1,0,0.0
1b_live,cross,240,SOLUSDT,disp_1,0,0.0
1b_live,cross,240,SOLUSDT,relstr_1,0,0.0
1b_live,cross,240,SOLUSDT,rank_1,0,0.0
1b_live,cross,240,SOLUSDT,btc_minus_own_1,0,0.0
1b_live,cross,240,SOLUSDT,eth_minus_own_1,0,0.0
1b_live,cross,240,SOLUSDT,own_ret_5,0,0.0
1b_live,cross,240,SOLUSDT,btc_ret_5,0,0.0
1b_live,cross,240,SOLUSDT,eth_ret_5,0,0.0
1b_live,cross,240,SOLUSDT,mkt_ret_5,0,0.0
1b_live,cross,240,SOLUSDT,breadth_5,0,0.0
1b_live,cross,240,SOLUSDT,disp_5,0,0.0
1b_live,cross,240,SOLUSDT,relstr_5,0,0.0
1b_live,cross,240,SOLUSDT,rank_5,0,0.0
1b_live,cross,240,SOLUSDT,btc_minus_own_5,0,0.0
1b_live,cross,240,SOLUSDT,eth_minus_own_5,0,0.0
1b_live,cross,240,SOLUSDT,own_ret_15,0,0.0
1b_live,cross,240,SOLUSDT,btc_ret_15,0,0.0
1b_live,cross,240,SOLUSDT,eth_ret_15,0,0.0
1b_live,cross,240,SOLUSDT,mkt_ret_15,0,0.0
1b_live,cross,240,SOLUSDT,breadth_15,0,0.0
1b_live,cross,240,SOLUSDT,disp_15,0,0.0
1b_live,cross,240,SOLUSDT,relstr_15,0,0.0
1b_live,cross,240,SOLUSDT,rank_15,0,0.0
1b_live,cross,240,SOLUSDT,btc_minus_own_15,0,0.0
1b_live,cross,240,SOLUSDT,eth_minus_own_15,0,0.0
1b_live,cross,240,SOLUSDT,own_ret_30,0,0.0
1b_live,cross,240,SOLUSDT,btc_ret_30,0,0.0
1b_live,cross,240,SOLUSDT,eth_ret_30,0,0.0
1b_live,cross,240,SOLUSDT,mkt_ret_30,0,0.0
1b_live,cross,240,SOLUSDT,breadth_30,0,0.0
1b_live,cross,240,SOLUSDT,disp_30,0,0.0
1b_live,cross,240,SOLUSDT,relstr_30,0,0.0
1b_live,cross,240,SOLUSDT,rank_30,0,0.0
1b_live,cross,240,SOLUSDT,btc_minus_own_30,0,0.0
1b_live,cross,240,SOLUSDT,eth_minus_own_30,0,0.0
1b_live,cross,240,SOLUSDT,own_ret_60,0,0.0
1b_live,cross,240,SOLUSDT,btc_ret_60,0,0.0
1b_live,cross,240,SOLUSDT,eth_ret_60,0,0.0
1b_live,cross,240,SOLUSDT,mkt_ret_60,0,0.0
1b_live,cross,240,SOLUSDT,breadth_60,0,0.0
1b_live,cross,240,SOLUSDT,disp_60,0,0.0
1b_live,cross,240,SOLUSDT,relstr_60,0,0.0
1b_live,cross,240,SOLUSDT,rank_60,0,0.0
1b_live,cross,240,SOLUSDT,btc_minus_own_60,0,0.0
1b_live,cross,240,SOLUSDT,eth_minus_own_60,0,0.0
1b_live,cross,240,SOLUSDT,own_ret_180,0,0.0
1b_live,cross,240,SOLUSDT,btc_ret_180,0,0.0
1b_live,cross,240,SOLUSDT,eth_ret_180,0,0.0
1b_live,cross,240,SOLUSDT,mkt_ret_180,0,0.0
1b_live,cross,240,SOLUSDT,breadth_180,0,0.0
1b_live,cross,240,SOLUSDT,disp_180,0,0.0
1b_live,cross,240,SOLUSDT,relstr_180,0,0.0
1b_live,cross,240,SOLUSDT,rank_180,0,0.0
1b_live,cross,240,SOLUSDT,btc_minus_own_180,0,0.0
1b_live,cross,240,SOLUSDT,eth_minus_own_180,0,0.0
1b_live,cross,240,SOLUSDT,own_ret_360,0,0.0
1b_live,cross,240,SOLUSDT,btc_ret_360,0,0.0
1b_live,cross,240,SOLUSDT,eth_ret_360,0,0.0
1b_live,cross,240,SOLUSDT,mkt_ret_360,0,0.0
1b_live,cross,240,SOLUSDT,breadth_360,0,0.0
1b_live,cross,240,SOLUSDT,disp_360,0,0.0
1b_live,cross,240,SOLUSDT,relstr_360,0,0.0
1b_live,cross,240,SOLUSDT,rank_360,0,0.0
1b_live,cross,240,SOLUSDT,btc_minus_own_360,0,0.0
1b_live,cross,240,SOLUSDT,eth_minus_own_360,0,0.0
1b_live,cross,240,SOLUSDT,own_ret_720,0,0.0
1b_live,cross,240,SOLUSDT,btc_ret_720,0,0.0
1b_live,cross,240,SOLUSDT,eth_ret_720,0,0.0
1b_live,cross,240,SOLUSDT,mkt_ret_720,0,0.0
1b_live,cross,240,SOLUSDT,breadth_720,0,0.0
1b_live,cross,240,SOLUSDT,disp_720,0,0.0
1b_live,cross,240,SOLUSDT,relstr_720,0,0.0
1b_live,cross,240,SOLUSDT,rank_720,0,0.0
1b_live,cross,240,SOLUSDT,btc_minus_own_720,0,0.0
1b_live,cross,240,SOLUSDT,eth_minus_own_720,0,0.0
1b_live,cross,240,SOLUSDT,own_ret_1440,0,0.0
1b_live,cross,240,SOLUSDT,btc_ret_1440,0,0.0
1b_live,cross,240,SOLUSDT,eth_ret_1440,0,0.0
1b_live,cross,240,SOLUSDT,mkt_ret_1440,0,0.0
1b_live,cross,240,SOLUSDT,breadth_1440,0,0.0
1b_live,cross,240,SOLUSDT,disp_1440,0,0.0
1b_live,cross,240,SOLUSDT,relstr_1440,0,0.0
1b_live,cross,240,SOLUSDT,rank_1440,0,0.0
1b_live,cross,240,SOLUSDT,btc_minus_own_1440,0,0.0
1b_live,cross,240,SOLUSDT,eth_minus_own_1440,0,0.0
1b_live,micro,240,XRPUSDT,rskew_30,0,6.5312772967729416e-09
1b_live,micro,240,XRPUSDT,rskew_30_xrank,0,0.0
1b_live,micro,240,XRPUSDT,rkurt_30,0,2.0671065215083217e-07
1b_live,micro,240,XRPUSDT,rkurt_30_xrank,0,0.0
1b_live,micro,240,XRPUSDT,roll_30,0,0.0
1b_live,micro,240,XRPUSDT,roll_30_xrank,0,0.0
1b_live,micro,240,XRPUSDT,amihud_30,0,0.0
1b_live,micro,240,XRPUSDT,amihud_30_xrank,0,0.0
1b_live,micro,240,XRPUSDT,kyle_30,0,0.0
1b_live,micro,240,XRPUSDT,kyle_30_xrank,0,0.0
1b_live,micro,240,XRPUSDT,vpin_30,0,0.0
1b_live,micro,240,XRPUSDT,vpin_30_xrank,0,0.0
1b_live,micro,240,XRPUSDT,jump_30,0,1.0086933066588699e-08
1b_live,micro,240,XRPUSDT,jump_30_xrank,0,0.0
1b_live,micro,240,XRPUSDT,vratio_30,0,0.0
1b_live,micro,240,XRPUSDT,vratio_30_xrank,0,0.0
1b_live,micro,240,XRPUSDT,cvd_slope_30,0,0.0
1b_live,micro,240,XRPUSDT,cvd_slope_30_xrank,0,0.0
1b_live,micro,240,XRPUSDT,signac_30,0,0.0
1b_live,micro,240,XRPUSDT,signac_30_xrank,0,0.0
1b_live,micro,240,XRPUSDT,sflow_30,0,0.0
1b_live,micro,240,XRPUSDT,sflow_30_xrank,0,0.0
1b_live,micro,240,XRPUSDT,rskew_120,0,0.0
1b_live,micro,240,XRPUSDT,rskew_120_xrank,0,0.0
1b_live,micro,240,XRPUSDT,rkurt_120,0,9.315538562759684e-09
1b_live,micro,240,XRPUSDT,rkurt_120_xrank,0,0.0
1b_live,micro,240,XRPUSDT,roll_120,0,0.0
1b_live,micro,240,XRPUSDT,roll_120_xrank,0,0.0
1b_live,micro,240,XRPUSDT,amihud_120,0,0.0
1b_live,micro,240,XRPUSDT,amihud_120_xrank,0,0.0
1b_live,micro,240,XRPUSDT,kyle_120,0,0.0
1b_live,micro,240,XRPUSDT,kyle_120_xrank,0,0.0
1b_live,micro,240,XRPUSDT,vpin_120,0,0.0
1b_live,micro,240,XRPUSDT,vpin_120_xrank,0,0.0
1b_live,micro,240,XRPUSDT,jump_120,0,4.806744446916866e-10
1b_live,micro,240,XRPUSDT,jump_120_xrank,0,0.0
1b_live,micro,240,XRPUSDT,vratio_120,0,0.0
1b_live,micro,240,XRPUSDT,vratio_120_xrank,0,0.0
1b_live,micro,240,XRPUSDT,cvd_slope_120,0,0.0
1b_live,micro,240,XRPUSDT,cvd_slope_120_xrank,0,0.0
1b_live,micro,240,XRPUSDT,signac_120,0,0.0
1b_live,micro,240,XRPUSDT,signac_120_xrank,0,0.0
1b_live,micro,240,XRPUSDT,sflow_120,0,0.0
1b_live,micro,240,XRPUSDT,sflow_120_xrank,0,0.0
1b_live,micro,240,XRPUSDT,rskew_480,0,0.0
1b_live,micro,240,XRPUSDT,rskew_480_xrank,0,0.0
1b_live,micro,240,XRPUSDT,rkurt_480,0,0.0
1b_live,micro,240,XRPUSDT,rkurt_480_xrank,0,0.0
1b_live,micro,240,XRPUSDT,roll_480,0,0.0
1b_live,micro,240,XRPUSDT,roll_480_xrank,0,0.0
1b_live,micro,240,XRPUSDT,amihud_480,0,0.0
1b_live,micro,240,XRPUSDT,amihud_480_xrank,0,0.0
1b_live,micro,240,XRPUSDT,kyle_480,0,0.0
1b_live,micro,240,XRPUSDT,kyle_480_xrank,0,0.0
1b_live,micro,240,XRPUSDT,vpin_480,0,0.0
1b_live,micro,240,XRPUSDT,vpin_480_xrank,0,0.0
1b_live,micro,240,XRPUSDT,jump_480,0,2.69441052802577e-10
1b_live,micro,240,XRPUSDT,jump_480_xrank,0,0.0
1b_live,micro,240,XRPUSDT,vratio_480,0,0.0
1b_live,micro,240,XRPUSDT,vratio_480_xrank,0,0.0
1b_live,micro,240,XRPUSDT,cvd_slope_480,0,0.0
1b_live,micro,240,XRPUSDT,cvd_slope_480_xrank,0,0.0
1b_live,micro,240,XRPUSDT,signac_480,0,0.0
1b_live,micro,240,XRPUSDT,signac_480_xrank,0,0.0
1b_live,micro,240,XRPUSDT,sflow_480,0,0.0
1b_live,micro,240,XRPUSDT,sflow_480_xrank,0,0.0
1b_live,cross,240,XRPUSDT,own_ret_1,0,0.0
1b_live,cross,240,XRPUSDT,btc_ret_1,0,0.0
1b_live,cross,240,XRPUSDT,eth_ret_1,0,0.0
1b_live,cross,240,XRPUSDT,mkt_ret_1,0,0.0
1b_live,cross,240,XRPUSDT,breadth_1,0,0.0
1b_live,cross,240,XRPUSDT,disp_1,0,0.0
1b_live,cross,240,XRPUSDT,relstr_1,0,0.0
1b_live,cross,240,XRPUSDT,rank_1,0,0.0
1b_live,cross,240,XRPUSDT,btc_minus_own_1,0,0.0
1b_live,cross,240,XRPUSDT,eth_minus_own_1,0,0.0
1b_live,cross,240,XRPUSDT,own_ret_5,0,0.0
1b_live,cross,240,XRPUSDT,btc_ret_5,0,0.0
1b_live,cross,240,XRPUSDT,eth_ret_5,0,0.0
1b_live,cross,240,XRPUSDT,mkt_ret_5,0,0.0
1b_live,cross,240,XRPUSDT,breadth_5,0,0.0
1b_live,cross,240,XRPUSDT,disp_5,0,0.0
1b_live,cross,240,XRPUSDT,relstr_5,0,0.0
1b_live,cross,240,XRPUSDT,rank_5,0,0.0
1b_live,cross,240,XRPUSDT,btc_minus_own_5,0,0.0
1b_live,cross,240,XRPUSDT,eth_minus_own_5,0,0.0
1b_live,cross,240,XRPUSDT,own_ret_15,0,0.0
1b_live,cross,240,XRPUSDT,btc_ret_15,0,0.0
1b_live,cross,240,XRPUSDT,eth_ret_15,0,0.0
1b_live,cross,240,XRPUSDT,mkt_ret_15,0,0.0
1b_live,cross,240,XRPUSDT,breadth_15,0,0.0
1b_live,cross,240,XRPUSDT,disp_15,0,0.0
1b_live,cross,240,XRPUSDT,relstr_15,0,0.0
1b_live,cross,240,XRPUSDT,rank_15,0,0.0
1b_live,cross,240,XRPUSDT,btc_minus_own_15,0,0.0
1b_live,cross,240,XRPUSDT,eth_minus_own_15,0,0.0
1b_live,cross,240,XRPUSDT,own_ret_30,0,0.0
1b_live,cross,240,XRPUSDT,btc_ret_30,0,0.0
1b_live,cross,240,XRPUSDT,eth_ret_30,0,0.0
1b_live,cross,240,XRPUSDT,mkt_ret_30,0,0.0
1b_live,cross,240,XRPUSDT,breadth_30,0,0.0
1b_live,cross,240,XRPUSDT,disp_30,0,0.0
1b_live,cross,240,XRPUSDT,relstr_30,0,0.0
1b_live,cross,240,XRPUSDT,rank_30,0,0.0
1b_live,cross,240,XRPUSDT,btc_minus_own_30,0,0.0
1b_live,cross,240,XRPUSDT,eth_minus_own_30,0,0.0
1b_live,cross,240,XRPUSDT,own_ret_60,0,0.0
1b_live,cross,240,XRPUSDT,btc_ret_60,0,0.0
1b_live,cross,240,XRPUSDT,eth_ret_60,0,0.0
1b_live,cross,240,XRPUSDT,mkt_ret_60,0,0.0
1b_live,cross,240,XRPUSDT,breadth_60,0,0.0
1b_live,cross,240,XRPUSDT,disp_60,0,0.0
1b_live,cross,240,XRPUSDT,relstr_60,0,0.0
1b_live,cross,240,XRPUSDT,rank_60,0,0.0
1b_live,cross,240,XRPUSDT,btc_minus_own_60,0,0.0
1b_live,cross,240,XRPUSDT,eth_minus_own_60,0,0.0
1b_live,cross,240,XRPUSDT,own_ret_180,0,0.0
1b_live,cross,240,XRPUSDT,btc_ret_180,0,0.0
1b_live,cross,240,XRPUSDT,eth_ret_180,0,0.0
1b_live,cross,240,XRPUSDT,mkt_ret_180,0,0.0
1b_live,cross,240,XRPUSDT,breadth_180,0,0.0
1b_live,cross,240,XRPUSDT,disp_180,0,0.0
1b_live,cross,240,XRPUSDT,relstr_180,0,0.0
1b_live,cross,240,XRPUSDT,rank_180,0,0.0
1b_live,cross,240,XRPUSDT,btc_minus_own_180,0,0.0
1b_live,cross,240,XRPUSDT,eth_minus_own_180,0,0.0
1b_live,cross,240,XRPUSDT,own_ret_360,0,0.0
1b_live,cross,240,XRPUSDT,btc_ret_360,0,0.0
1b_live,cross,240,XRPUSDT,eth_ret_360,0,0.0
1b_live,cross,240,XRPUSDT,mkt_ret_360,0,0.0
1b_live,cross,240,XRPUSDT,breadth_360,0,0.0
1b_live,cross,240,XRPUSDT,disp_360,0,0.0
1b_live,cross,240,XRPUSDT,relstr_360,0,0.0
1b_live,cross,240,XRPUSDT,rank_360,0,0.0
1b_live,cross,240,XRPUSDT,btc_minus_own_360,0,0.0
1b_live,cross,240,XRPUSDT,eth_minus_own_360,0,0.0
1b_live,cross,240,XRPUSDT,own_ret_720,0,0.0
1b_live,cross,240,XRPUSDT,btc_ret_720,0,0.0
1b_live,cross,240,XRPUSDT,eth_ret_720,0,0.0
1b_live,cross,240,XRPUSDT,mkt_ret_720,0,0.0
1b_live,cross,240,XRPUSDT,breadth_720,0,0.0
1b_live,cross,240,XRPUSDT,disp_720,0,0.0
1b_live,cross,240,XRPUSDT,relstr_720,0,0.0
1b_live,cross,240,XRPUSDT,rank_720,0,0.0
1b_live,cross,240,XRPUSDT,btc_minus_own_720,0,0.0
1b_live,cross,240,XRPUSDT,eth_minus_own_720,0,0.0
1b_live,cross,240,XRPUSDT,own_ret_1440,0,0.0
1b_live,cross,240,XRPUSDT,btc_ret_1440,0,0.0
1b_live,cross,240,XRPUSDT,eth_ret_1440,0,0.0
1b_live,cross,240,XRPUSDT,mkt_ret_1440,0,0.0
1b_live,cross,240,XRPUSDT,breadth_1440,0,0.0
1b_live,cross,240,XRPUSDT,disp_1440,0,0.0
1b_live,cross,240,XRPUSDT,relstr_1440,0,0.0
1b_live,cross,240,XRPUSDT,rank_1440,0,0.0
1b_live,cross,240,XRPUSDT,btc_minus_own_1440,0,0.0
1b_live,cross,240,XRPUSDT,eth_minus_own_1440,0,0.0
1b_live,micro,480,ADAUSDT,rskew_30,0,0.0
1b_live,micro,480,ADAUSDT,rskew_30_xrank,0,0.0
1b_live,micro,480,ADAUSDT,rkurt_30,0,1.1447409775655615e-07
1b_live,micro,480,ADAUSDT,rkurt_30_xrank,0,0.0
1b_live,micro,480,ADAUSDT,roll_30,0,0.0
1b_live,micro,480,ADAUSDT,roll_30_xrank,0,0.0
1b_live,micro,480,ADAUSDT,amihud_30,0,0.0
1b_live,micro,480,ADAUSDT,amihud_30_xrank,0,0.0
1b_live,micro,480,ADAUSDT,kyle_30,0,4.780965845441187e-09
1b_live,micro,480,ADAUSDT,kyle_30_xrank,0,0.0
1b_live,micro,480,ADAUSDT,vpin_30,0,0.0
1b_live,micro,480,ADAUSDT,vpin_30_xrank,0,0.0
1b_live,micro,480,ADAUSDT,jump_30,0,6.493354742787005e-10
1b_live,micro,480,ADAUSDT,jump_30_xrank,0,0.0
1b_live,micro,480,ADAUSDT,vratio_30,0,0.0
1b_live,micro,480,ADAUSDT,vratio_30_xrank,0,0.0
1b_live,micro,480,ADAUSDT,cvd_slope_30,0,0.0
1b_live,micro,480,ADAUSDT,cvd_slope_30_xrank,0,0.0
1b_live,micro,480,ADAUSDT,signac_30,0,0.0
1b_live,micro,480,ADAUSDT,signac_30_xrank,0,0.0
1b_live,micro,480,ADAUSDT,sflow_30,0,2.8133997354018447e-09
1b_live,micro,480,ADAUSDT,sflow_30_xrank,0,0.0
1b_live,micro,480,ADAUSDT,rskew_120,0,1.4795961789104695e-08
1b_live,micro,480,ADAUSDT,rskew_120_xrank,0,0.0
1b_live,micro,480,ADAUSDT,rkurt_120,0,1.540771421559839e-08
1b_live,micro,480,ADAUSDT,rkurt_120_xrank,0,0.0
1b_live,micro,480,ADAUSDT,roll_120,0,0.0
1b_live,micro,480,ADAUSDT,roll_120_xrank,0,0.0
1b_live,micro,480,ADAUSDT,amihud_120,0,0.0
1b_live,micro,480,ADAUSDT,amihud_120_xrank,0,0.0
1b_live,micro,480,ADAUSDT,kyle_120,0,0.0
1b_live,micro,480,ADAUSDT,kyle_120_xrank,0,0.0
1b_live,micro,480,ADAUSDT,vpin_120,0,0.0
1b_live,micro,480,ADAUSDT,vpin_120_xrank,0,0.0
1b_live,micro,480,ADAUSDT,jump_120,0,1.6634859045794315e-09
1b_live,micro,480,ADAUSDT,jump_120_xrank,0,0.0
1b_live,micro,480,ADAUSDT,vratio_120,0,0.0
1b_live,micro,480,ADAUSDT,vratio_120_xrank,0,0.0
1b_live,micro,480,ADAUSDT,cvd_slope_120,0,0.0
1b_live,micro,480,ADAUSDT,cvd_slope_120_xrank,0,0.0
1b_live,micro,480,ADAUSDT,signac_120,0,0.0
1b_live,micro,480,ADAUSDT,signac_120_xrank,0,0.0
1b_live,micro,480,ADAUSDT,sflow_120,0,0.0
1b_live,micro,480,ADAUSDT,sflow_120_xrank,0,0.0
1b_live,micro,480,ADAUSDT,rskew_480,0,0.0
1b_live,micro,480,ADAUSDT,rskew_480_xrank,0,0.0
1b_live,micro,480,ADAUSDT,rkurt_480,0,4.886517146474034e-08
1b_live,micro,480,ADAUSDT,rkurt_480_xrank,0,0.0
1b_live,micro,480,ADAUSDT,roll_480,0,0.0
1b_live,micro,480,ADAUSDT,roll_480_xrank,0,0.0
1b_live,micro,480,ADAUSDT,amihud_480,0,0.0
1b_live,micro,480,ADAUSDT,amihud_480_xrank,0,0.0
1b_live,micro,480,ADAUSDT,kyle_480,0,0.0
1b_live,micro,480,ADAUSDT,kyle_480_xrank,0,0.0
1b_live,micro,480,ADAUSDT,vpin_480,0,0.0
1b_live,micro,480,ADAUSDT,vpin_480_xrank,0,0.0
1b_live,micro,480,ADAUSDT,jump_480,0,0.0
1b_live,micro,480,ADAUSDT,jump_480_xrank,0,0.0
1b_live,micro,480,ADAUSDT,vratio_480,0,0.0
1b_live,micro,480,ADAUSDT,vratio_480_xrank,0,0.0
1b_live,micro,480,ADAUSDT,cvd_slope_480,0,0.0
1b_live,micro,480,ADAUSDT,cvd_slope_480_xrank,0,0.0
1b_live,micro,480,ADAUSDT,signac_480,0,0.0
1b_live,micro,480,ADAUSDT,signac_480_xrank,0,0.0
1b_live,micro,480,ADAUSDT,sflow_480,0,0.0
1b_live,micro,480,ADAUSDT,sflow_480_xrank,0,0.0
1b_live,cross,480,ADAUSDT,own_ret_1,0,0.0
1b_live,cross,480,ADAUSDT,btc_ret_1,0,0.0
1b_live,cross,480,ADAUSDT,eth_ret_1,0,0.0
1b_live,cross,480,ADAUSDT,mkt_ret_1,0,0.0
1b_live,cross,480,ADAUSDT,breadth_1,0,0.0
1b_live,cross,480,ADAUSDT,disp_1,0,0.0
1b_live,cross,480,ADAUSDT,relstr_1,0,0.0
1b_live,cross,480,ADAUSDT,rank_1,0,0.0
1b_live,cross,480,ADAUSDT,btc_minus_own_1,0,0.0
1b_live,cross,480,ADAUSDT,eth_minus_own_1,0,0.0
1b_live,cross,480,ADAUSDT,own_ret_5,0,0.0
1b_live,cross,480,ADAUSDT,btc_ret_5,0,0.0
1b_live,cross,480,ADAUSDT,eth_ret_5,0,0.0
1b_live,cross,480,ADAUSDT,mkt_ret_5,0,0.0
1b_live,cross,480,ADAUSDT,breadth_5,0,0.0
1b_live,cross,480,ADAUSDT,disp_5,0,0.0
1b_live,cross,480,ADAUSDT,relstr_5,0,0.0
1b_live,cross,480,ADAUSDT,rank_5,0,0.0
1b_live,cross,480,ADAUSDT,btc_minus_own_5,0,0.0
1b_live,cross,480,ADAUSDT,eth_minus_own_5,0,0.0
1b_live,cross,480,ADAUSDT,own_ret_15,0,0.0
1b_live,cross,480,ADAUSDT,btc_ret_15,0,0.0
1b_live,cross,480,ADAUSDT,eth_ret_15,0,0.0
1b_live,cross,480,ADAUSDT,mkt_ret_15,0,0.0
1b_live,cross,480,ADAUSDT,breadth_15,0,0.0
1b_live,cross,480,ADAUSDT,disp_15,0,0.0
1b_live,cross,480,ADAUSDT,relstr_15,0,0.0
1b_live,cross,480,ADAUSDT,rank_15,0,0.0
1b_live,cross,480,ADAUSDT,btc_minus_own_15,0,0.0
1b_live,cross,480,ADAUSDT,eth_minus_own_15,0,0.0
1b_live,cross,480,ADAUSDT,own_ret_30,0,0.0
1b_live,cross,480,ADAUSDT,btc_ret_30,0,0.0
1b_live,cross,480,ADAUSDT,eth_ret_30,0,0.0
1b_live,cross,480,ADAUSDT,mkt_ret_30,0,0.0
1b_live,cross,480,ADAUSDT,breadth_30,0,0.0
1b_live,cross,480,ADAUSDT,disp_30,0,0.0
1b_live,cross,480,ADAUSDT,relstr_30,0,0.0
1b_live,cross,480,ADAUSDT,rank_30,0,0.0
1b_live,cross,480,ADAUSDT,btc_minus_own_30,0,0.0
1b_live,cross,480,ADAUSDT,eth_minus_own_30,0,0.0
1b_live,cross,480,ADAUSDT,own_ret_60,0,0.0
1b_live,cross,480,ADAUSDT,btc_ret_60,0,0.0
1b_live,cross,480,ADAUSDT,eth_ret_60,0,0.0
1b_live,cross,480,ADAUSDT,mkt_ret_60,0,0.0
1b_live,cross,480,ADAUSDT,breadth_60,0,0.0
1b_live,cross,480,ADAUSDT,disp_60,0,0.0
1b_live,cross,480,ADAUSDT,relstr_60,0,0.0
1b_live,cross,480,ADAUSDT,rank_60,0,0.0
1b_live,cross,480,ADAUSDT,btc_minus_own_60,0,0.0
1b_live,cross,480,ADAUSDT,eth_minus_own_60,0,0.0
1b_live,cross,480,ADAUSDT,own_ret_180,0,0.0
1b_live,cross,480,ADAUSDT,btc_ret_180,0,0.0
1b_live,cross,480,ADAUSDT,eth_ret_180,0,0.0
1b_live,cross,480,ADAUSDT,mkt_ret_180,0,0.0
1b_live,cross,480,ADAUSDT,breadth_180,0,0.0
1b_live,cross,480,ADAUSDT,disp_180,0,0.0
1b_live,cross,480,ADAUSDT,relstr_180,0,0.0
1b_live,cross,480,ADAUSDT,rank_180,0,0.0
1b_live,cross,480,ADAUSDT,btc_minus_own_180,0,0.0
1b_live,cross,480,ADAUSDT,eth_minus_own_180,0,0.0
1b_live,cross,480,ADAUSDT,own_ret_360,0,0.0
1b_live,cross,480,ADAUSDT,btc_ret_360,0,0.0
1b_live,cross,480,ADAUSDT,eth_ret_360,0,0.0
1b_live,cross,480,ADAUSDT,mkt_ret_360,0,0.0
1b_live,cross,480,ADAUSDT,breadth_360,0,0.0
1b_live,cross,480,ADAUSDT,disp_360,0,0.0
1b_live,cross,480,ADAUSDT,relstr_360,0,0.0
1b_live,cross,480,ADAUSDT,rank_360,0,0.0
1b_live,cross,480,ADAUSDT,btc_minus_own_360,0,0.0
1b_live,cross,480,ADAUSDT,eth_minus_own_360,0,0.0
1b_live,cross,480,ADAUSDT,own_ret_720,0,0.0
1b_live,cross,480,ADAUSDT,btc_ret_720,0,0.0
1b_live,cross,480,ADAUSDT,eth_ret_720,0,0.0
1b_live,cross,480,ADAUSDT,mkt_ret_720,0,0.0
1b_live,cross,480,ADAUSDT,breadth_720,0,0.0
1b_live,cross,480,ADAUSDT,disp_720,0,0.0
1b_live,cross,480,ADAUSDT,relstr_720,0,0.0
1b_live,cross,480,ADAUSDT,rank_720,0,0.0
1b_live,cross,480,ADAUSDT,btc_minus_own_720,0,0.0
1b_live,cross,480,ADAUSDT,eth_minus_own_720,0,0.0
1b_live,cross,480,ADAUSDT,own_ret_1440,0,0.0
1b_live,cross,480,ADAUSDT,btc_ret_1440,0,0.0
1b_live,cross,480,ADAUSDT,eth_ret_1440,0,0.0
1b_live,cross,480,ADAUSDT,mkt_ret_1440,0,0.0
1b_live,cross,480,ADAUSDT,breadth_1440,0,0.0
1b_live,cross,480,ADAUSDT,disp_1440,0,0.0
1b_live,cross,480,ADAUSDT,relstr_1440,0,0.0
1b_live,cross,480,ADAUSDT,rank_1440,0,0.0
1b_live,cross,480,ADAUSDT,btc_minus_own_1440,0,0.0
1b_live,cross,480,ADAUSDT,eth_minus_own_1440,0,0.0
1b_live,micro,480,AVAXUSDT,rskew_30,0,4.332222403036212e-08
1b_live,micro,480,AVAXUSDT,rskew_30_xrank,0,0.0
1b_live,micro,480,AVAXUSDT,rkurt_30,0,1.0464541446708608e-05
1b_live,micro,480,AVAXUSDT,rkurt_30_xrank,0,0.0
1b_live,micro,480,AVAXUSDT,roll_30,0,0.0
1b_live,micro,480,AVAXUSDT,roll_30_xrank,0,0.0
1b_live,micro,480,AVAXUSDT,amihud_30,0,0.0
1b_live,micro,480,AVAXUSDT,amihud_30_xrank,0,0.0
1b_live,micro,480,AVAXUSDT,kyle_30,0,4.69148009329956e-09
1b_live,micro,480,AVAXUSDT,kyle_30_xrank,0,0.0
1b_live,micro,480,AVAXUSDT,vpin_30,0,0.0
1b_live,micro,480,AVAXUSDT,vpin_30_xrank,0,0.0
1b_live,micro,480,AVAXUSDT,jump_30,0,1.0897232005646629e-09
1b_live,micro,480,AVAXUSDT,jump_30_xrank,0,0.0
1b_live,micro,480,AVAXUSDT,vratio_30,0,0.0
1b_live,micro,480,AVAXUSDT,vratio_30_xrank,0,0.0
1b_live,micro,480,AVAXUSDT,cvd_slope_30,0,0.0
1b_live,micro,480,AVAXUSDT,cvd_slope_30_xrank,0,0.0
1b_live,micro,480,AVAXUSDT,signac_30,0,0.0
1b_live,micro,480,AVAXUSDT,signac_30_xrank,0,0.0
1b_live,micro,480,AVAXUSDT,sflow_30,0,0.0
1b_live,micro,480,AVAXUSDT,sflow_30_xrank,0,0.0
1b_live,micro,480,AVAXUSDT,rskew_120,0,1.0541858053159103e-08
1b_live,micro,480,AVAXUSDT,rskew_120_xrank,0,0.0
1b_live,micro,480,AVAXUSDT,rkurt_120,0,2.9184886329858273e-07
1b_live,micro,480,AVAXUSDT,rkurt_120_xrank,0,0.0
1b_live,micro,480,AVAXUSDT,roll_120,0,0.0
1b_live,micro,480,AVAXUSDT,roll_120_xrank,0,0.0
1b_live,micro,480,AVAXUSDT,amihud_120,0,0.0
1b_live,micro,480,AVAXUSDT,amihud_120_xrank,0,0.0
1b_live,micro,480,AVAXUSDT,kyle_120,0,0.0
1b_live,micro,480,AVAXUSDT,kyle_120_xrank,0,0.0
1b_live,micro,480,AVAXUSDT,vpin_120,0,0.0
1b_live,micro,480,AVAXUSDT,vpin_120_xrank,0,0.0
1b_live,micro,480,AVAXUSDT,jump_120,0,7.965868853432312e-09
1b_live,micro,480,AVAXUSDT,jump_120_xrank,0,0.0
1b_live,micro,480,AVAXUSDT,vratio_120,0,0.0
1b_live,micro,480,AVAXUSDT,vratio_120_xrank,0,0.0
1b_live,micro,480,AVAXUSDT,cvd_slope_120,0,0.0
1b_live,micro,480,AVAXUSDT,cvd_slope_120_xrank,0,0.0
1b_live,micro,480,AVAXUSDT,signac_120,0,2.6047505485848887e-08
1b_live,micro,480,AVAXUSDT,signac_120_xrank,0,0.0
1b_live,micro,480,AVAXUSDT,sflow_120,0,0.0
1b_live,micro,480,AVAXUSDT,sflow_120_xrank,0,0.0
1b_live,micro,480,AVAXUSDT,rskew_480,0,1.572794339210759e-08
1b_live,micro,480,AVAXUSDT,rskew_480_xrank,0,0.0
1b_live,micro,480,AVAXUSDT,rkurt_480,0,7.423936665418296e-08
1b_live,micro,480,AVAXUSDT,rkurt_480_xrank,0,0.0
1b_live,micro,480,AVAXUSDT,roll_480,0,0.0
1b_live,micro,480,AVAXUSDT,roll_480_xrank,0,0.0
1b_live,micro,480,AVAXUSDT,amihud_480,0,0.0
1b_live,micro,480,AVAXUSDT,amihud_480_xrank,0,0.0
1b_live,micro,480,AVAXUSDT,kyle_480,0,0.0
1b_live,micro,480,AVAXUSDT,kyle_480_xrank,0,0.0
1b_live,micro,480,AVAXUSDT,vpin_480,0,0.0
1b_live,micro,480,AVAXUSDT,vpin_480_xrank,0,0.0
1b_live,micro,480,AVAXUSDT,jump_480,0,0.0
1b_live,micro,480,AVAXUSDT,jump_480_xrank,0,0.0
1b_live,micro,480,AVAXUSDT,vratio_480,0,0.0
1b_live,micro,480,AVAXUSDT,vratio_480_xrank,0,0.0
1b_live,micro,480,AVAXUSDT,cvd_slope_480,0,0.0
1b_live,micro,480,AVAXUSDT,cvd_slope_480_xrank,0,0.0
1b_live,micro,480,AVAXUSDT,signac_480,0,0.0
1b_live,micro,480,AVAXUSDT,signac_480_xrank,0,0.0
1b_live,micro,480,AVAXUSDT,sflow_480,0,0.0
1b_live,micro,480,AVAXUSDT,sflow_480_xrank,0,0.0
1b_live,cross,480,AVAXUSDT,own_ret_1,0,0.0
1b_live,cross,480,AVAXUSDT,btc_ret_1,0,0.0
1b_live,cross,480,AVAXUSDT,eth_ret_1,0,0.0
1b_live,cross,480,AVAXUSDT,mkt_ret_1,0,0.0
1b_live,cross,480,AVAXUSDT,breadth_1,0,0.0
1b_live,cross,480,AVAXUSDT,disp_1,0,0.0
1b_live,cross,480,AVAXUSDT,relstr_1,0,0.0
1b_live,cross,480,AVAXUSDT,rank_1,0,0.0
1b_live,cross,480,AVAXUSDT,btc_minus_own_1,0,0.0
1b_live,cross,480,AVAXUSDT,eth_minus_own_1,0,0.0
1b_live,cross,480,AVAXUSDT,own_ret_5,0,0.0
1b_live,cross,480,AVAXUSDT,btc_ret_5,0,0.0
1b_live,cross,480,AVAXUSDT,eth_ret_5,0,0.0
1b_live,cross,480,AVAXUSDT,mkt_ret_5,0,0.0
1b_live,cross,480,AVAXUSDT,breadth_5,0,0.0
1b_live,cross,480,AVAXUSDT,disp_5,0,0.0
1b_live,cross,480,AVAXUSDT,relstr_5,0,0.0
1b_live,cross,480,AVAXUSDT,rank_5,0,0.0
1b_live,cross,480,AVAXUSDT,btc_minus_own_5,0,0.0
1b_live,cross,480,AVAXUSDT,eth_minus_own_5,0,0.0
1b_live,cross,480,AVAXUSDT,own_ret_15,0,0.0
1b_live,cross,480,AVAXUSDT,btc_ret_15,0,0.0
1b_live,cross,480,AVAXUSDT,eth_ret_15,0,0.0
1b_live,cross,480,AVAXUSDT,mkt_ret_15,0,0.0
1b_live,cross,480,AVAXUSDT,breadth_15,0,0.0
1b_live,cross,480,AVAXUSDT,disp_15,0,0.0
1b_live,cross,480,AVAXUSDT,relstr_15,0,0.0
1b_live,cross,480,AVAXUSDT,rank_15,0,0.0
1b_live,cross,480,AVAXUSDT,btc_minus_own_15,0,0.0
1b_live,cross,480,AVAXUSDT,eth_minus_own_15,0,0.0
1b_live,cross,480,AVAXUSDT,own_ret_30,0,0.0
1b_live,cross,480,AVAXUSDT,btc_ret_30,0,0.0
1b_live,cross,480,AVAXUSDT,eth_ret_30,0,0.0
1b_live,cross,480,AVAXUSDT,mkt_ret_30,0,0.0
1b_live,cross,480,AVAXUSDT,breadth_30,0,0.0
1b_live,cross,480,AVAXUSDT,disp_30,0,0.0
1b_live,cross,480,AVAXUSDT,relstr_30,0,0.0
1b_live,cross,480,AVAXUSDT,rank_30,0,0.0
1b_live,cross,480,AVAXUSDT,btc_minus_own_30,0,0.0
1b_live,cross,480,AVAXUSDT,eth_minus_own_30,0,0.0
1b_live,cross,480,AVAXUSDT,own_ret_60,0,0.0
1b_live,cross,480,AVAXUSDT,btc_ret_60,0,0.0
1b_live,cross,480,AVAXUSDT,eth_ret_60,0,0.0
1b_live,cross,480,AVAXUSDT,mkt_ret_60,0,0.0
1b_live,cross,480,AVAXUSDT,breadth_60,0,0.0
1b_live,cross,480,AVAXUSDT,disp_60,0,0.0
1b_live,cross,480,AVAXUSDT,relstr_60,0,0.0
1b_live,cross,480,AVAXUSDT,rank_60,0,0.0
1b_live,cross,480,AVAXUSDT,btc_minus_own_60,0,0.0
1b_live,cross,480,AVAXUSDT,eth_minus_own_60,0,0.0
1b_live,cross,480,AVAXUSDT,own_ret_180,0,0.0
1b_live,cross,480,AVAXUSDT,btc_ret_180,0,0.0
1b_live,cross,480,AVAXUSDT,eth_ret_180,0,0.0
1b_live,cross,480,AVAXUSDT,mkt_ret_180,0,0.0
1b_live,cross,480,AVAXUSDT,breadth_180,0,0.0
1b_live,cross,480,AVAXUSDT,disp_180,0,0.0
1b_live,cross,480,AVAXUSDT,relstr_180,0,0.0
1b_live,cross,480,AVAXUSDT,rank_180,0,0.0
1b_live,cross,480,AVAXUSDT,btc_minus_own_180,0,0.0
1b_live,cross,480,AVAXUSDT,eth_minus_own_180,0,0.0
1b_live,cross,480,AVAXUSDT,own_ret_360,0,0.0
1b_live,cross,480,AVAXUSDT,btc_ret_360,0,0.0
1b_live,cross,480,AVAXUSDT,eth_ret_360,0,0.0
1b_live,cross,480,AVAXUSDT,mkt_ret_360,0,0.0
1b_live,cross,480,AVAXUSDT,breadth_360,0,0.0
1b_live,cross,480,AVAXUSDT,disp_360,0,0.0
1b_live,cross,480,AVAXUSDT,relstr_360,0,0.0
1b_live,cross,480,AVAXUSDT,rank_360,0,0.0
1b_live,cross,480,AVAXUSDT,btc_minus_own_360,0,0.0
1b_live,cross,480,AVAXUSDT,eth_minus_own_360,0,0.0
1b_live,cross,480,AVAXUSDT,own_ret_720,0,0.0
1b_live,cross,480,AVAXUSDT,btc_ret_720,0,0.0
1b_live,cross,480,AVAXUSDT,eth_ret_720,0,0.0
1b_live,cross,480,AVAXUSDT,mkt_ret_720,0,0.0
1b_live,cross,480,AVAXUSDT,breadth_720,0,0.0
1b_live,cross,480,AVAXUSDT,disp_720,0,0.0
1b_live,cross,480,AVAXUSDT,relstr_720,0,0.0
1b_live,cross,480,AVAXUSDT,rank_720,0,0.0
1b_live,cross,480,AVAXUSDT,btc_minus_own_720,0,0.0
1b_live,cross,480,AVAXUSDT,eth_minus_own_720,0,0.0
1b_live,cross,480,AVAXUSDT,own_ret_1440,0,0.0
1b_live,cross,480,AVAXUSDT,btc_ret_1440,0,0.0
1b_live,cross,480,AVAXUSDT,eth_ret_1440,0,0.0
1b_live,cross,480,AVAXUSDT,mkt_ret_1440,0,0.0
1b_live,cross,480,AVAXUSDT,breadth_1440,0,0.0
1b_live,cross,480,AVAXUSDT,disp_1440,0,0.0
1b_live,cross,480,AVAXUSDT,relstr_1440,0,0.0
1b_live,cross,480,AVAXUSDT,rank_1440,0,0.0
1b_live,cross,480,AVAXUSDT,btc_minus_own_1440,0,0.0
1b_live,cross,480,AVAXUSDT,eth_minus_own_1440,0,0.0
1b_live,micro,480,BNBUSDT,rskew_30,0,9.145680657240973e-09
1b_live,micro,480,BNBUSDT,rskew_30_xrank,0,0.0
1b_live,micro,480,BNBUSDT,rkurt_30,0,3.029580739166704e-06
1b_live,micro,480,BNBUSDT,rkurt_30_xrank,0,0.0
1b_live,micro,480,BNBUSDT,roll_30,0,0.0
1b_live,micro,480,BNBUSDT,roll_30_xrank,0,0.0
1b_live,micro,480,BNBUSDT,amihud_30,0,0.0
1b_live,micro,480,BNBUSDT,amihud_30_xrank,0,0.0
1b_live,micro,480,BNBUSDT,kyle_30,0,1.0967905694769797e-07
1b_live,micro,480,BNBUSDT,kyle_30_xrank,0,0.0
1b_live,micro,480,BNBUSDT,vpin_30,0,0.0
1b_live,micro,480,BNBUSDT,vpin_30_xrank,0,0.0
1b_live,micro,480,BNBUSDT,jump_30,0,1.4931111902427574e-09
1b_live,micro,480,BNBUSDT,jump_30_xrank,0,0.0
1b_live,micro,480,BNBUSDT,vratio_30,0,0.0
1b_live,micro,480,BNBUSDT,vratio_30_xrank,0,0.0
1b_live,micro,480,BNBUSDT,cvd_slope_30,0,0.0
1b_live,micro,480,BNBUSDT,cvd_slope_30_xrank,0,0.0
1b_live,micro,480,BNBUSDT,signac_30,0,0.0
1b_live,micro,480,BNBUSDT,signac_30_xrank,0,0.0
1b_live,micro,480,BNBUSDT,sflow_30,0,0.0
1b_live,micro,480,BNBUSDT,sflow_30_xrank,0,0.0
1b_live,micro,480,BNBUSDT,rskew_120,0,1.6558077131634263e-09
1b_live,micro,480,BNBUSDT,rskew_120_xrank,0,0.0
1b_live,micro,480,BNBUSDT,rkurt_120,0,8.28935213803561e-08
1b_live,micro,480,BNBUSDT,rkurt_120_xrank,0,0.0
1b_live,micro,480,BNBUSDT,roll_120,0,0.0
1b_live,micro,480,BNBUSDT,roll_120_xrank,0,0.0
1b_live,micro,480,BNBUSDT,amihud_120,0,0.0
1b_live,micro,480,BNBUSDT,amihud_120_xrank,0,0.0
1b_live,micro,480,BNBUSDT,kyle_120,0,0.0
1b_live,micro,480,BNBUSDT,kyle_120_xrank,0,0.0
1b_live,micro,480,BNBUSDT,vpin_120,0,0.0
1b_live,micro,480,BNBUSDT,vpin_120_xrank,0,0.0
1b_live,micro,480,BNBUSDT,jump_120,0,7.628832676687125e-09
1b_live,micro,480,BNBUSDT,jump_120_xrank,0,0.0
1b_live,micro,480,BNBUSDT,vratio_120,0,0.0
1b_live,micro,480,BNBUSDT,vratio_120_xrank,0,0.0
1b_live,micro,480,BNBUSDT,cvd_slope_120,0,0.0
1b_live,micro,480,BNBUSDT,cvd_slope_120_xrank,0,0.0
1b_live,micro,480,BNBUSDT,signac_120,0,0.0
1b_live,micro,480,BNBUSDT,signac_120_xrank,0,0.0
1b_live,micro,480,BNBUSDT,sflow_120,0,0.0
1b_live,micro,480,BNBUSDT,sflow_120_xrank,0,0.0
1b_live,micro,480,BNBUSDT,rskew_480,0,4.515892992884574e-09
1b_live,micro,480,BNBUSDT,rskew_480_xrank,0,0.0
1b_live,micro,480,BNBUSDT,rkurt_480,0,3.69226675900336e-08
1b_live,micro,480,BNBUSDT,rkurt_480_xrank,0,0.0
1b_live,micro,480,BNBUSDT,roll_480,0,0.0
1b_live,micro,480,BNBUSDT,roll_480_xrank,0,0.0
1b_live,micro,480,BNBUSDT,amihud_480,0,0.0
1b_live,micro,480,BNBUSDT,amihud_480_xrank,0,0.0
1b_live,micro,480,BNBUSDT,kyle_480,0,0.0
1b_live,micro,480,BNBUSDT,kyle_480_xrank,0,0.0
1b_live,micro,480,BNBUSDT,vpin_480,0,0.0
1b_live,micro,480,BNBUSDT,vpin_480_xrank,0,0.0
1b_live,micro,480,BNBUSDT,jump_480,0,1.8577028804145357e-09
1b_live,micro,480,BNBUSDT,jump_480_xrank,0,0.0
1b_live,micro,480,BNBUSDT,vratio_480,0,0.0
1b_live,micro,480,BNBUSDT,vratio_480_xrank,0,0.0
1b_live,micro,480,BNBUSDT,cvd_slope_480,0,0.0
1b_live,micro,480,BNBUSDT,cvd_slope_480_xrank,0,0.0
1b_live,micro,480,BNBUSDT,signac_480,0,0.0
1b_live,micro,480,BNBUSDT,signac_480_xrank,0,0.0
1b_live,micro,480,BNBUSDT,sflow_480,0,0.0
1b_live,micro,480,BNBUSDT,sflow_480_xrank,0,0.0
1b_live,cross,480,BNBUSDT,own_ret_1,0,0.0
1b_live,cross,480,BNBUSDT,btc_ret_1,0,0.0
1b_live,cross,480,BNBUSDT,eth_ret_1,0,0.0
1b_live,cross,480,BNBUSDT,mkt_ret_1,0,0.0
1b_live,cross,480,BNBUSDT,breadth_1,0,0.0
1b_live,cross,480,BNBUSDT,disp_1,0,0.0
1b_live,cross,480,BNBUSDT,relstr_1,0,0.0
1b_live,cross,480,BNBUSDT,rank_1,0,0.0
1b_live,cross,480,BNBUSDT,btc_minus_own_1,0,0.0
1b_live,cross,480,BNBUSDT,eth_minus_own_1,0,0.0
1b_live,cross,480,BNBUSDT,own_ret_5,0,0.0
1b_live,cross,480,BNBUSDT,btc_ret_5,0,0.0
1b_live,cross,480,BNBUSDT,eth_ret_5,0,0.0
1b_live,cross,480,BNBUSDT,mkt_ret_5,0,0.0
1b_live,cross,480,BNBUSDT,breadth_5,0,0.0
1b_live,cross,480,BNBUSDT,disp_5,0,0.0
1b_live,cross,480,BNBUSDT,relstr_5,0,0.0
1b_live,cross,480,BNBUSDT,rank_5,0,0.0
1b_live,cross,480,BNBUSDT,btc_minus_own_5,0,0.0
1b_live,cross,480,BNBUSDT,eth_minus_own_5,0,0.0
1b_live,cross,480,BNBUSDT,own_ret_15,0,0.0
1b_live,cross,480,BNBUSDT,btc_ret_15,0,0.0
1b_live,cross,480,BNBUSDT,eth_ret_15,0,0.0
1b_live,cross,480,BNBUSDT,mkt_ret_15,0,0.0
1b_live,cross,480,BNBUSDT,breadth_15,0,0.0
1b_live,cross,480,BNBUSDT,disp_15,0,0.0
1b_live,cross,480,BNBUSDT,relstr_15,0,0.0
1b_live,cross,480,BNBUSDT,rank_15,0,0.0
1b_live,cross,480,BNBUSDT,btc_minus_own_15,0,0.0
1b_live,cross,480,BNBUSDT,eth_minus_own_15,0,0.0
1b_live,cross,480,BNBUSDT,own_ret_30,0,0.0
1b_live,cross,480,BNBUSDT,btc_ret_30,0,0.0
1b_live,cross,480,BNBUSDT,eth_ret_30,0,0.0
1b_live,cross,480,BNBUSDT,mkt_ret_30,0,0.0
1b_live,cross,480,BNBUSDT,breadth_30,0,0.0
1b_live,cross,480,BNBUSDT,disp_30,0,0.0
1b_live,cross,480,BNBUSDT,relstr_30,0,0.0
1b_live,cross,480,BNBUSDT,rank_30,0,0.0
1b_live,cross,480,BNBUSDT,btc_minus_own_30,0,0.0
1b_live,cross,480,BNBUSDT,eth_minus_own_30,0,0.0
1b_live,cross,480,BNBUSDT,own_ret_60,0,0.0
1b_live,cross,480,BNBUSDT,btc_ret_60,0,0.0
1b_live,cross,480,BNBUSDT,eth_ret_60,0,0.0
1b_live,cross,480,BNBUSDT,mkt_ret_60,0,0.0
1b_live,cross,480,BNBUSDT,breadth_60,0,0.0
1b_live,cross,480,BNBUSDT,disp_60,0,0.0
1b_live,cross,480,BNBUSDT,relstr_60,0,0.0
1b_live,cross,480,BNBUSDT,rank_60,0,0.0
1b_live,cross,480,BNBUSDT,btc_minus_own_60,0,0.0
1b_live,cross,480,BNBUSDT,eth_minus_own_60,0,0.0
1b_live,cross,480,BNBUSDT,own_ret_180,0,0.0
1b_live,cross,480,BNBUSDT,btc_ret_180,0,0.0
1b_live,cross,480,BNBUSDT,eth_ret_180,0,0.0
1b_live,cross,480,BNBUSDT,mkt_ret_180,0,0.0
1b_live,cross,480,BNBUSDT,breadth_180,0,0.0
1b_live,cross,480,BNBUSDT,disp_180,0,0.0
1b_live,cross,480,BNBUSDT,relstr_180,0,0.0
1b_live,cross,480,BNBUSDT,rank_180,0,0.0
1b_live,cross,480,BNBUSDT,btc_minus_own_180,0,0.0
1b_live,cross,480,BNBUSDT,eth_minus_own_180,0,0.0
1b_live,cross,480,BNBUSDT,own_ret_360,0,0.0
1b_live,cross,480,BNBUSDT,btc_ret_360,0,0.0
1b_live,cross,480,BNBUSDT,eth_ret_360,0,0.0
1b_live,cross,480,BNBUSDT,mkt_ret_360,0,0.0
1b_live,cross,480,BNBUSDT,breadth_360,0,0.0
1b_live,cross,480,BNBUSDT,disp_360,0,0.0
1b_live,cross,480,BNBUSDT,relstr_360,0,0.0
1b_live,cross,480,BNBUSDT,rank_360,0,0.0
1b_live,cross,480,BNBUSDT,btc_minus_own_360,0,0.0
1b_live,cross,480,BNBUSDT,eth_minus_own_360,0,0.0
1b_live,cross,480,BNBUSDT,own_ret_720,0,0.0
1b_live,cross,480,BNBUSDT,btc_ret_720,0,0.0
1b_live,cross,480,BNBUSDT,eth_ret_720,0,0.0
1b_live,cross,480,BNBUSDT,mkt_ret_720,0,0.0
1b_live,cross,480,BNBUSDT,breadth_720,0,0.0
1b_live,cross,480,BNBUSDT,disp_720,0,0.0
1b_live,cross,480,BNBUSDT,relstr_720,0,0.0
1b_live,cross,480,BNBUSDT,rank_720,0,0.0
1b_live,cross,480,BNBUSDT,btc_minus_own_720,0,0.0
1b_live,cross,480,BNBUSDT,eth_minus_own_720,0,0.0
1b_live,cross,480,BNBUSDT,own_ret_1440,0,0.0
1b_live,cross,480,BNBUSDT,btc_ret_1440,0,0.0
1b_live,cross,480,BNBUSDT,eth_ret_1440,0,0.0
1b_live,cross,480,BNBUSDT,mkt_ret_1440,0,0.0
1b_live,cross,480,BNBUSDT,breadth_1440,0,0.0
1b_live,cross,480,BNBUSDT,disp_1440,0,0.0
1b_live,cross,480,BNBUSDT,relstr_1440,0,0.0
1b_live,cross,480,BNBUSDT,rank_1440,0,0.0
1b_live,cross,480,BNBUSDT,btc_minus_own_1440,0,0.0
1b_live,cross,480,BNBUSDT,eth_minus_own_1440,0,0.0
1b_live,micro,480,BTCUSDT,rskew_30,0,6.09874789558873e-11
1b_live,micro,480,BTCUSDT,rskew_30_xrank,0,0.0
1b_live,micro,480,BTCUSDT,rkurt_30,0,7.755464253023092e-07
1b_live,micro,480,BTCUSDT,rkurt_30_xrank,0,0.0
1b_live,micro,480,BTCUSDT,roll_30,0,0.0
1b_live,micro,480,BTCUSDT,roll_30_xrank,0,0.0
1b_live,micro,480,BTCUSDT,amihud_30,0,0.0
1b_live,micro,480,BTCUSDT,amihud_30_xrank,0,0.0
1b_live,micro,480,BTCUSDT,kyle_30,0,0.0
1b_live,micro,480,BTCUSDT,kyle_30_xrank,0,0.0
1b_live,micro,480,BTCUSDT,vpin_30,0,0.0
1b_live,micro,480,BTCUSDT,vpin_30_xrank,0,0.0
1b_live,micro,480,BTCUSDT,jump_30,0,7.282883185411038e-09
1b_live,micro,480,BTCUSDT,jump_30_xrank,0,0.0
1b_live,micro,480,BTCUSDT,vratio_30,0,0.0
1b_live,micro,480,BTCUSDT,vratio_30_xrank,0,0.0
1b_live,micro,480,BTCUSDT,cvd_slope_30,0,0.0
1b_live,micro,480,BTCUSDT,cvd_slope_30_xrank,0,0.0
1b_live,micro,480,BTCUSDT,signac_30,0,0.0
1b_live,micro,480,BTCUSDT,signac_30_xrank,0,0.0
1b_live,micro,480,BTCUSDT,sflow_30,0,0.0
1b_live,micro,480,BTCUSDT,sflow_30_xrank,0,0.0
1b_live,micro,480,BTCUSDT,rskew_120,0,0.0
1b_live,micro,480,BTCUSDT,rskew_120_xrank,0,0.0
1b_live,micro,480,BTCUSDT,rkurt_120,0,4.34491642664625e-09
1b_live,micro,480,BTCUSDT,rkurt_120_xrank,0,0.0
1b_live,micro,480,BTCUSDT,roll_120,0,0.0
1b_live,micro,480,BTCUSDT,roll_120_xrank,0,0.0
1b_live,micro,480,BTCUSDT,amihud_120,0,5.386616308555858e-08
1b_live,micro,480,BTCUSDT,amihud_120_xrank,0,0.0
1b_live,micro,480,BTCUSDT,kyle_120,0,0.0
1b_live,micro,480,BTCUSDT,kyle_120_xrank,0,0.0
1b_live,micro,480,BTCUSDT,vpin_120,0,0.0
1b_live,micro,480,BTCUSDT,vpin_120_xrank,0,0.0
1b_live,micro,480,BTCUSDT,jump_120,0,7.26527449312897e-10
1b_live,micro,480,BTCUSDT,jump_120_xrank,0,0.0
1b_live,micro,480,BTCUSDT,vratio_120,0,0.0
1b_live,micro,480,BTCUSDT,vratio_120_xrank,0,0.0
1b_live,micro,480,BTCUSDT,cvd_slope_120,0,0.0
1b_live,micro,480,BTCUSDT,cvd_slope_120_xrank,0,0.0
1b_live,micro,480,BTCUSDT,signac_120,0,0.0
1b_live,micro,480,BTCUSDT,signac_120_xrank,0,0.0
1b_live,micro,480,BTCUSDT,sflow_120,0,0.0
1b_live,micro,480,BTCUSDT,sflow_120_xrank,0,0.0
1b_live,micro,480,BTCUSDT,rskew_480,0,0.0
1b_live,micro,480,BTCUSDT,rskew_480_xrank,0,0.0
1b_live,micro,480,BTCUSDT,rkurt_480,0,0.0
1b_live,micro,480,BTCUSDT,rkurt_480_xrank,0,0.0
1b_live,micro,480,BTCUSDT,roll_480,0,0.0
1b_live,micro,480,BTCUSDT,roll_480_xrank,0,0.0
1b_live,micro,480,BTCUSDT,amihud_480,0,0.0
1b_live,micro,480,BTCUSDT,amihud_480_xrank,0,0.0
1b_live,micro,480,BTCUSDT,kyle_480,0,0.0
1b_live,micro,480,BTCUSDT,kyle_480_xrank,0,0.0
1b_live,micro,480,BTCUSDT,vpin_480,0,0.0
1b_live,micro,480,BTCUSDT,vpin_480_xrank,0,0.0
1b_live,micro,480,BTCUSDT,jump_480,0,0.0
1b_live,micro,480,BTCUSDT,jump_480_xrank,0,0.0
1b_live,micro,480,BTCUSDT,vratio_480,0,0.0
1b_live,micro,480,BTCUSDT,vratio_480_xrank,0,0.0
1b_live,micro,480,BTCUSDT,cvd_slope_480,0,0.0
1b_live,micro,480,BTCUSDT,cvd_slope_480_xrank,0,0.0
1b_live,micro,480,BTCUSDT,signac_480,0,0.0
1b_live,micro,480,BTCUSDT,signac_480_xrank,0,0.0
1b_live,micro,480,BTCUSDT,sflow_480,0,0.0
1b_live,micro,480,BTCUSDT,sflow_480_xrank,0,0.0
1b_live,cross,480,BTCUSDT,own_ret_1,0,0.0
1b_live,cross,480,BTCUSDT,btc_ret_1,0,0.0
1b_live,cross,480,BTCUSDT,eth_ret_1,0,0.0
1b_live,cross,480,BTCUSDT,mkt_ret_1,0,0.0
1b_live,cross,480,BTCUSDT,breadth_1,0,0.0
1b_live,cross,480,BTCUSDT,disp_1,0,0.0
1b_live,cross,480,BTCUSDT,relstr_1,0,0.0
1b_live,cross,480,BTCUSDT,rank_1,0,0.0
1b_live,cross,480,BTCUSDT,btc_minus_own_1,0,0.0
1b_live,cross,480,BTCUSDT,eth_minus_own_1,0,0.0
1b_live,cross,480,BTCUSDT,own_ret_5,0,0.0
1b_live,cross,480,BTCUSDT,btc_ret_5,0,0.0
1b_live,cross,480,BTCUSDT,eth_ret_5,0,0.0
1b_live,cross,480,BTCUSDT,mkt_ret_5,0,0.0
1b_live,cross,480,BTCUSDT,breadth_5,0,0.0
1b_live,cross,480,BTCUSDT,disp_5,0,0.0
1b_live,cross,480,BTCUSDT,relstr_5,0,0.0
1b_live,cross,480,BTCUSDT,rank_5,0,0.0
1b_live,cross,480,BTCUSDT,btc_minus_own_5,0,0.0
1b_live,cross,480,BTCUSDT,eth_minus_own_5,0,0.0
1b_live,cross,480,BTCUSDT,own_ret_15,0,0.0
1b_live,cross,480,BTCUSDT,btc_ret_15,0,0.0
1b_live,cross,480,BTCUSDT,eth_ret_15,0,0.0
1b_live,cross,480,BTCUSDT,mkt_ret_15,0,0.0
1b_live,cross,480,BTCUSDT,breadth_15,0,0.0
1b_live,cross,480,BTCUSDT,disp_15,0,0.0
1b_live,cross,480,BTCUSDT,relstr_15,0,0.0
1b_live,cross,480,BTCUSDT,rank_15,0,0.0
1b_live,cross,480,BTCUSDT,btc_minus_own_15,0,0.0
1b_live,cross,480,BTCUSDT,eth_minus_own_15,0,0.0
1b_live,cross,480,BTCUSDT,own_ret_30,0,0.0
1b_live,cross,480,BTCUSDT,btc_ret_30,0,0.0
1b_live,cross,480,BTCUSDT,eth_ret_30,0,0.0
1b_live,cross,480,BTCUSDT,mkt_ret_30,0,0.0
1b_live,cross,480,BTCUSDT,breadth_30,0,0.0
1b_live,cross,480,BTCUSDT,disp_30,0,0.0
1b_live,cross,480,BTCUSDT,relstr_30,0,0.0
1b_live,cross,480,BTCUSDT,rank_30,0,0.0
1b_live,cross,480,BTCUSDT,btc_minus_own_30,0,0.0
1b_live,cross,480,BTCUSDT,eth_minus_own_30,0,0.0
1b_live,cross,480,BTCUSDT,own_ret_60,0,0.0
1b_live,cross,480,BTCUSDT,btc_ret_60,0,0.0
1b_live,cross,480,BTCUSDT,eth_ret_60,0,0.0
1b_live,cross,480,BTCUSDT,mkt_ret_60,0,0.0
1b_live,cross,480,BTCUSDT,breadth_60,0,0.0
1b_live,cross,480,BTCUSDT,disp_60,0,0.0
1b_live,cross,480,BTCUSDT,relstr_60,0,0.0
1b_live,cross,480,BTCUSDT,rank_60,0,0.0
1b_live,cross,480,BTCUSDT,btc_minus_own_60,0,0.0
1b_live,cross,480,BTCUSDT,eth_minus_own_60,0,0.0
1b_live,cross,480,BTCUSDT,own_ret_180,0,0.0
1b_live,cross,480,BTCUSDT,btc_ret_180,0,0.0
1b_live,cross,480,BTCUSDT,eth_ret_180,0,0.0
1b_live,cross,480,BTCUSDT,mkt_ret_180,0,0.0
1b_live,cross,480,BTCUSDT,breadth_180,0,0.0
1b_live,cross,480,BTCUSDT,disp_180,0,0.0
1b_live,cross,480,BTCUSDT,relstr_180,0,0.0
1b_live,cross,480,BTCUSDT,rank_180,0,0.0
1b_live,cross,480,BTCUSDT,btc_minus_own_180,0,0.0
1b_live,cross,480,BTCUSDT,eth_minus_own_180,0,0.0
1b_live,cross,480,BTCUSDT,own_ret_360,0,0.0
1b_live,cross,480,BTCUSDT,btc_ret_360,0,0.0
1b_live,cross,480,BTCUSDT,eth_ret_360,0,0.0
1b_live,cross,480,BTCUSDT,mkt_ret_360,0,0.0
1b_live,cross,480,BTCUSDT,breadth_360,0,0.0
1b_live,cross,480,BTCUSDT,disp_360,0,0.0
1b_live,cross,480,BTCUSDT,relstr_360,0,0.0
1b_live,cross,480,BTCUSDT,rank_360,0,0.0
1b_live,cross,480,BTCUSDT,btc_minus_own_360,0,0.0
1b_live,cross,480,BTCUSDT,eth_minus_own_360,0,0.0
1b_live,cross,480,BTCUSDT,own_ret_720,0,0.0
1b_live,cross,480,BTCUSDT,btc_ret_720,0,0.0
1b_live,cross,480,BTCUSDT,eth_ret_720,0,0.0
1b_live,cross,480,BTCUSDT,mkt_ret_720,0,0.0
1b_live,cross,480,BTCUSDT,breadth_720,0,0.0
1b_live,cross,480,BTCUSDT,disp_720,0,0.0
1b_live,cross,480,BTCUSDT,relstr_720,0,0.0
1b_live,cross,480,BTCUSDT,rank_720,0,0.0
1b_live,cross,480,BTCUSDT,btc_minus_own_720,0,0.0
1b_live,cross,480,BTCUSDT,eth_minus_own_720,0,0.0
1b_live,cross,480,BTCUSDT,own_ret_1440,0,0.0
1b_live,cross,480,BTCUSDT,btc_ret_1440,0,0.0
1b_live,cross,480,BTCUSDT,eth_ret_1440,0,0.0
1b_live,cross,480,BTCUSDT,mkt_ret_1440,0,0.0
1b_live,cross,480,BTCUSDT,breadth_1440,0,0.0
1b_live,cross,480,BTCUSDT,disp_1440,0,0.0
1b_live,cross,480,BTCUSDT,relstr_1440,0,0.0
1b_live,cross,480,BTCUSDT,rank_1440,0,0.0
1b_live,cross,480,BTCUSDT,btc_minus_own_1440,0,0.0
1b_live,cross,480,BTCUSDT,eth_minus_own_1440,0,0.0
1b_live,micro,480,DOGEUSDT,rskew_30,0,1.6245479628196335e-08
1b_live,micro,480,DOGEUSDT,rskew_30_xrank,0,0.0
1b_live,micro,480,DOGEUSDT,rkurt_30,0,1.6043906043705647e-06
1b_live,micro,480,DOGEUSDT,rkurt_30_xrank,0,0.0
1b_live,micro,480,DOGEUSDT,roll_30,0,0.0
1b_live,micro,480,DOGEUSDT,roll_30_xrank,0,0.0
1b_live,micro,480,DOGEUSDT,amihud_30,0,0.0
1b_live,micro,480,DOGEUSDT,amihud_30_xrank,0,0.0
1b_live,micro,480,DOGEUSDT,kyle_30,0,1.9613523249972786e-08
1b_live,micro,480,DOGEUSDT,kyle_30_xrank,0,0.0
1b_live,micro,480,DOGEUSDT,vpin_30,0,5.069060549089954e-08
1b_live,micro,480,DOGEUSDT,vpin_30_xrank,0,0.0
1b_live,micro,480,DOGEUSDT,jump_30,0,7.73671704479284e-09
1b_live,micro,480,DOGEUSDT,jump_30_xrank,0,0.0
1b_live,micro,480,DOGEUSDT,vratio_30,0,6.692965826005093e-08
1b_live,micro,480,DOGEUSDT,vratio_30_xrank,0,0.0
1b_live,micro,480,DOGEUSDT,cvd_slope_30,0,0.0
1b_live,micro,480,DOGEUSDT,cvd_slope_30_xrank,0,0.0
1b_live,micro,480,DOGEUSDT,signac_30,0,0.0
1b_live,micro,480,DOGEUSDT,signac_30_xrank,0,0.0
1b_live,micro,480,DOGEUSDT,sflow_30,0,0.0
1b_live,micro,480,DOGEUSDT,sflow_30_xrank,0,0.0
1b_live,micro,480,DOGEUSDT,rskew_120,0,5.6442357454500325e-09
1b_live,micro,480,DOGEUSDT,rskew_120_xrank,0,0.0
1b_live,micro,480,DOGEUSDT,rkurt_120,0,8.440552790034417e-08
1b_live,micro,480,DOGEUSDT,rkurt_120_xrank,0,0.0
1b_live,micro,480,DOGEUSDT,roll_120,0,0.0
1b_live,micro,480,DOGEUSDT,roll_120_xrank,0,0.0
1b_live,micro,480,DOGEUSDT,amihud_120,0,0.0
1b_live,micro,480,DOGEUSDT,amihud_120_xrank,0,0.0
1b_live,micro,480,DOGEUSDT,kyle_120,0,0.0
1b_live,micro,480,DOGEUSDT,kyle_120_xrank,0,0.0
1b_live,micro,480,DOGEUSDT,vpin_120,0,0.0
1b_live,micro,480,DOGEUSDT,vpin_120_xrank,0,0.0
1b_live,micro,480,DOGEUSDT,jump_120,0,1.4853458463193192e-09
1b_live,micro,480,DOGEUSDT,jump_120_xrank,0,0.0
1b_live,micro,480,DOGEUSDT,vratio_120,0,0.0
1b_live,micro,480,DOGEUSDT,vratio_120_xrank,0,0.0
1b_live,micro,480,DOGEUSDT,cvd_slope_120,0,0.0
1b_live,micro,480,DOGEUSDT,cvd_slope_120_xrank,0,0.0
1b_live,micro,480,DOGEUSDT,signac_120,0,0.0
1b_live,micro,480,DOGEUSDT,signac_120_xrank,0,0.0
1b_live,micro,480,DOGEUSDT,sflow_120,0,0.0
1b_live,micro,480,DOGEUSDT,sflow_120_xrank,0,0.0
1b_live,micro,480,DOGEUSDT,rskew_480,0,0.0
1b_live,micro,480,DOGEUSDT,rskew_480_xrank,0,0.0
1b_live,micro,480,DOGEUSDT,rkurt_480,0,5.670656477718694e-08
1b_live,micro,480,DOGEUSDT,rkurt_480_xrank,0,0.0
1b_live,micro,480,DOGEUSDT,roll_480,0,0.0
1b_live,micro,480,DOGEUSDT,roll_480_xrank,0,0.0
1b_live,micro,480,DOGEUSDT,amihud_480,0,0.0
1b_live,micro,480,DOGEUSDT,amihud_480_xrank,0,0.0
1b_live,micro,480,DOGEUSDT,kyle_480,0,0.0
1b_live,micro,480,DOGEUSDT,kyle_480_xrank,0,0.0
1b_live,micro,480,DOGEUSDT,vpin_480,0,0.0
1b_live,micro,480,DOGEUSDT,vpin_480_xrank,0,0.0
1b_live,micro,480,DOGEUSDT,jump_480,0,2.4517190055917126e-08
1b_live,micro,480,DOGEUSDT,jump_480_xrank,0,0.0
1b_live,micro,480,DOGEUSDT,vratio_480,0,0.0
1b_live,micro,480,DOGEUSDT,vratio_480_xrank,0,0.0
1b_live,micro,480,DOGEUSDT,cvd_slope_480,0,0.0
1b_live,micro,480,DOGEUSDT,cvd_slope_480_xrank,0,0.0
1b_live,micro,480,DOGEUSDT,signac_480,0,0.0
1b_live,micro,480,DOGEUSDT,signac_480_xrank,0,0.0
1b_live,micro,480,DOGEUSDT,sflow_480,0,0.0
1b_live,micro,480,DOGEUSDT,sflow_480_xrank,0,0.0
1b_live,cross,480,DOGEUSDT,own_ret_1,0,0.0
1b_live,cross,480,DOGEUSDT,btc_ret_1,0,0.0
1b_live,cross,480,DOGEUSDT,eth_ret_1,0,0.0
1b_live,cross,480,DOGEUSDT,mkt_ret_1,0,0.0
1b_live,cross,480,DOGEUSDT,breadth_1,0,0.0
1b_live,cross,480,DOGEUSDT,disp_1,0,0.0
1b_live,cross,480,DOGEUSDT,relstr_1,0,0.0
1b_live,cross,480,DOGEUSDT,rank_1,0,0.0
1b_live,cross,480,DOGEUSDT,btc_minus_own_1,0,0.0
1b_live,cross,480,DOGEUSDT,eth_minus_own_1,0,0.0
1b_live,cross,480,DOGEUSDT,own_ret_5,0,0.0
1b_live,cross,480,DOGEUSDT,btc_ret_5,0,0.0
1b_live,cross,480,DOGEUSDT,eth_ret_5,0,0.0
1b_live,cross,480,DOGEUSDT,mkt_ret_5,0,0.0
1b_live,cross,480,DOGEUSDT,breadth_5,0,0.0
1b_live,cross,480,DOGEUSDT,disp_5,0,0.0
1b_live,cross,480,DOGEUSDT,relstr_5,0,0.0
1b_live,cross,480,DOGEUSDT,rank_5,0,0.0
1b_live,cross,480,DOGEUSDT,btc_minus_own_5,0,0.0
1b_live,cross,480,DOGEUSDT,eth_minus_own_5,0,0.0
1b_live,cross,480,DOGEUSDT,own_ret_15,0,0.0
1b_live,cross,480,DOGEUSDT,btc_ret_15,0,0.0
1b_live,cross,480,DOGEUSDT,eth_ret_15,0,0.0
1b_live,cross,480,DOGEUSDT,mkt_ret_15,0,0.0
1b_live,cross,480,DOGEUSDT,breadth_15,0,0.0
1b_live,cross,480,DOGEUSDT,disp_15,0,0.0
1b_live,cross,480,DOGEUSDT,relstr_15,0,0.0
1b_live,cross,480,DOGEUSDT,rank_15,0,0.0
1b_live,cross,480,DOGEUSDT,btc_minus_own_15,0,0.0
1b_live,cross,480,DOGEUSDT,eth_minus_own_15,0,0.0
1b_live,cross,480,DOGEUSDT,own_ret_30,0,0.0
1b_live,cross,480,DOGEUSDT,btc_ret_30,0,0.0
1b_live,cross,480,DOGEUSDT,eth_ret_30,0,0.0
1b_live,cross,480,DOGEUSDT,mkt_ret_30,0,0.0
1b_live,cross,480,DOGEUSDT,breadth_30,0,0.0
1b_live,cross,480,DOGEUSDT,disp_30,0,0.0
1b_live,cross,480,DOGEUSDT,relstr_30,0,0.0
1b_live,cross,480,DOGEUSDT,rank_30,0,0.0
1b_live,cross,480,DOGEUSDT,btc_minus_own_30,0,0.0
1b_live,cross,480,DOGEUSDT,eth_minus_own_30,0,0.0
1b_live,cross,480,DOGEUSDT,own_ret_60,0,0.0
1b_live,cross,480,DOGEUSDT,btc_ret_60,0,0.0
1b_live,cross,480,DOGEUSDT,eth_ret_60,0,0.0
1b_live,cross,480,DOGEUSDT,mkt_ret_60,0,0.0
1b_live,cross,480,DOGEUSDT,breadth_60,0,0.0
1b_live,cross,480,DOGEUSDT,disp_60,0,0.0
1b_live,cross,480,DOGEUSDT,relstr_60,0,0.0
1b_live,cross,480,DOGEUSDT,rank_60,0,0.0
1b_live,cross,480,DOGEUSDT,btc_minus_own_60,0,0.0
1b_live,cross,480,DOGEUSDT,eth_minus_own_60,0,0.0
1b_live,cross,480,DOGEUSDT,own_ret_180,0,0.0
1b_live,cross,480,DOGEUSDT,btc_ret_180,0,0.0
1b_live,cross,480,DOGEUSDT,eth_ret_180,0,0.0
1b_live,cross,480,DOGEUSDT,mkt_ret_180,0,0.0
1b_live,cross,480,DOGEUSDT,breadth_180,0,0.0
1b_live,cross,480,DOGEUSDT,disp_180,0,0.0
1b_live,cross,480,DOGEUSDT,relstr_180,0,0.0
1b_live,cross,480,DOGEUSDT,rank_180,0,0.0
1b_live,cross,480,DOGEUSDT,btc_minus_own_180,0,0.0
1b_live,cross,480,DOGEUSDT,eth_minus_own_180,0,0.0
1b_live,cross,480,DOGEUSDT,own_ret_360,0,0.0
1b_live,cross,480,DOGEUSDT,btc_ret_360,0,0.0
1b_live,cross,480,DOGEUSDT,eth_ret_360,0,0.0
1b_live,cross,480,DOGEUSDT,mkt_ret_360,0,0.0
1b_live,cross,480,DOGEUSDT,breadth_360,0,0.0
1b_live,cross,480,DOGEUSDT,disp_360,0,0.0
1b_live,cross,480,DOGEUSDT,relstr_360,0,0.0
1b_live,cross,480,DOGEUSDT,rank_360,0,0.0
1b_live,cross,480,DOGEUSDT,btc_minus_own_360,0,0.0
1b_live,cross,480,DOGEUSDT,eth_minus_own_360,0,0.0
1b_live,cross,480,DOGEUSDT,own_ret_720,0,0.0
1b_live,cross,480,DOGEUSDT,btc_ret_720,0,0.0
1b_live,cross,480,DOGEUSDT,eth_ret_720,0,0.0
1b_live,cross,480,DOGEUSDT,mkt_ret_720,0,0.0
1b_live,cross,480,DOGEUSDT,breadth_720,0,0.0
1b_live,cross,480,DOGEUSDT,disp_720,0,0.0
1b_live,cross,480,DOGEUSDT,relstr_720,0,0.0
1b_live,cross,480,DOGEUSDT,rank_720,0,0.0
1b_live,cross,480,DOGEUSDT,btc_minus_own_720,0,0.0
1b_live,cross,480,DOGEUSDT,eth_minus_own_720,0,0.0
1b_live,cross,480,DOGEUSDT,own_ret_1440,0,0.0
1b_live,cross,480,DOGEUSDT,btc_ret_1440,0,0.0
1b_live,cross,480,DOGEUSDT,eth_ret_1440,0,0.0
1b_live,cross,480,DOGEUSDT,mkt_ret_1440,0,0.0
1b_live,cross,480,DOGEUSDT,breadth_1440,0,0.0
1b_live,cross,480,DOGEUSDT,disp_1440,0,0.0
1b_live,cross,480,DOGEUSDT,relstr_1440,0,0.0
1b_live,cross,480,DOGEUSDT,rank_1440,0,0.0
1b_live,cross,480,DOGEUSDT,btc_minus_own_1440,0,0.0
1b_live,cross,480,DOGEUSDT,eth_minus_own_1440,0,0.0
1b_live,micro,480,DOTUSDT,rskew_30,0,9.831784275604605e-10
1b_live,micro,480,DOTUSDT,rskew_30_xrank,0,0.0
1b_live,micro,480,DOTUSDT,rkurt_30,0,1.7342703131362214e-06
1b_live,micro,480,DOTUSDT,rkurt_30_xrank,0,0.0
1b_live,micro,480,DOTUSDT,roll_30,0,0.0
1b_live,micro,480,DOTUSDT,roll_30_xrank,0,0.0
1b_live,micro,480,DOTUSDT,amihud_30,0,0.0
1b_live,micro,480,DOTUSDT,amihud_30_xrank,0,0.0
1b_live,micro,480,DOTUSDT,kyle_30,0,6.719168510471718e-08
1b_live,micro,480,DOTUSDT,kyle_30_xrank,0,0.0
1b_live,micro,480,DOTUSDT,vpin_30,0,0.0
1b_live,micro,480,DOTUSDT,vpin_30_xrank,0,0.0
1b_live,micro,480,DOTUSDT,jump_30,0,3.098433865034167e-08
1b_live,micro,480,DOTUSDT,jump_30_xrank,0,0.0
1b_live,micro,480,DOTUSDT,vratio_30,0,0.0
1b_live,micro,480,DOTUSDT,vratio_30_xrank,0,0.0
1b_live,micro,480,DOTUSDT,cvd_slope_30,0,0.0
1b_live,micro,480,DOTUSDT,cvd_slope_30_xrank,0,0.0
1b_live,micro,480,DOTUSDT,signac_30,0,0.0
1b_live,micro,480,DOTUSDT,signac_30_xrank,0,0.0
1b_live,micro,480,DOTUSDT,sflow_30,0,0.0
1b_live,micro,480,DOTUSDT,sflow_30_xrank,0,0.0
1b_live,micro,480,DOTUSDT,rskew_120,0,3.3002094390610637e-09
1b_live,micro,480,DOTUSDT,rskew_120_xrank,0,0.0
1b_live,micro,480,DOTUSDT,rkurt_120,0,8.279086216589349e-08
1b_live,micro,480,DOTUSDT,rkurt_120_xrank,0,0.0
1b_live,micro,480,DOTUSDT,roll_120,0,0.0
1b_live,micro,480,DOTUSDT,roll_120_xrank,0,0.0
1b_live,micro,480,DOTUSDT,amihud_120,0,0.0
1b_live,micro,480,DOTUSDT,amihud_120_xrank,0,0.0
1b_live,micro,480,DOTUSDT,kyle_120,0,9.171212411729357e-08
1b_live,micro,480,DOTUSDT,kyle_120_xrank,0,0.0
1b_live,micro,480,DOTUSDT,vpin_120,0,0.0
1b_live,micro,480,DOTUSDT,vpin_120_xrank,0,0.0
1b_live,micro,480,DOTUSDT,jump_120,0,2.6929273033715617e-08
1b_live,micro,480,DOTUSDT,jump_120_xrank,0,0.0
1b_live,micro,480,DOTUSDT,vratio_120,0,0.0
1b_live,micro,480,DOTUSDT,vratio_120_xrank,0,0.0
1b_live,micro,480,DOTUSDT,cvd_slope_120,0,8.646645177634582e-09
1b_live,micro,480,DOTUSDT,cvd_slope_120_xrank,0,0.0
1b_live,micro,480,DOTUSDT,signac_120,0,0.0
1b_live,micro,480,DOTUSDT,signac_120_xrank,0,0.0
1b_live,micro,480,DOTUSDT,sflow_120,0,0.0
1b_live,micro,480,DOTUSDT,sflow_120_xrank,0,0.0
1b_live,micro,480,DOTUSDT,rskew_480,0,3.015425409369499e-10
1b_live,micro,480,DOTUSDT,rskew_480_xrank,0,0.0
1b_live,micro,480,DOTUSDT,rkurt_480,0,3.2512183167909825e-08
1b_live,micro,480,DOTUSDT,rkurt_480_xrank,0,0.0
1b_live,micro,480,DOTUSDT,roll_480,0,0.0
1b_live,micro,480,DOTUSDT,roll_480_xrank,0,0.0
1b_live,micro,480,DOTUSDT,amihud_480,0,0.0
1b_live,micro,480,DOTUSDT,amihud_480_xrank,0,0.0
1b_live,micro,480,DOTUSDT,kyle_480,0,6.50163300974782e-08
1b_live,micro,480,DOTUSDT,kyle_480_xrank,0,0.0
1b_live,micro,480,DOTUSDT,vpin_480,0,0.0
1b_live,micro,480,DOTUSDT,vpin_480_xrank,0,0.0
1b_live,micro,480,DOTUSDT,jump_480,0,1.987012332449467e-08
1b_live,micro,480,DOTUSDT,jump_480_xrank,0,0.0
1b_live,micro,480,DOTUSDT,vratio_480,0,0.0
1b_live,micro,480,DOTUSDT,vratio_480_xrank,0,0.0
1b_live,micro,480,DOTUSDT,cvd_slope_480,0,0.0
1b_live,micro,480,DOTUSDT,cvd_slope_480_xrank,0,0.0
1b_live,micro,480,DOTUSDT,signac_480,0,0.0
1b_live,micro,480,DOTUSDT,signac_480_xrank,0,0.0
1b_live,micro,480,DOTUSDT,sflow_480,0,0.0
1b_live,micro,480,DOTUSDT,sflow_480_xrank,0,0.0
1b_live,cross,480,DOTUSDT,own_ret_1,0,0.0
1b_live,cross,480,DOTUSDT,btc_ret_1,0,0.0
1b_live,cross,480,DOTUSDT,eth_ret_1,0,0.0
1b_live,cross,480,DOTUSDT,mkt_ret_1,0,0.0
1b_live,cross,480,DOTUSDT,breadth_1,0,0.0
1b_live,cross,480,DOTUSDT,disp_1,0,0.0
1b_live,cross,480,DOTUSDT,relstr_1,0,0.0
1b_live,cross,480,DOTUSDT,rank_1,0,0.0
1b_live,cross,480,DOTUSDT,btc_minus_own_1,0,0.0
1b_live,cross,480,DOTUSDT,eth_minus_own_1,0,0.0
1b_live,cross,480,DOTUSDT,own_ret_5,0,0.0
1b_live,cross,480,DOTUSDT,btc_ret_5,0,0.0
1b_live,cross,480,DOTUSDT,eth_ret_5,0,0.0
1b_live,cross,480,DOTUSDT,mkt_ret_5,0,0.0
1b_live,cross,480,DOTUSDT,breadth_5,0,0.0
1b_live,cross,480,DOTUSDT,disp_5,0,0.0
1b_live,cross,480,DOTUSDT,relstr_5,0,0.0
1b_live,cross,480,DOTUSDT,rank_5,0,0.0
1b_live,cross,480,DOTUSDT,btc_minus_own_5,0,0.0
1b_live,cross,480,DOTUSDT,eth_minus_own_5,0,0.0
1b_live,cross,480,DOTUSDT,own_ret_15,0,0.0
1b_live,cross,480,DOTUSDT,btc_ret_15,0,0.0
1b_live,cross,480,DOTUSDT,eth_ret_15,0,0.0
1b_live,cross,480,DOTUSDT,mkt_ret_15,0,0.0
1b_live,cross,480,DOTUSDT,breadth_15,0,0.0
1b_live,cross,480,DOTUSDT,disp_15,0,0.0
1b_live,cross,480,DOTUSDT,relstr_15,0,0.0
1b_live,cross,480,DOTUSDT,rank_15,0,0.0
1b_live,cross,480,DOTUSDT,btc_minus_own_15,0,0.0
1b_live,cross,480,DOTUSDT,eth_minus_own_15,0,0.0
1b_live,cross,480,DOTUSDT,own_ret_30,0,0.0
1b_live,cross,480,DOTUSDT,btc_ret_30,0,0.0
1b_live,cross,480,DOTUSDT,eth_ret_30,0,0.0
1b_live,cross,480,DOTUSDT,mkt_ret_30,0,0.0
1b_live,cross,480,DOTUSDT,breadth_30,0,0.0
1b_live,cross,480,DOTUSDT,disp_30,0,0.0
1b_live,cross,480,DOTUSDT,relstr_30,0,0.0
1b_live,cross,480,DOTUSDT,rank_30,0,0.0
1b_live,cross,480,DOTUSDT,btc_minus_own_30,0,0.0
1b_live,cross,480,DOTUSDT,eth_minus_own_30,0,0.0
1b_live,cross,480,DOTUSDT,own_ret_60,0,0.0
1b_live,cross,480,DOTUSDT,btc_ret_60,0,0.0
1b_live,cross,480,DOTUSDT,eth_ret_60,0,0.0
1b_live,cross,480,DOTUSDT,mkt_ret_60,0,0.0
1b_live,cross,480,DOTUSDT,breadth_60,0,0.0
1b_live,cross,480,DOTUSDT,disp_60,0,0.0
1b_live,cross,480,DOTUSDT,relstr_60,0,0.0
1b_live,cross,480,DOTUSDT,rank_60,0,0.0
1b_live,cross,480,DOTUSDT,btc_minus_own_60,0,0.0
1b_live,cross,480,DOTUSDT,eth_minus_own_60,0,0.0
1b_live,cross,480,DOTUSDT,own_ret_180,0,0.0
1b_live,cross,480,DOTUSDT,btc_ret_180,0,0.0
1b_live,cross,480,DOTUSDT,eth_ret_180,0,0.0
1b_live,cross,480,DOTUSDT,mkt_ret_180,0,0.0
1b_live,cross,480,DOTUSDT,breadth_180,0,0.0
1b_live,cross,480,DOTUSDT,disp_180,0,0.0
1b_live,cross,480,DOTUSDT,relstr_180,0,0.0
1b_live,cross,480,DOTUSDT,rank_180,0,0.0
1b_live,cross,480,DOTUSDT,btc_minus_own_180,0,0.0
1b_live,cross,480,DOTUSDT,eth_minus_own_180,0,0.0
1b_live,cross,480,DOTUSDT,own_ret_360,0,0.0
1b_live,cross,480,DOTUSDT,btc_ret_360,0,0.0
1b_live,cross,480,DOTUSDT,eth_ret_360,0,0.0
1b_live,cross,480,DOTUSDT,mkt_ret_360,0,0.0
1b_live,cross,480,DOTUSDT,breadth_360,0,0.0
1b_live,cross,480,DOTUSDT,disp_360,0,0.0
1b_live,cross,480,DOTUSDT,relstr_360,0,0.0
1b_live,cross,480,DOTUSDT,rank_360,0,0.0
1b_live,cross,480,DOTUSDT,btc_minus_own_360,0,0.0
1b_live,cross,480,DOTUSDT,eth_minus_own_360,0,0.0
1b_live,cross,480,DOTUSDT,own_ret_720,0,0.0
1b_live,cross,480,DOTUSDT,btc_ret_720,0,0.0
1b_live,cross,480,DOTUSDT,eth_ret_720,0,0.0
1b_live,cross,480,DOTUSDT,mkt_ret_720,0,0.0
1b_live,cross,480,DOTUSDT,breadth_720,0,0.0
1b_live,cross,480,DOTUSDT,disp_720,0,0.0
1b_live,cross,480,DOTUSDT,relstr_720,0,0.0
1b_live,cross,480,DOTUSDT,rank_720,0,0.0
1b_live,cross,480,DOTUSDT,btc_minus_own_720,0,0.0
1b_live,cross,480,DOTUSDT,eth_minus_own_720,0,0.0
1b_live,cross,480,DOTUSDT,own_ret_1440,0,0.0
1b_live,cross,480,DOTUSDT,btc_ret_1440,0,0.0
1b_live,cross,480,DOTUSDT,eth_ret_1440,0,0.0
1b_live,cross,480,DOTUSDT,mkt_ret_1440,0,0.0
1b_live,cross,480,DOTUSDT,breadth_1440,0,0.0
1b_live,cross,480,DOTUSDT,disp_1440,0,0.0
1b_live,cross,480,DOTUSDT,relstr_1440,0,0.0
1b_live,cross,480,DOTUSDT,rank_1440,0,0.0
1b_live,cross,480,DOTUSDT,btc_minus_own_1440,0,0.0
1b_live,cross,480,DOTUSDT,eth_minus_own_1440,0,0.0
1b_live,micro,480,ETHUSDT,rskew_30,0,4.156643385044845e-08
1b_live,micro,480,ETHUSDT,rskew_30_xrank,0,0.0
1b_live,micro,480,ETHUSDT,rkurt_30,0,2.161338670703117e-06
1b_live,micro,480,ETHUSDT,rkurt_30_xrank,0,0.0
1b_live,micro,480,ETHUSDT,roll_30,0,0.0
1b_live,micro,480,ETHUSDT,roll_30_xrank,0,0.0
1b_live,micro,480,ETHUSDT,amihud_30,0,0.0
1b_live,micro,480,ETHUSDT,amihud_30_xrank,0,0.0
1b_live,micro,480,ETHUSDT,kyle_30,0,0.0
1b_live,micro,480,ETHUSDT,kyle_30_xrank,0,0.0
1b_live,micro,480,ETHUSDT,vpin_30,0,0.0
1b_live,micro,480,ETHUSDT,vpin_30_xrank,0,0.0
1b_live,micro,480,ETHUSDT,jump_30,0,0.0
1b_live,micro,480,ETHUSDT,jump_30_xrank,0,0.0
1b_live,micro,480,ETHUSDT,vratio_30,0,0.0
1b_live,micro,480,ETHUSDT,vratio_30_xrank,0,0.0
1b_live,micro,480,ETHUSDT,cvd_slope_30,0,0.0
1b_live,micro,480,ETHUSDT,cvd_slope_30_xrank,0,0.0
1b_live,micro,480,ETHUSDT,signac_30,0,0.0
1b_live,micro,480,ETHUSDT,signac_30_xrank,0,0.0
1b_live,micro,480,ETHUSDT,sflow_30,0,0.0
1b_live,micro,480,ETHUSDT,sflow_30_xrank,0,0.0
1b_live,micro,480,ETHUSDT,rskew_120,0,1.6082298825992325e-09
1b_live,micro,480,ETHUSDT,rskew_120_xrank,0,0.0
1b_live,micro,480,ETHUSDT,rkurt_120,0,1.8263072831814497e-07
1b_live,micro,480,ETHUSDT,rkurt_120_xrank,0,0.0
1b_live,micro,480,ETHUSDT,roll_120,0,0.0
1b_live,micro,480,ETHUSDT,roll_120_xrank,0,0.0
1b_live,micro,480,ETHUSDT,amihud_120,0,0.0
1b_live,micro,480,ETHUSDT,amihud_120_xrank,0,0.0
1b_live,micro,480,ETHUSDT,kyle_120,0,0.0
1b_live,micro,480,ETHUSDT,kyle_120_xrank,0,0.0
1b_live,micro,480,ETHUSDT,vpin_120,0,0.0
1b_live,micro,480,ETHUSDT,vpin_120_xrank,0,0.0
1b_live,micro,480,ETHUSDT,jump_120,0,1.548838746145975e-08
1b_live,micro,480,ETHUSDT,jump_120_xrank,0,0.0
1b_live,micro,480,ETHUSDT,vratio_120,0,0.0
1b_live,micro,480,ETHUSDT,vratio_120_xrank,0,0.0
1b_live,micro,480,ETHUSDT,cvd_slope_120,0,0.0
1b_live,micro,480,ETHUSDT,cvd_slope_120_xrank,0,0.0
1b_live,micro,480,ETHUSDT,signac_120,0,0.0
1b_live,micro,480,ETHUSDT,signac_120_xrank,0,0.0
1b_live,micro,480,ETHUSDT,sflow_120,0,0.0
1b_live,micro,480,ETHUSDT,sflow_120_xrank,0,0.0
1b_live,micro,480,ETHUSDT,rskew_480,0,4.12061718080281e-09
1b_live,micro,480,ETHUSDT,rskew_480_xrank,0,0.0
1b_live,micro,480,ETHUSDT,rkurt_480,0,5.25919965355115e-08
1b_live,micro,480,ETHUSDT,rkurt_480_xrank,0,0.0
1b_live,micro,480,ETHUSDT,roll_480,0,0.0
1b_live,micro,480,ETHUSDT,roll_480_xrank,0,0.0
1b_live,micro,480,ETHUSDT,amihud_480,0,0.0
1b_live,micro,480,ETHUSDT,amihud_480_xrank,0,0.0
1b_live,micro,480,ETHUSDT,kyle_480,0,0.0
1b_live,micro,480,ETHUSDT,kyle_480_xrank,0,0.0
1b_live,micro,480,ETHUSDT,vpin_480,0,0.0
1b_live,micro,480,ETHUSDT,vpin_480_xrank,0,0.0
1b_live,micro,480,ETHUSDT,jump_480,0,5.27506593961391e-10
1b_live,micro,480,ETHUSDT,jump_480_xrank,0,0.0
1b_live,micro,480,ETHUSDT,vratio_480,0,0.0
1b_live,micro,480,ETHUSDT,vratio_480_xrank,0,0.0
1b_live,micro,480,ETHUSDT,cvd_slope_480,0,0.0
1b_live,micro,480,ETHUSDT,cvd_slope_480_xrank,0,0.0
1b_live,micro,480,ETHUSDT,signac_480,0,0.0
1b_live,micro,480,ETHUSDT,signac_480_xrank,0,0.0
1b_live,micro,480,ETHUSDT,sflow_480,0,0.0
1b_live,micro,480,ETHUSDT,sflow_480_xrank,0,0.0
1b_live,cross,480,ETHUSDT,own_ret_1,0,0.0
1b_live,cross,480,ETHUSDT,btc_ret_1,0,0.0
1b_live,cross,480,ETHUSDT,eth_ret_1,0,0.0
1b_live,cross,480,ETHUSDT,mkt_ret_1,0,0.0
1b_live,cross,480,ETHUSDT,breadth_1,0,0.0
1b_live,cross,480,ETHUSDT,disp_1,0,0.0
1b_live,cross,480,ETHUSDT,relstr_1,0,0.0
1b_live,cross,480,ETHUSDT,rank_1,0,0.0
1b_live,cross,480,ETHUSDT,btc_minus_own_1,0,0.0
1b_live,cross,480,ETHUSDT,eth_minus_own_1,0,0.0
1b_live,cross,480,ETHUSDT,own_ret_5,0,0.0
1b_live,cross,480,ETHUSDT,btc_ret_5,0,0.0
1b_live,cross,480,ETHUSDT,eth_ret_5,0,0.0
1b_live,cross,480,ETHUSDT,mkt_ret_5,0,0.0
1b_live,cross,480,ETHUSDT,breadth_5,0,0.0
1b_live,cross,480,ETHUSDT,disp_5,0,0.0
1b_live,cross,480,ETHUSDT,relstr_5,0,0.0
1b_live,cross,480,ETHUSDT,rank_5,0,0.0
1b_live,cross,480,ETHUSDT,btc_minus_own_5,0,0.0
1b_live,cross,480,ETHUSDT,eth_minus_own_5,0,0.0
1b_live,cross,480,ETHUSDT,own_ret_15,0,0.0
1b_live,cross,480,ETHUSDT,btc_ret_15,0,0.0
1b_live,cross,480,ETHUSDT,eth_ret_15,0,0.0
1b_live,cross,480,ETHUSDT,mkt_ret_15,0,0.0
1b_live,cross,480,ETHUSDT,breadth_15,0,0.0
1b_live,cross,480,ETHUSDT,disp_15,0,0.0
1b_live,cross,480,ETHUSDT,relstr_15,0,0.0
1b_live,cross,480,ETHUSDT,rank_15,0,0.0
1b_live,cross,480,ETHUSDT,btc_minus_own_15,0,0.0
1b_live,cross,480,ETHUSDT,eth_minus_own_15,0,0.0
1b_live,cross,480,ETHUSDT,own_ret_30,0,0.0
1b_live,cross,480,ETHUSDT,btc_ret_30,0,0.0
1b_live,cross,480,ETHUSDT,eth_ret_30,0,0.0
1b_live,cross,480,ETHUSDT,mkt_ret_30,0,0.0
1b_live,cross,480,ETHUSDT,breadth_30,0,0.0
1b_live,cross,480,ETHUSDT,disp_30,0,0.0
1b_live,cross,480,ETHUSDT,relstr_30,0,0.0
1b_live,cross,480,ETHUSDT,rank_30,0,0.0
1b_live,cross,480,ETHUSDT,btc_minus_own_30,0,0.0
1b_live,cross,480,ETHUSDT,eth_minus_own_30,0,0.0
1b_live,cross,480,ETHUSDT,own_ret_60,0,0.0
1b_live,cross,480,ETHUSDT,btc_ret_60,0,0.0
1b_live,cross,480,ETHUSDT,eth_ret_60,0,0.0
1b_live,cross,480,ETHUSDT,mkt_ret_60,0,0.0
1b_live,cross,480,ETHUSDT,breadth_60,0,0.0
1b_live,cross,480,ETHUSDT,disp_60,0,0.0
1b_live,cross,480,ETHUSDT,relstr_60,0,0.0
1b_live,cross,480,ETHUSDT,rank_60,0,0.0
1b_live,cross,480,ETHUSDT,btc_minus_own_60,0,0.0
1b_live,cross,480,ETHUSDT,eth_minus_own_60,0,0.0
1b_live,cross,480,ETHUSDT,own_ret_180,0,0.0
1b_live,cross,480,ETHUSDT,btc_ret_180,0,0.0
1b_live,cross,480,ETHUSDT,eth_ret_180,0,0.0
1b_live,cross,480,ETHUSDT,mkt_ret_180,0,0.0
1b_live,cross,480,ETHUSDT,breadth_180,0,0.0
1b_live,cross,480,ETHUSDT,disp_180,0,0.0
1b_live,cross,480,ETHUSDT,relstr_180,0,0.0
1b_live,cross,480,ETHUSDT,rank_180,0,0.0
1b_live,cross,480,ETHUSDT,btc_minus_own_180,0,0.0
1b_live,cross,480,ETHUSDT,eth_minus_own_180,0,0.0
1b_live,cross,480,ETHUSDT,own_ret_360,0,0.0
1b_live,cross,480,ETHUSDT,btc_ret_360,0,0.0
1b_live,cross,480,ETHUSDT,eth_ret_360,0,0.0
1b_live,cross,480,ETHUSDT,mkt_ret_360,0,0.0
1b_live,cross,480,ETHUSDT,breadth_360,0,0.0
1b_live,cross,480,ETHUSDT,disp_360,0,0.0
1b_live,cross,480,ETHUSDT,relstr_360,0,0.0
1b_live,cross,480,ETHUSDT,rank_360,0,0.0
1b_live,cross,480,ETHUSDT,btc_minus_own_360,0,0.0
1b_live,cross,480,ETHUSDT,eth_minus_own_360,0,0.0
1b_live,cross,480,ETHUSDT,own_ret_720,0,0.0
1b_live,cross,480,ETHUSDT,btc_ret_720,0,0.0
1b_live,cross,480,ETHUSDT,eth_ret_720,0,0.0
1b_live,cross,480,ETHUSDT,mkt_ret_720,0,0.0
1b_live,cross,480,ETHUSDT,breadth_720,0,0.0
1b_live,cross,480,ETHUSDT,disp_720,0,0.0
1b_live,cross,480,ETHUSDT,relstr_720,0,0.0
1b_live,cross,480,ETHUSDT,rank_720,0,0.0
1b_live,cross,480,ETHUSDT,btc_minus_own_720,0,0.0
1b_live,cross,480,ETHUSDT,eth_minus_own_720,0,0.0
1b_live,cross,480,ETHUSDT,own_ret_1440,0,0.0
1b_live,cross,480,ETHUSDT,btc_ret_1440,0,0.0
1b_live,cross,480,ETHUSDT,eth_ret_1440,0,0.0
1b_live,cross,480,ETHUSDT,mkt_ret_1440,0,0.0
1b_live,cross,480,ETHUSDT,breadth_1440,0,0.0
1b_live,cross,480,ETHUSDT,disp_1440,0,0.0
1b_live,cross,480,ETHUSDT,relstr_1440,0,0.0
1b_live,cross,480,ETHUSDT,rank_1440,0,0.0
1b_live,cross,480,ETHUSDT,btc_minus_own_1440,0,0.0
1b_live,cross,480,ETHUSDT,eth_minus_own_1440,0,0.0
1b_live,micro,480,LINKUSDT,rskew_30,0,0.0
1b_live,micro,480,LINKUSDT,rskew_30_xrank,0,0.0
1b_live,micro,480,LINKUSDT,rkurt_30,0,6.187548819980293e-07
1b_live,micro,480,LINKUSDT,rkurt_30_xrank,0,0.0
1b_live,micro,480,LINKUSDT,roll_30,0,0.0
1b_live,micro,480,LINKUSDT,roll_30_xrank,0,0.0
1b_live,micro,480,LINKUSDT,amihud_30,0,0.0
1b_live,micro,480,LINKUSDT,amihud_30_xrank,0,0.0
1b_live,micro,480,LINKUSDT,kyle_30,0,4.2054910665001444e-08
1b_live,micro,480,LINKUSDT,kyle_30_xrank,0,0.0
1b_live,micro,480,LINKUSDT,vpin_30,0,0.0
1b_live,micro,480,LINKUSDT,vpin_30_xrank,0,0.0
1b_live,micro,480,LINKUSDT,jump_30,0,0.0
1b_live,micro,480,LINKUSDT,jump_30_xrank,0,0.0
1b_live,micro,480,LINKUSDT,vratio_30,0,0.0
1b_live,micro,480,LINKUSDT,vratio_30_xrank,0,0.0
1b_live,micro,480,LINKUSDT,cvd_slope_30,0,0.0
1b_live,micro,480,LINKUSDT,cvd_slope_30_xrank,0,0.0
1b_live,micro,480,LINKUSDT,signac_30,0,0.0
1b_live,micro,480,LINKUSDT,signac_30_xrank,0,0.0
1b_live,micro,480,LINKUSDT,sflow_30,0,0.0
1b_live,micro,480,LINKUSDT,sflow_30_xrank,0,0.0
1b_live,micro,480,LINKUSDT,rskew_120,0,1.2374057507813507e-11
1b_live,micro,480,LINKUSDT,rskew_120_xrank,0,0.0
1b_live,micro,480,LINKUSDT,rkurt_120,0,2.3148770011971465e-08
1b_live,micro,480,LINKUSDT,rkurt_120_xrank,0,0.0
1b_live,micro,480,LINKUSDT,roll_120,0,0.0
1b_live,micro,480,LINKUSDT,roll_120_xrank,0,0.0
1b_live,micro,480,LINKUSDT,amihud_120,0,0.0
1b_live,micro,480,LINKUSDT,amihud_120_xrank,0,0.0
1b_live,micro,480,LINKUSDT,kyle_120,0,0.0
1b_live,micro,480,LINKUSDT,kyle_120_xrank,0,0.0
1b_live,micro,480,LINKUSDT,vpin_120,0,0.0
1b_live,micro,480,LINKUSDT,vpin_120_xrank,0,0.0
1b_live,micro,480,LINKUSDT,jump_120,0,3.560316130801766e-08
1b_live,micro,480,LINKUSDT,jump_120_xrank,0,0.0
1b_live,micro,480,LINKUSDT,vratio_120,0,0.0
1b_live,micro,480,LINKUSDT,vratio_120_xrank,0,0.0
1b_live,micro,480,LINKUSDT,cvd_slope_120,0,8.909871240803113e-08
1b_live,micro,480,LINKUSDT,cvd_slope_120_xrank,0,0.0
1b_live,micro,480,LINKUSDT,signac_120,0,0.0
1b_live,micro,480,LINKUSDT,signac_120_xrank,0,0.0
1b_live,micro,480,LINKUSDT,sflow_120,0,1.3839164481055377e-08
1b_live,micro,480,LINKUSDT,sflow_120_xrank,0,0.0
1b_live,micro,480,LINKUSDT,rskew_480,0,0.0
1b_live,micro,480,LINKUSDT,rskew_480_xrank,0,0.0
1b_live,micro,480,LINKUSDT,rkurt_480,0,2.8048200206853835e-08
1b_live,micro,480,LINKUSDT,rkurt_480_xrank,0,0.0
1b_live,micro,480,LINKUSDT,roll_480,0,0.0
1b_live,micro,480,LINKUSDT,roll_480_xrank,0,0.0
1b_live,micro,480,LINKUSDT,amihud_480,0,0.0
1b_live,micro,480,LINKUSDT,amihud_480_xrank,0,0.0
1b_live,micro,480,LINKUSDT,kyle_480,0,0.0
1b_live,micro,480,LINKUSDT,kyle_480_xrank,0,0.0
1b_live,micro,480,LINKUSDT,vpin_480,0,0.0
1b_live,micro,480,LINKUSDT,vpin_480_xrank,0,0.0
1b_live,micro,480,LINKUSDT,jump_480,0,2.1220520451947777e-08
1b_live,micro,480,LINKUSDT,jump_480_xrank,0,0.0
1b_live,micro,480,LINKUSDT,vratio_480,0,0.0
1b_live,micro,480,LINKUSDT,vratio_480_xrank,0,0.0
1b_live,micro,480,LINKUSDT,cvd_slope_480,0,9.613481921633138e-08
1b_live,micro,480,LINKUSDT,cvd_slope_480_xrank,0,0.0
1b_live,micro,480,LINKUSDT,signac_480,0,0.0
1b_live,micro,480,LINKUSDT,signac_480_xrank,0,0.0
1b_live,micro,480,LINKUSDT,sflow_480,0,0.0
1b_live,micro,480,LINKUSDT,sflow_480_xrank,0,0.0
1b_live,cross,480,LINKUSDT,own_ret_1,0,0.0
1b_live,cross,480,LINKUSDT,btc_ret_1,0,0.0
1b_live,cross,480,LINKUSDT,eth_ret_1,0,0.0
1b_live,cross,480,LINKUSDT,mkt_ret_1,0,0.0
1b_live,cross,480,LINKUSDT,breadth_1,0,0.0
1b_live,cross,480,LINKUSDT,disp_1,0,0.0
1b_live,cross,480,LINKUSDT,relstr_1,0,0.0
1b_live,cross,480,LINKUSDT,rank_1,0,0.0
1b_live,cross,480,LINKUSDT,btc_minus_own_1,0,0.0
1b_live,cross,480,LINKUSDT,eth_minus_own_1,0,0.0
1b_live,cross,480,LINKUSDT,own_ret_5,0,0.0
1b_live,cross,480,LINKUSDT,btc_ret_5,0,0.0
1b_live,cross,480,LINKUSDT,eth_ret_5,0,0.0
1b_live,cross,480,LINKUSDT,mkt_ret_5,0,0.0
1b_live,cross,480,LINKUSDT,breadth_5,0,0.0
1b_live,cross,480,LINKUSDT,disp_5,0,0.0
1b_live,cross,480,LINKUSDT,relstr_5,0,0.0
1b_live,cross,480,LINKUSDT,rank_5,0,0.0
1b_live,cross,480,LINKUSDT,btc_minus_own_5,0,0.0
1b_live,cross,480,LINKUSDT,eth_minus_own_5,0,0.0
1b_live,cross,480,LINKUSDT,own_ret_15,0,0.0
1b_live,cross,480,LINKUSDT,btc_ret_15,0,0.0
1b_live,cross,480,LINKUSDT,eth_ret_15,0,0.0
1b_live,cross,480,LINKUSDT,mkt_ret_15,0,0.0
1b_live,cross,480,LINKUSDT,breadth_15,0,0.0
1b_live,cross,480,LINKUSDT,disp_15,0,0.0
1b_live,cross,480,LINKUSDT,relstr_15,0,0.0
1b_live,cross,480,LINKUSDT,rank_15,0,0.0
1b_live,cross,480,LINKUSDT,btc_minus_own_15,0,0.0
1b_live,cross,480,LINKUSDT,eth_minus_own_15,0,0.0
1b_live,cross,480,LINKUSDT,own_ret_30,0,0.0
1b_live,cross,480,LINKUSDT,btc_ret_30,0,0.0
1b_live,cross,480,LINKUSDT,eth_ret_30,0,0.0
1b_live,cross,480,LINKUSDT,mkt_ret_30,0,0.0
1b_live,cross,480,LINKUSDT,breadth_30,0,0.0
1b_live,cross,480,LINKUSDT,disp_30,0,0.0
1b_live,cross,480,LINKUSDT,relstr_30,0,0.0
1b_live,cross,480,LINKUSDT,rank_30,0,0.0
1b_live,cross,480,LINKUSDT,btc_minus_own_30,0,0.0
1b_live,cross,480,LINKUSDT,eth_minus_own_30,0,0.0
1b_live,cross,480,LINKUSDT,own_ret_60,0,0.0
1b_live,cross,480,LINKUSDT,btc_ret_60,0,0.0
1b_live,cross,480,LINKUSDT,eth_ret_60,0,0.0
1b_live,cross,480,LINKUSDT,mkt_ret_60,0,0.0
1b_live,cross,480,LINKUSDT,breadth_60,0,0.0
1b_live,cross,480,LINKUSDT,disp_60,0,0.0
1b_live,cross,480,LINKUSDT,relstr_60,0,0.0
1b_live,cross,480,LINKUSDT,rank_60,0,0.0
1b_live,cross,480,LINKUSDT,btc_minus_own_60,0,0.0
1b_live,cross,480,LINKUSDT,eth_minus_own_60,0,0.0
1b_live,cross,480,LINKUSDT,own_ret_180,0,0.0
1b_live,cross,480,LINKUSDT,btc_ret_180,0,0.0
1b_live,cross,480,LINKUSDT,eth_ret_180,0,0.0
1b_live,cross,480,LINKUSDT,mkt_ret_180,0,0.0
1b_live,cross,480,LINKUSDT,breadth_180,0,0.0
1b_live,cross,480,LINKUSDT,disp_180,0,0.0
1b_live,cross,480,LINKUSDT,relstr_180,0,0.0
1b_live,cross,480,LINKUSDT,rank_180,0,0.0
1b_live,cross,480,LINKUSDT,btc_minus_own_180,0,0.0
1b_live,cross,480,LINKUSDT,eth_minus_own_180,0,0.0
1b_live,cross,480,LINKUSDT,own_ret_360,0,0.0
1b_live,cross,480,LINKUSDT,btc_ret_360,0,0.0
1b_live,cross,480,LINKUSDT,eth_ret_360,0,0.0
1b_live,cross,480,LINKUSDT,mkt_ret_360,0,0.0
1b_live,cross,480,LINKUSDT,breadth_360,0,0.0
1b_live,cross,480,LINKUSDT,disp_360,0,0.0
1b_live,cross,480,LINKUSDT,relstr_360,0,0.0
1b_live,cross,480,LINKUSDT,rank_360,0,0.0
1b_live,cross,480,LINKUSDT,btc_minus_own_360,0,0.0
1b_live,cross,480,LINKUSDT,eth_minus_own_360,0,0.0
1b_live,cross,480,LINKUSDT,own_ret_720,0,0.0
1b_live,cross,480,LINKUSDT,btc_ret_720,0,0.0
1b_live,cross,480,LINKUSDT,eth_ret_720,0,0.0
1b_live,cross,480,LINKUSDT,mkt_ret_720,0,0.0
1b_live,cross,480,LINKUSDT,breadth_720,0,0.0
1b_live,cross,480,LINKUSDT,disp_720,0,0.0
1b_live,cross,480,LINKUSDT,relstr_720,0,0.0
1b_live,cross,480,LINKUSDT,rank_720,0,0.0
1b_live,cross,480,LINKUSDT,btc_minus_own_720,0,0.0
1b_live,cross,480,LINKUSDT,eth_minus_own_720,0,0.0
1b_live,cross,480,LINKUSDT,own_ret_1440,0,0.0
1b_live,cross,480,LINKUSDT,btc_ret_1440,0,0.0
1b_live,cross,480,LINKUSDT,eth_ret_1440,0,0.0
1b_live,cross,480,LINKUSDT,mkt_ret_1440,0,0.0
1b_live,cross,480,LINKUSDT,breadth_1440,0,0.0
1b_live,cross,480,LINKUSDT,disp_1440,0,0.0
1b_live,cross,480,LINKUSDT,relstr_1440,0,0.0
1b_live,cross,480,LINKUSDT,rank_1440,0,0.0
1b_live,cross,480,LINKUSDT,btc_minus_own_1440,0,0.0
1b_live,cross,480,LINKUSDT,eth_minus_own_1440,0,0.0
1b_live,micro,480,SOLUSDT,rskew_30,0,4.415285081993403e-10
1b_live,micro,480,SOLUSDT,rskew_30_xrank,0,0.0
1b_live,micro,480,SOLUSDT,rkurt_30,0,1.3921513186687662e-07
1b_live,micro,480,SOLUSDT,rkurt_30_xrank,0,0.0
1b_live,micro,480,SOLUSDT,roll_30,0,0.0
1b_live,micro,480,SOLUSDT,roll_30_xrank,0,0.0
1b_live,micro,480,SOLUSDT,amihud_30,0,0.0
1b_live,micro,480,SOLUSDT,amihud_30_xrank,0,0.0
1b_live,micro,480,SOLUSDT,kyle_30,0,0.0
1b_live,micro,480,SOLUSDT,kyle_30_xrank,0,0.0
1b_live,micro,480,SOLUSDT,vpin_30,0,0.0
1b_live,micro,480,SOLUSDT,vpin_30_xrank,0,0.0
1b_live,micro,480,SOLUSDT,jump_30,0,3.1183747251084526e-10
1b_live,micro,480,SOLUSDT,jump_30_xrank,0,0.0
1b_live,micro,480,SOLUSDT,vratio_30,0,3.100131351629898e-08
1b_live,micro,480,SOLUSDT,vratio_30_xrank,0,0.0
1b_live,micro,480,SOLUSDT,cvd_slope_30,0,0.0
1b_live,micro,480,SOLUSDT,cvd_slope_30_xrank,0,0.0
1b_live,micro,480,SOLUSDT,signac_30,0,0.0
1b_live,micro,480,SOLUSDT,signac_30_xrank,0,0.0
1b_live,micro,480,SOLUSDT,sflow_30,0,0.0
1b_live,micro,480,SOLUSDT,sflow_30_xrank,0,0.0
1b_live,micro,480,SOLUSDT,rskew_120,0,0.0
1b_live,micro,480,SOLUSDT,rskew_120_xrank,0,0.0
1b_live,micro,480,SOLUSDT,rkurt_120,0,1.3361952433399438e-08
1b_live,micro,480,SOLUSDT,rkurt_120_xrank,0,0.0
1b_live,micro,480,SOLUSDT,roll_120,0,0.0
1b_live,micro,480,SOLUSDT,roll_120_xrank,0,0.0
1b_live,micro,480,SOLUSDT,amihud_120,0,0.0
1b_live,micro,480,SOLUSDT,amihud_120_xrank,0,0.0
1b_live,micro,480,SOLUSDT,kyle_120,0,0.0
1b_live,micro,480,SOLUSDT,kyle_120_xrank,0,0.0
1b_live,micro,480,SOLUSDT,vpin_120,0,0.0
1b_live,micro,480,SOLUSDT,vpin_120_xrank,0,0.0
1b_live,micro,480,SOLUSDT,jump_120,0,0.0
1b_live,micro,480,SOLUSDT,jump_120_xrank,0,0.0
1b_live,micro,480,SOLUSDT,vratio_120,0,0.0
1b_live,micro,480,SOLUSDT,vratio_120_xrank,0,0.0
1b_live,micro,480,SOLUSDT,cvd_slope_120,0,0.0
1b_live,micro,480,SOLUSDT,cvd_slope_120_xrank,0,0.0
1b_live,micro,480,SOLUSDT,signac_120,0,0.0
1b_live,micro,480,SOLUSDT,signac_120_xrank,0,0.0
1b_live,micro,480,SOLUSDT,sflow_120,0,0.0
1b_live,micro,480,SOLUSDT,sflow_120_xrank,0,0.0
1b_live,micro,480,SOLUSDT,rskew_480,0,0.0
1b_live,micro,480,SOLUSDT,rskew_480_xrank,0,0.0
1b_live,micro,480,SOLUSDT,rkurt_480,0,3.0058632916052375e-08
1b_live,micro,480,SOLUSDT,rkurt_480_xrank,0,0.0
1b_live,micro,480,SOLUSDT,roll_480,0,0.0
1b_live,micro,480,SOLUSDT,roll_480_xrank,0,0.0
1b_live,micro,480,SOLUSDT,amihud_480,0,0.0
1b_live,micro,480,SOLUSDT,amihud_480_xrank,0,0.0
1b_live,micro,480,SOLUSDT,kyle_480,0,0.0
1b_live,micro,480,SOLUSDT,kyle_480_xrank,0,0.0
1b_live,micro,480,SOLUSDT,vpin_480,0,0.0
1b_live,micro,480,SOLUSDT,vpin_480_xrank,0,0.0
1b_live,micro,480,SOLUSDT,jump_480,0,1.5993512292311607e-08
1b_live,micro,480,SOLUSDT,jump_480_xrank,0,0.0
1b_live,micro,480,SOLUSDT,vratio_480,0,0.0
1b_live,micro,480,SOLUSDT,vratio_480_xrank,0,0.0
1b_live,micro,480,SOLUSDT,cvd_slope_480,0,0.0
1b_live,micro,480,SOLUSDT,cvd_slope_480_xrank,0,0.0
1b_live,micro,480,SOLUSDT,signac_480,0,0.0
1b_live,micro,480,SOLUSDT,signac_480_xrank,0,0.0
1b_live,micro,480,SOLUSDT,sflow_480,0,0.0
1b_live,micro,480,SOLUSDT,sflow_480_xrank,0,0.0
1b_live,cross,480,SOLUSDT,own_ret_1,0,0.0
1b_live,cross,480,SOLUSDT,btc_ret_1,0,0.0
1b_live,cross,480,SOLUSDT,eth_ret_1,0,0.0
1b_live,cross,480,SOLUSDT,mkt_ret_1,0,0.0
1b_live,cross,480,SOLUSDT,breadth_1,0,0.0
1b_live,cross,480,SOLUSDT,disp_1,0,0.0
1b_live,cross,480,SOLUSDT,relstr_1,0,0.0
1b_live,cross,480,SOLUSDT,rank_1,0,0.0
1b_live,cross,480,SOLUSDT,btc_minus_own_1,0,0.0
1b_live,cross,480,SOLUSDT,eth_minus_own_1,0,0.0
1b_live,cross,480,SOLUSDT,own_ret_5,0,0.0
1b_live,cross,480,SOLUSDT,btc_ret_5,0,0.0
1b_live,cross,480,SOLUSDT,eth_ret_5,0,0.0
1b_live,cross,480,SOLUSDT,mkt_ret_5,0,0.0
1b_live,cross,480,SOLUSDT,breadth_5,0,0.0
1b_live,cross,480,SOLUSDT,disp_5,0,0.0
1b_live,cross,480,SOLUSDT,relstr_5,0,0.0
1b_live,cross,480,SOLUSDT,rank_5,0,0.0
1b_live,cross,480,SOLUSDT,btc_minus_own_5,0,0.0
1b_live,cross,480,SOLUSDT,eth_minus_own_5,0,0.0
1b_live,cross,480,SOLUSDT,own_ret_15,0,0.0
1b_live,cross,480,SOLUSDT,btc_ret_15,0,0.0
1b_live,cross,480,SOLUSDT,eth_ret_15,0,0.0
1b_live,cross,480,SOLUSDT,mkt_ret_15,0,0.0
1b_live,cross,480,SOLUSDT,breadth_15,0,0.0
1b_live,cross,480,SOLUSDT,disp_15,0,0.0
1b_live,cross,480,SOLUSDT,relstr_15,0,0.0
1b_live,cross,480,SOLUSDT,rank_15,0,0.0
1b_live,cross,480,SOLUSDT,btc_minus_own_15,0,0.0
1b_live,cross,480,SOLUSDT,eth_minus_own_15,0,0.0
1b_live,cross,480,SOLUSDT,own_ret_30,0,0.0
1b_live,cross,480,SOLUSDT,btc_ret_30,0,0.0
1b_live,cross,480,SOLUSDT,eth_ret_30,0,0.0
1b_live,cross,480,SOLUSDT,mkt_ret_30,0,0.0
1b_live,cross,480,SOLUSDT,breadth_30,0,0.0
1b_live,cross,480,SOLUSDT,disp_30,0,0.0
1b_live,cross,480,SOLUSDT,relstr_30,0,0.0
1b_live,cross,480,SOLUSDT,rank_30,0,0.0
1b_live,cross,480,SOLUSDT,btc_minus_own_30,0,0.0
1b_live,cross,480,SOLUSDT,eth_minus_own_30,0,0.0
1b_live,cross,480,SOLUSDT,own_ret_60,0,0.0
1b_live,cross,480,SOLUSDT,btc_ret_60,0,0.0
1b_live,cross,480,SOLUSDT,eth_ret_60,0,0.0
1b_live,cross,480,SOLUSDT,mkt_ret_60,0,0.0
1b_live,cross,480,SOLUSDT,breadth_60,0,0.0
1b_live,cross,480,SOLUSDT,disp_60,0,0.0
1b_live,cross,480,SOLUSDT,relstr_60,0,0.0
1b_live,cross,480,SOLUSDT,rank_60,0,0.0
1b_live,cross,480,SOLUSDT,btc_minus_own_60,0,0.0
1b_live,cross,480,SOLUSDT,eth_minus_own_60,0,0.0
1b_live,cross,480,SOLUSDT,own_ret_180,0,0.0
1b_live,cross,480,SOLUSDT,btc_ret_180,0,0.0
1b_live,cross,480,SOLUSDT,eth_ret_180,0,0.0
1b_live,cross,480,SOLUSDT,mkt_ret_180,0,0.0
1b_live,cross,480,SOLUSDT,breadth_180,0,0.0
1b_live,cross,480,SOLUSDT,disp_180,0,0.0
1b_live,cross,480,SOLUSDT,relstr_180,0,0.0
1b_live,cross,480,SOLUSDT,rank_180,0,0.0
1b_live,cross,480,SOLUSDT,btc_minus_own_180,0,0.0
1b_live,cross,480,SOLUSDT,eth_minus_own_180,0,0.0
1b_live,cross,480,SOLUSDT,own_ret_360,0,0.0
1b_live,cross,480,SOLUSDT,btc_ret_360,0,0.0
1b_live,cross,480,SOLUSDT,eth_ret_360,0,0.0
1b_live,cross,480,SOLUSDT,mkt_ret_360,0,0.0
1b_live,cross,480,SOLUSDT,breadth_360,0,0.0
1b_live,cross,480,SOLUSDT,disp_360,0,0.0
1b_live,cross,480,SOLUSDT,relstr_360,0,0.0
1b_live,cross,480,SOLUSDT,rank_360,0,0.0
1b_live,cross,480,SOLUSDT,btc_minus_own_360,0,0.0
1b_live,cross,480,SOLUSDT,eth_minus_own_360,0,0.0
1b_live,cross,480,SOLUSDT,own_ret_720,0,0.0
1b_live,cross,480,SOLUSDT,btc_ret_720,0,0.0
1b_live,cross,480,SOLUSDT,eth_ret_720,0,0.0
1b_live,cross,480,SOLUSDT,mkt_ret_720,0,0.0
1b_live,cross,480,SOLUSDT,breadth_720,0,0.0
1b_live,cross,480,SOLUSDT,disp_720,0,0.0
1b_live,cross,480,SOLUSDT,relstr_720,0,0.0
1b_live,cross,480,SOLUSDT,rank_720,0,0.0
1b_live,cross,480,SOLUSDT,btc_minus_own_720,0,0.0
1b_live,cross,480,SOLUSDT,eth_minus_own_720,0,0.0
1b_live,cross,480,SOLUSDT,own_ret_1440,0,0.0
1b_live,cross,480,SOLUSDT,btc_ret_1440,0,0.0
1b_live,cross,480,SOLUSDT,eth_ret_1440,0,0.0
1b_live,cross,480,SOLUSDT,mkt_ret_1440,0,0.0
1b_live,cross,480,SOLUSDT,breadth_1440,0,0.0
1b_live,cross,480,SOLUSDT,disp_1440,0,0.0
1b_live,cross,480,SOLUSDT,relstr_1440,0,0.0
1b_live,cross,480,SOLUSDT,rank_1440,0,0.0
1b_live,cross,480,SOLUSDT,btc_minus_own_1440,0,0.0
1b_live,cross,480,SOLUSDT,eth_minus_own_1440,0,0.0
1b_live,micro,480,XRPUSDT,rskew_30,0,6.5312772967729416e-09
1b_live,micro,480,XRPUSDT,rskew_30_xrank,0,0.0
1b_live,micro,480,XRPUSDT,rkurt_30,0,2.0671065215083217e-07
1b_live,micro,480,XRPUSDT,rkurt_30_xrank,0,0.0
1b_live,micro,480,XRPUSDT,roll_30,0,0.0
1b_live,micro,480,XRPUSDT,roll_30_xrank,0,0.0
1b_live,micro,480,XRPUSDT,amihud_30,0,0.0
1b_live,micro,480,XRPUSDT,amihud_30_xrank,0,0.0
1b_live,micro,480,XRPUSDT,kyle_30,0,0.0
1b_live,micro,480,XRPUSDT,kyle_30_xrank,0,0.0
1b_live,micro,480,XRPUSDT,vpin_30,0,0.0
1b_live,micro,480,XRPUSDT,vpin_30_xrank,0,0.0
1b_live,micro,480,XRPUSDT,jump_30,0,1.0086933066588699e-08
1b_live,micro,480,XRPUSDT,jump_30_xrank,0,0.0
1b_live,micro,480,XRPUSDT,vratio_30,0,0.0
1b_live,micro,480,XRPUSDT,vratio_30_xrank,0,0.0
1b_live,micro,480,XRPUSDT,cvd_slope_30,0,0.0
1b_live,micro,480,XRPUSDT,cvd_slope_30_xrank,0,0.0
1b_live,micro,480,XRPUSDT,signac_30,0,0.0
1b_live,micro,480,XRPUSDT,signac_30_xrank,0,0.0
1b_live,micro,480,XRPUSDT,sflow_30,0,0.0
1b_live,micro,480,XRPUSDT,sflow_30_xrank,0,0.0
1b_live,micro,480,XRPUSDT,rskew_120,0,0.0
1b_live,micro,480,XRPUSDT,rskew_120_xrank,0,0.0
1b_live,micro,480,XRPUSDT,rkurt_120,0,1.863107712551937e-08
1b_live,micro,480,XRPUSDT,rkurt_120_xrank,0,0.0
1b_live,micro,480,XRPUSDT,roll_120,0,0.0
1b_live,micro,480,XRPUSDT,roll_120_xrank,0,0.0
1b_live,micro,480,XRPUSDT,amihud_120,0,0.0
1b_live,micro,480,XRPUSDT,amihud_120_xrank,0,0.0
1b_live,micro,480,XRPUSDT,kyle_120,0,0.0
1b_live,micro,480,XRPUSDT,kyle_120_xrank,0,0.0
1b_live,micro,480,XRPUSDT,vpin_120,0,0.0
1b_live,micro,480,XRPUSDT,vpin_120_xrank,0,0.0
1b_live,micro,480,XRPUSDT,jump_120,0,5.179046635994666e-10
1b_live,micro,480,XRPUSDT,jump_120_xrank,0,0.0
1b_live,micro,480,XRPUSDT,vratio_120,0,0.0
1b_live,micro,480,XRPUSDT,vratio_120_xrank,0,0.0
1b_live,micro,480,XRPUSDT,cvd_slope_120,0,0.0
1b_live,micro,480,XRPUSDT,cvd_slope_120_xrank,0,0.0
1b_live,micro,480,XRPUSDT,signac_120,0,0.0
1b_live,micro,480,XRPUSDT,signac_120_xrank,0,0.0
1b_live,micro,480,XRPUSDT,sflow_120,0,0.0
1b_live,micro,480,XRPUSDT,sflow_120_xrank,0,0.0
1b_live,micro,480,XRPUSDT,rskew_480,0,0.0
1b_live,micro,480,XRPUSDT,rskew_480_xrank,0,0.0
1b_live,micro,480,XRPUSDT,rkurt_480,0,0.0
1b_live,micro,480,XRPUSDT,rkurt_480_xrank,0,0.0
1b_live,micro,480,XRPUSDT,roll_480,0,0.0
1b_live,micro,480,XRPUSDT,roll_480_xrank,0,0.0
1b_live,micro,480,XRPUSDT,amihud_480,0,0.0
1b_live,micro,480,XRPUSDT,amihud_480_xrank,0,0.0
1b_live,micro,480,XRPUSDT,kyle_480,0,0.0
1b_live,micro,480,XRPUSDT,kyle_480_xrank,0,0.0
1b_live,micro,480,XRPUSDT,vpin_480,0,0.0
1b_live,micro,480,XRPUSDT,vpin_480_xrank,0,0.0
1b_live,micro,480,XRPUSDT,jump_480,0,2.2014942646642055e-10
1b_live,micro,480,XRPUSDT,jump_480_xrank,0,0.0
1b_live,micro,480,XRPUSDT,vratio_480,0,0.0
1b_live,micro,480,XRPUSDT,vratio_480_xrank,0,0.0
1b_live,micro,480,XRPUSDT,cvd_slope_480,0,0.0
1b_live,micro,480,XRPUSDT,cvd_slope_480_xrank,0,0.0
1b_live,micro,480,XRPUSDT,signac_480,0,0.0
1b_live,micro,480,XRPUSDT,signac_480_xrank,0,0.0
1b_live,micro,480,XRPUSDT,sflow_480,0,0.0
1b_live,micro,480,XRPUSDT,sflow_480_xrank,0,0.0
1b_live,cross,480,XRPUSDT,own_ret_1,0,0.0
1b_live,cross,480,XRPUSDT,btc_ret_1,0,0.0
1b_live,cross,480,XRPUSDT,eth_ret_1,0,0.0
1b_live,cross,480,XRPUSDT,mkt_ret_1,0,0.0
1b_live,cross,480,XRPUSDT,breadth_1,0,0.0
1b_live,cross,480,XRPUSDT,disp_1,0,0.0
1b_live,cross,480,XRPUSDT,relstr_1,0,0.0
1b_live,cross,480,XRPUSDT,rank_1,0,0.0
1b_live,cross,480,XRPUSDT,btc_minus_own_1,0,0.0
1b_live,cross,480,XRPUSDT,eth_minus_own_1,0,0.0
1b_live,cross,480,XRPUSDT,own_ret_5,0,0.0
1b_live,cross,480,XRPUSDT,btc_ret_5,0,0.0
1b_live,cross,480,XRPUSDT,eth_ret_5,0,0.0
1b_live,cross,480,XRPUSDT,mkt_ret_5,0,0.0
1b_live,cross,480,XRPUSDT,breadth_5,0,0.0
1b_live,cross,480,XRPUSDT,disp_5,0,0.0
1b_live,cross,480,XRPUSDT,relstr_5,0,0.0
1b_live,cross,480,XRPUSDT,rank_5,0,0.0
1b_live,cross,480,XRPUSDT,btc_minus_own_5,0,0.0
1b_live,cross,480,XRPUSDT,eth_minus_own_5,0,0.0
1b_live,cross,480,XRPUSDT,own_ret_15,0,0.0
1b_live,cross,480,XRPUSDT,btc_ret_15,0,0.0
1b_live,cross,480,XRPUSDT,eth_ret_15,0,0.0
1b_live,cross,480,XRPUSDT,mkt_ret_15,0,0.0
1b_live,cross,480,XRPUSDT,breadth_15,0,0.0
1b_live,cross,480,XRPUSDT,disp_15,0,0.0
1b_live,cross,480,XRPUSDT,relstr_15,0,0.0
1b_live,cross,480,XRPUSDT,rank_15,0,0.0
1b_live,cross,480,XRPUSDT,btc_minus_own_15,0,0.0
1b_live,cross,480,XRPUSDT,eth_minus_own_15,0,0.0
1b_live,cross,480,XRPUSDT,own_ret_30,0,0.0
1b_live,cross,480,XRPUSDT,btc_ret_30,0,0.0
1b_live,cross,480,XRPUSDT,eth_ret_30,0,0.0
1b_live,cross,480,XRPUSDT,mkt_ret_30,0,0.0
1b_live,cross,480,XRPUSDT,breadth_30,0,0.0
1b_live,cross,480,XRPUSDT,disp_30,0,0.0
1b_live,cross,480,XRPUSDT,relstr_30,0,0.0
1b_live,cross,480,XRPUSDT,rank_30,0,0.0
1b_live,cross,480,XRPUSDT,btc_minus_own_30,0,0.0
1b_live,cross,480,XRPUSDT,eth_minus_own_30,0,0.0
1b_live,cross,480,XRPUSDT,own_ret_60,0,0.0
1b_live,cross,480,XRPUSDT,btc_ret_60,0,0.0
1b_live,cross,480,XRPUSDT,eth_ret_60,0,0.0
1b_live,cross,480,XRPUSDT,mkt_ret_60,0,0.0
1b_live,cross,480,XRPUSDT,breadth_60,0,0.0
1b_live,cross,480,XRPUSDT,disp_60,0,0.0
1b_live,cross,480,XRPUSDT,relstr_60,0,0.0
1b_live,cross,480,XRPUSDT,rank_60,0,0.0
1b_live,cross,480,XRPUSDT,btc_minus_own_60,0,0.0
1b_live,cross,480,XRPUSDT,eth_minus_own_60,0,0.0
1b_live,cross,480,XRPUSDT,own_ret_180,0,0.0
1b_live,cross,480,XRPUSDT,btc_ret_180,0,0.0
1b_live,cross,480,XRPUSDT,eth_ret_180,0,0.0
1b_live,cross,480,XRPUSDT,mkt_ret_180,0,0.0
1b_live,cross,480,XRPUSDT,breadth_180,0,0.0
1b_live,cross,480,XRPUSDT,disp_180,0,0.0
1b_live,cross,480,XRPUSDT,relstr_180,0,0.0
1b_live,cross,480,XRPUSDT,rank_180,0,0.0
1b_live,cross,480,XRPUSDT,btc_minus_own_180,0,0.0
1b_live,cross,480,XRPUSDT,eth_minus_own_180,0,0.0
1b_live,cross,480,XRPUSDT,own_ret_360,0,0.0
1b_live,cross,480,XRPUSDT,btc_ret_360,0,0.0
1b_live,cross,480,XRPUSDT,eth_ret_360,0,0.0
1b_live,cross,480,XRPUSDT,mkt_ret_360,0,0.0
1b_live,cross,480,XRPUSDT,breadth_360,0,0.0
1b_live,cross,480,XRPUSDT,disp_360,0,0.0
1b_live,cross,480,XRPUSDT,relstr_360,0,0.0
1b_live,cross,480,XRPUSDT,rank_360,0,0.0
1b_live,cross,480,XRPUSDT,btc_minus_own_360,0,0.0
1b_live,cross,480,XRPUSDT,eth_minus_own_360,0,0.0
1b_live,cross,480,XRPUSDT,own_ret_720,0,0.0
1b_live,cross,480,XRPUSDT,btc_ret_720,0,0.0
1b_live,cross,480,XRPUSDT,eth_ret_720,0,0.0
1b_live,cross,480,XRPUSDT,mkt_ret_720,0,0.0
1b_live,cross,480,XRPUSDT,breadth_720,0,0.0
1b_live,cross,480,XRPUSDT,disp_720,0,0.0
1b_live,cross,480,XRPUSDT,relstr_720,0,0.0
1b_live,cross,480,XRPUSDT,rank_720,0,0.0
1b_live,cross,480,XRPUSDT,btc_minus_own_720,0,0.0
1b_live,cross,480,XRPUSDT,eth_minus_own_720,0,0.0
1b_live,cross,480,XRPUSDT,own_ret_1440,0,0.0
1b_live,cross,480,XRPUSDT,btc_ret_1440,0,0.0
1b_live,cross,480,XRPUSDT,eth_ret_1440,0,0.0
1b_live,cross,480,XRPUSDT,mkt_ret_1440,0,0.0
1b_live,cross,480,XRPUSDT,breadth_1440,0,0.0
1b_live,cross,480,XRPUSDT,disp_1440,0,0.0
1b_live,cross,480,XRPUSDT,relstr_1440,0,0.0
1b_live,cross,480,XRPUSDT,rank_1440,0,0.0
1b_live,cross,480,XRPUSDT,btc_minus_own_1440,0,0.0
1b_live,cross,480,XRPUSDT,eth_minus_own_1440,0,0.0
